ISO-10303-21;
HEADER;

/* File generated by HOOPS Exchange Version 24.2.0 */

FILE_DESCRIPTION(('HOOPS Exchange Step'),'2;1');

FILE_NAME('D:\\Projects\\github\\modeling\\keyball44\\keyball_trackball_case_25mm_type_c.stp',
'2024-09-04T01:25:55-15:00',
('FFFPS'),
('Unknown organisation'),
'HOOPS Exchange 2024.2',
'HOOPS Exchange',
'Unknown authorisation');

FILE_SCHEMA( ('AP203_CONFIGURATION_CONTROLLED_3D_DESIGN_OF_MECHANICAL_PARTS_AND_ASSEMBLIES_MIM_LF') );

ENDSEC;

DATA;
#3=(NAMED_UNIT(*)PLANE_ANGLE_UNIT()SI_UNIT($,.RADIAN.));
#4=PLANE_ANGLE_MEASURE_WITH_UNIT(PLANE_ANGLE_MEASURE(0.0174532925),#3);
#5=(CONVERSION_BASED_UNIT('DEGREE',#4)NAMED_UNIT(#6)PLANE_ANGLE_UNIT());
#6=DIMENSIONAL_EXPONENTS(0.,0.,0.,0.,0.,0.,0.);
#7=(NAMED_UNIT(*)SI_UNIT($,.STERADIAN.)SOLID_ANGLE_UNIT());
#8=(LENGTH_UNIT()NAMED_UNIT(*)SI_UNIT(.MILLI.,.METRE.));
#9=UNCERTAINTY_MEASURE_WITH_UNIT(LENGTH_MEASURE(1.000000E-05),#8,'DISTANCE_ACCURACY_VALUE','Maximum Tolerance applied to model');
#10=(GEOMETRIC_REPRESENTATION_CONTEXT(3)GLOBAL_UNCERTAINTY_ASSIGNED_CONTEXT((#9))GLOBAL_UNIT_ASSIGNED_CONTEXT((#8,#5,#7))REPRESENTATION_CONTEXT('','right'));
#12=CARTESIAN_POINT('',(0.,0.,0.));
#13=DIRECTION('',(0.,0.,1.));
#14=DIRECTION('',(1.,0.,0.));
#15=AXIS2_PLACEMENT_3D('',#12,#13,#14);
#27=CARTESIAN_POINT('',(9.593748297,7.218000212,-8.60988135));
#28=CARTESIAN_POINT('',(11.593876467,5.058330627,-8.60988135));
#29=CARTESIAN_POINT('',(12.422713381,2.454872959,-8.60988135));
#30=CARTESIAN_POINT('',(12.422713381,0.,-8.60988135));
#31=CARTESIAN_POINT('',(12.422713381,-2.454872959,-8.60988135));
#32=CARTESIAN_POINT('',(11.593876467,-5.058330628,-8.60988135));
#33=CARTESIAN_POINT('',(9.593748296,-7.218000212,-8.60988135));
#34=CARTESIAN_POINT('',(9.221349883,6.873112012,-9.406587566));
#35=CARTESIAN_POINT('',(11.125908563,4.816635075,-9.406587566));
#36=CARTESIAN_POINT('',(11.915142254,2.337574997,-9.406587566));
#37=CARTESIAN_POINT('',(11.915142254,0.,-9.406587566));
#38=CARTESIAN_POINT('',(11.915142254,-2.337574997,-9.406587566));
#39=CARTESIAN_POINT('',(11.125908563,-4.816635075,-9.406587566));
#40=CARTESIAN_POINT('',(9.221349883,-6.873112012,-9.406587566));
#41=CARTESIAN_POINT('',(8.84895147,6.528223811,-10.203293783));
#42=CARTESIAN_POINT('',(10.657940659,4.574939523,-10.203293783));
#43=CARTESIAN_POINT('',(11.407571127,2.220277035,-10.203293783));
#44=CARTESIAN_POINT('',(11.407571127,0.,-10.203293783));
#45=CARTESIAN_POINT('',(11.407571127,-2.220277035,-10.203293783));
#46=CARTESIAN_POINT('',(10.657940659,-4.574939523,-10.203293783));
#47=CARTESIAN_POINT('',(8.84895147,-6.528223811,-10.203293783));
#48=CARTESIAN_POINT('',(8.476553057,6.183335611,-11.));
#49=CARTESIAN_POINT('',(10.189972755,4.333243971,-11.));
#50=CARTESIAN_POINT('',(10.9,2.102979072,-11.));
#51=CARTESIAN_POINT('',(10.9,0.,-11.));
#52=CARTESIAN_POINT('',(10.9,-2.102979072,-11.));
#53=CARTESIAN_POINT('',(10.189972755,-4.333243971,-11.));
#54=CARTESIAN_POINT('',(8.476553057,-6.183335611,-11.));
#55=CARTESIAN_POINT('',(7.425149656,5.209602603,-13.249364112));
#56=CARTESIAN_POINT('',(8.868745197,3.650857804,-13.249364112));
#57=CARTESIAN_POINT('',(9.466959497,1.771808282,-13.249364112));
#58=CARTESIAN_POINT('',(9.466959497,0.,-13.249364112));
#59=CARTESIAN_POINT('',(9.466959497,-1.771808282,-13.249364112));
#60=CARTESIAN_POINT('',(8.868745197,-3.650857804,-13.249364112));
#61=CARTESIAN_POINT('',(7.425149656,-5.209602603,-13.249364112));
#62=CARTESIAN_POINT('',(6.777001448,4.60933509,-15.582697446));
#63=CARTESIAN_POINT('',(8.054261172,3.230193983,-15.582697446));
#64=CARTESIAN_POINT('',(8.583547256,1.567654716,-15.582697446));
#65=CARTESIAN_POINT('',(8.583547256,0.,-15.582697446));
#66=CARTESIAN_POINT('',(8.583547256,-1.567654716,-15.582697446));
#67=CARTESIAN_POINT('',(8.054261172,-3.230193983,-15.582697446));
#68=CARTESIAN_POINT('',(6.777001448,-4.60933509,-15.582697446));
#69=CARTESIAN_POINT('',(6.532108432,4.382533072,-18.));
#70=CARTESIAN_POINT('',(7.746520679,3.071252509,-18.));
#71=CARTESIAN_POINT('',(8.249763278,1.490518373,-18.));
#72=CARTESIAN_POINT('',(8.249763278,0.,-18.));
#73=CARTESIAN_POINT('',(8.249763278,-1.490518373,-18.));
#74=CARTESIAN_POINT('',(7.746520679,-3.07125251,-18.));
#75=CARTESIAN_POINT('',(6.532108432,-4.382533072,-18.));
#76=(BOUNDED_SURFACE()
B_SPLINE_SURFACE(3,3,((#27,#28,#29,#30,#31,#32,#33),(#34,#35,#36,#37,#38,#39,#40),(#41,#42,#43,#44,#45,#46,#47),(#48,#49,#50,#51,#52,#53,#54),(#55,#56,#57,#58,#59,#60,#61),(#62,#63,#64,#65,#66,#67,#68),(#69,#70,#71,#72,#73,#74,#75)),.UNSPECIFIED.,.F.,.F.,.U.)
B_SPLINE_SURFACE_WITH_KNOTS((4,3,4),(4,3,4),(-0.264183281,0.,0.745876433),(0.359212956,0.5,0.640787044),.UNSPECIFIED.)
GEOMETRIC_REPRESENTATION_ITEM()
RATIONAL_B_SPLINE_SURFACE(((0.595419759,0.677423861,0.812283942,1.,0.812283942,0.677423861,0.595419759),(0.595419759,0.677423861,0.812283942,1.,0.812283942,0.677423861,0.595419759),(0.595419759,0.677423861,0.812283942,1.,0.812283942,0.677423861,0.595419759),(0.595419759,0.677423861,0.812283942,1.,0.812283942,0.677423861,0.595419759),(0.595419759,0.677423861,0.812283942,1.,0.812283942,0.677423861,0.595419759),(0.595419759,0.677423861,0.812283942,1.,0.812283942,0.677423861,0.595419759),(0.595419759,0.677423861,0.812283942,1.,0.812283942,0.677423861,0.595419759)))
REPRESENTATION_ITEM('')
SURFACE()
);
#77=CARTESIAN_POINT('',(7.156081986,-3.593303786,-18.));
#78=VERTEX_POINT('',#77);
#79=CARTESIAN_POINT('',(8.822716823,-6.48,-10.28491431));
#80=VERTEX_POINT('',#79);
#81=CARTESIAN_POINT('',(7.156081986,-3.593303786,-18.));
#82=CARTESIAN_POINT('',(7.264360612,-3.780847867,-16.5921122));
#83=CARTESIAN_POINT('',(7.471882099,-4.140285626,-15.249983654));
#84=CARTESIAN_POINT('',(7.759095812,-4.637754369,-13.960659927));
#85=CARTESIAN_POINT('',(7.902702669,-4.886488741,-13.315998064));
#86=CARTESIAN_POINT('',(8.066947289,-5.170968768,-12.683143826));
#87=CARTESIAN_POINT('',(8.24645374,-5.481883061,-12.072056927));
#88=CARTESIAN_POINT('',(8.336206965,-5.637340208,-11.766513477));
#89=CARTESIAN_POINT('',(8.429901782,-5.799624392,-11.465786155));
#90=CARTESIAN_POINT('',(8.527266925,-5.968265765,-11.169543509));
#91=CARTESIAN_POINT('',(8.575949496,-6.052586452,-11.021422185));
#92=CARTESIAN_POINT('',(8.625633422,-6.138641536,-10.874524391));
#93=CARTESIAN_POINT('',(8.674944268,-6.224050428,-10.727170741));
#94=CARTESIAN_POINT('',(8.724255115,-6.30945932,-10.579817092));
#95=CARTESIAN_POINT('',(8.773510962,-6.39477295,-10.432396239));
#96=CARTESIAN_POINT('',(8.822716823,-6.48,-10.28491431));
#97=B_SPLINE_CURVE_WITH_KNOTS('',3,(#81,#82,#83,#84,#85,#86,#87,#88,#89,#90,#91,#92,#93,#94,#95,#96),.UNSPECIFIED.,.F.,.F.,(4,3,3,3,3,4),(0.,0.00421367,0.006320505,0.007373923,0.007900632,0.00842734),.UNSPECIFIED.);
#98=EDGE_CURVE('',#78,#80,#97,.T.);
#99=ORIENTED_EDGE('',*,*,#98,.F.);
#100=CARTESIAN_POINT('',(7.156081986,3.593303786,-18.));
#101=VERTEX_POINT('',#100);
#102=CARTESIAN_POINT('',(1.8,-0.,-18.));
#103=DIRECTION('',(-0.,0.,1.));
#104=DIRECTION('',(0.,1.,-0.));
#105=AXIS2_PLACEMENT_3D('',#102,#103,#104);
#106=CIRCLE('',#105,6.449763278);
#107=EDGE_CURVE('',#78,#101,#106,.T.);
#108=ORIENTED_EDGE('',*,*,#107,.T.);
#109=CARTESIAN_POINT('',(8.822716823,6.48,-10.28491431));
#110=VERTEX_POINT('',#109);
#111=CARTESIAN_POINT('',(7.156081986,3.593303786,-18.));
#112=CARTESIAN_POINT('',(7.264360612,3.780847867,-16.5921122));
#113=CARTESIAN_POINT('',(7.471882099,4.140285626,-15.249983654));
#114=CARTESIAN_POINT('',(7.759095812,4.637754369,-13.960659927));
#115=CARTESIAN_POINT('',(7.902702669,4.886488741,-13.315998064));
#116=CARTESIAN_POINT('',(8.066947289,5.170968768,-12.683143826));
#117=CARTESIAN_POINT('',(8.24645374,5.481883061,-12.072056927));
#118=CARTESIAN_POINT('',(8.336206965,5.637340208,-11.766513477));
#119=CARTESIAN_POINT('',(8.429901782,5.799624392,-11.465786155));
#120=CARTESIAN_POINT('',(8.527266925,5.968265765,-11.169543509));
#121=CARTESIAN_POINT('',(8.575949496,6.052586452,-11.021422185));
#122=CARTESIAN_POINT('',(8.625633422,6.138641536,-10.874524391));
#123=CARTESIAN_POINT('',(8.674944268,6.224050428,-10.727170741));
#124=CARTESIAN_POINT('',(8.724255115,6.30945932,-10.579817092));
#125=CARTESIAN_POINT('',(8.773510962,6.39477295,-10.432396239));
#126=CARTESIAN_POINT('',(8.822716823,6.48,-10.28491431));
#127=B_SPLINE_CURVE_WITH_KNOTS('',3,(#111,#112,#113,#114,#115,#116,#117,#118,#119,#120,#121,#122,#123,#124,#125,#126),.UNSPECIFIED.,.F.,.F.,(4,3,3,3,3,4),(0.,0.00421367,0.006320505,0.007373923,0.007900632,0.00842734),.UNSPECIFIED.);
#128=EDGE_CURVE('',#101,#110,#127,.T.);
#129=ORIENTED_EDGE('',*,*,#128,.T.);
#130=CARTESIAN_POINT('',(8.851033997,6.530152495,-10.198838443));
#131=VERTEX_POINT('',#130);
#132=CARTESIAN_POINT('',(8.851033997,6.530152495,-10.198838443));
#133=CARTESIAN_POINT('',(8.84173865,6.513314009,-10.227502373));
#134=CARTESIAN_POINT('',(8.832298969,6.496596764,-10.256194288));
#135=CARTESIAN_POINT('',(8.822716823,6.48,-10.28491431));
#136=B_SPLINE_CURVE_WITH_KNOTS('',3,(#132,#133,#134,#135),.UNSPECIFIED.,.F.,.F.,(4,4),(0.004218148,0.004320874),.UNSPECIFIED.);
#137=EDGE_CURVE('',#131,#110,#136,.T.);
#138=ORIENTED_EDGE('',*,*,#137,.F.);
#139=CARTESIAN_POINT('',(11.463306547,4.411637583,-8.60988135));
#140=VERTEX_POINT('',#139);
#141=CARTESIAN_POINT('',(11.463306547,4.411637583,-8.60988135));
#142=CARTESIAN_POINT('',(11.363049376,4.480975341,-8.70783686));
#143=CARTESIAN_POINT('',(11.261454147,4.563713813,-8.796394216));
#144=CARTESIAN_POINT('',(11.160298841,4.649883138,-8.878418586));
#145=CARTESIAN_POINT('',(11.059143534,4.736052463,-8.960442956));
#146=CARTESIAN_POINT('',(10.957727823,4.826511304,-9.036435965));
#147=CARTESIAN_POINT('',(10.855252961,4.9183949,-9.108944767));
#148=CARTESIAN_POINT('',(10.650303237,5.102162094,-9.25396237));
#149=CARTESIAN_POINT('',(10.441036335,5.291369858,-9.38525998));
#150=CARTESIAN_POINT('',(10.224996151,5.477437966,-9.510369448));
#151=CARTESIAN_POINT('',(10.008955967,5.663506075,-9.635478915));
#152=CARTESIAN_POINT('',(9.785683818,5.847332364,-9.754273691));
#153=CARTESIAN_POINT('',(9.55643737,6.023849188,-9.868522977));
#154=CARTESIAN_POINT('',(9.327190922,6.200366012,-9.982772264));
#155=CARTESIAN_POINT('',(9.092132564,6.369643561,-10.092371826));
#156=CARTESIAN_POINT('',(8.851033997,6.530152495,-10.198838443));
#157=B_SPLINE_CURVE_WITH_KNOTS('',3,(#141,#142,#143,#144,#145,#146,#147,#148,#149,#150,#151,#152,#153,#154,#155,#156),.UNSPECIFIED.,.F.,.F.,(4,3,3,3,3,4),(0.002387018,0.002854756,0.003322495,0.004257971,0.005193448,0.006128925),.UNSPECIFIED.);
#158=EDGE_CURVE('',#140,#131,#157,.T.);
#159=ORIENTED_EDGE('',*,*,#158,.F.);
#160=CARTESIAN_POINT('',(11.463306547,-4.411637583,-8.60988135));
#161=VERTEX_POINT('',#160);
#162=CARTESIAN_POINT('',(11.463306547,-4.411637583,-8.60988135));
#163=CARTESIAN_POINT('',(11.463306547,-4.08279641,-8.824245345));
#164=CARTESIAN_POINT('',(11.463306547,-3.744575317,-9.025120821));
#165=CARTESIAN_POINT('',(11.463306547,-3.393603023,-9.207659807));
#166=CARTESIAN_POINT('',(11.463306547,-3.218116877,-9.2989293));
#167=CARTESIAN_POINT('',(11.463306547,-3.039084353,-9.385695423));
#168=CARTESIAN_POINT('',(11.463306547,-2.858520898,-9.466090823));
#169=CARTESIAN_POINT('',(11.463306547,-2.677957444,-9.546486223));
#170=CARTESIAN_POINT('',(11.463306547,-2.495420199,-9.620763024));
#171=CARTESIAN_POINT('',(11.463306547,-2.310677056,-9.688201712));
#172=CARTESIAN_POINT('',(11.463306547,-1.941190771,-9.823079089));
#173=CARTESIAN_POINT('',(11.463306547,-1.562904704,-9.930677818));
#174=CARTESIAN_POINT('',(11.463306547,-1.173671762,-10.00434207));
#175=CARTESIAN_POINT('',(11.463306547,-0.97905529,-10.041174196));
#176=CARTESIAN_POINT('',(11.463306547,-0.781134803,-10.069450184));
#177=CARTESIAN_POINT('',(11.463306547,-0.584582393,-10.088079607));
#178=CARTESIAN_POINT('',(11.463306547,-0.388029984,-10.106709029));
#179=CARTESIAN_POINT('',(11.463306547,-0.191871761,-10.115926732));
#180=CARTESIAN_POINT('',(11.463306547,0.003895418,-10.115807759));
#181=CARTESIAN_POINT('',(11.463306547,0.395429775,-10.115569813));
#182=CARTESIAN_POINT('',(11.463306547,0.785393611,-10.07783366));
#183=CARTESIAN_POINT('',(11.463306547,1.173858439,-10.004306738));
#184=CARTESIAN_POINT('',(11.463306547,1.368090852,-9.967543278));
#185=CARTESIAN_POINT('',(11.463306547,1.562531055,-9.921610119));
#186=CARTESIAN_POINT('',(11.463306547,1.752877211,-9.86828386));
#187=CARTESIAN_POINT('',(11.463306547,1.943223366,-9.8149576));
#188=CARTESIAN_POINT('',(11.463306547,2.130389347,-9.754125364));
#189=CARTESIAN_POINT('',(11.463306547,2.314765338,-9.686708076));
#190=CARTESIAN_POINT('',(11.463306547,2.683517318,-9.551873501));
#191=CARTESIAN_POINT('',(11.463306547,3.041153766,-9.390803589));
#192=CARTESIAN_POINT('',(11.463306547,3.390189656,-9.209434288));
#193=CARTESIAN_POINT('',(11.463306547,3.739225546,-9.028064987));
#194=CARTESIAN_POINT('',(11.463306547,4.080766464,-8.825568623));
#195=CARTESIAN_POINT('',(11.463306547,4.411637583,-8.60988135));
#196=B_SPLINE_CURVE_WITH_KNOTS('',3,(#162,#163,#164,#165,#166,#167,#168,#169,#170,#171,#172,#173,#174,#175,#176,#177,#178,#179,#180,#181,#182,#183,#184,#185,#186,#187,
#188,#189,#190,#191,#192,#193,#194,#195),.UNSPECIFIED.,.F.,.F.,(4,3,3,3,3,3,3,3,3,3,3,4),(0.002637113,0.003814209,0.004402756,0.004991304,0.006168399,0.006756947,0.007345494,0.00852259,0.009111137,0.009699685,0.01087678,0.012053876),.UNSPECIFIED.);
#197=EDGE_CURVE('',#161,#140,#196,.T.);
#198=ORIENTED_EDGE('',*,*,#197,.F.);
#199=CARTESIAN_POINT('',(8.851033997,-6.530152495,-10.198838443));
#200=VERTEX_POINT('',#199);
#201=CARTESIAN_POINT('',(8.851033997,-6.530152495,-10.198838443));
#202=CARTESIAN_POINT('',(9.094527336,-6.36805151,-10.091314066));
#203=CARTESIAN_POINT('',(9.33098416,-6.197572092,-9.980965174));
#204=CARTESIAN_POINT('',(9.560232558,-6.020925885,-9.86663088));
#205=CARTESIAN_POINT('',(9.789480957,-5.844279678,-9.752296585));
#206=CARTESIAN_POINT('',(10.011724291,-5.661195488,-9.633971271));
#207=CARTESIAN_POINT('',(10.227942924,-5.474899507,-9.50866231));
#208=CARTESIAN_POINT('',(10.444161557,-5.288603526,-9.38335335));
#209=CARTESIAN_POINT('',(10.653642676,-5.09914077,-9.251758841));
#210=CARTESIAN_POINT('',(10.858103667,-4.915839027,-9.106926563));
#211=CARTESIAN_POINT('',(10.960334162,-4.824188155,-9.034510424));
#212=CARTESIAN_POINT('',(11.061363231,-4.734116866,-8.958708659));
#213=CARTESIAN_POINT('',(11.161875791,-4.648540166,-8.877139356));
#214=CARTESIAN_POINT('',(11.262388352,-4.562963467,-8.795570053));
#215=CARTESIAN_POINT('',(11.36230317,-4.481490942,-8.708566213));
#216=CARTESIAN_POINT('',(11.463306547,-4.411637583,-8.60988135));
#217=B_SPLINE_CURVE_WITH_KNOTS('',3,(#201,#202,#203,#204,#205,#206,#207,#208,#209,#210,#211,#212,#213,#214,#215,#216),.UNSPECIFIED.,.F.,.F.,(4,3,3,3,3,4),(0.046651051,0.04758325,0.048515449,0.049447648,0.049913748,0.050379848),.UNSPECIFIED.);
#218=EDGE_CURVE('',#200,#161,#217,.T.);
#219=ORIENTED_EDGE('',*,*,#218,.F.);
#220=CARTESIAN_POINT('',(8.851033997,-6.530152495,-10.198838443));
#221=CARTESIAN_POINT('',(8.84173865,-6.513314009,-10.227502373));
#222=CARTESIAN_POINT('',(8.832298969,-6.496596764,-10.256194288));
#223=CARTESIAN_POINT('',(8.822716823,-6.48,-10.28491431));
#224=B_SPLINE_CURVE_WITH_KNOTS('',3,(#220,#221,#222,#223),.UNSPECIFIED.,.F.,.F.,(4,4),(0.004218148,0.004320874),.UNSPECIFIED.);
#225=EDGE_CURVE('',#200,#80,#224,.T.);
#226=ORIENTED_EDGE('',*,*,#225,.T.);
#227=EDGE_LOOP('',(#99,#108,#129,#138,#159,#198,#219,#226));
#228=FACE_BOUND('',#227,.T.);
#229=ADVANCED_FACE('',(#228),#76,.F.);
#230=CARTESIAN_POINT('',(2.987449415,-8.373020373,-12.081708316));
#231=CARTESIAN_POINT('',(-3.272473694,-9.260793446,-12.081708316));
#232=CARTESIAN_POINT('',(-6.656802367,-4.692276109,-12.081708316));
#233=CARTESIAN_POINT('',(-6.656802367,0.,-12.081708316));
#234=CARTESIAN_POINT('',(2.838971842,-7.326065679,-13.995131866));
#235=CARTESIAN_POINT('',(-2.638216292,-8.102832431,-13.995131866));
#236=CARTESIAN_POINT('',(-5.59937165,-4.10555826,-13.995131866));
#237=CARTESIAN_POINT('',(-5.59937165,0.,-13.995131866));
#238=CARTESIAN_POINT('',(2.745033366,-6.663680597,-15.96789576));
#239=CARTESIAN_POINT('',(-2.236935661,-7.370216105,-15.96789576));
#240=CARTESIAN_POINT('',(-4.93035862,-3.734354853,-15.96789576));
#241=CARTESIAN_POINT('',(-4.93035862,0.,-15.96789576));
#242=CARTESIAN_POINT('',(2.705633985,-6.385865128,-18.));
#243=CARTESIAN_POINT('',(-2.0686318,-7.062944468,-18.));
#244=CARTESIAN_POINT('',(-4.649763278,-3.578665886,-18.));
#245=CARTESIAN_POINT('',(-4.649763278,0.,-18.));
#246=(BOUNDED_SURFACE()
B_SPLINE_SURFACE(3,3,((#230,#231,#232,#233),(#234,#235,#236,#237),(#238,#239,#240,#241),(#242,#243,#244,#245)),.UNSPECIFIED.,.F.,.F.,.U.)
B_SPLINE_SURFACE_WITH_KNOTS((4,4),(4,4),(0.118855765,0.745876433),(0.732360934,1.),.UNSPECIFIED.)
GEOMETRIC_REPRESENTATION_ITEM()
RATIONAL_B_SPLINE_SURFACE(((0.502489093,0.477310943,0.643147912,1.),(0.502489093,0.477310943,0.643147912,1.),(0.502489093,0.477310943,0.643147912,1.),(0.502489093,0.477310943,0.643147912,1.)))
REPRESENTATION_ITEM('')
SURFACE()
);
#247=CARTESIAN_POINT('',(-5.805215086,0.,-13.831105444));
#248=VERTEX_POINT('',#247);
#249=CARTESIAN_POINT('',(-4.649763278,0.,-18.));
#250=VERTEX_POINT('',#249);
#251=CARTESIAN_POINT('',(-5.805215087,0.,-13.831105442));
#252=CARTESIAN_POINT('',(-5.230787119,0.,-15.191824088));
#253=CARTESIAN_POINT('',(-4.84563599,0.,-16.58145942));
#254=CARTESIAN_POINT('',(-4.649761698,0.,-18.00001144));
#255=B_SPLINE_CURVE_WITH_KNOTS('',3,(#251,#252,#253,#254),.UNSPECIFIED.,.F.,.F.,(4,4),(0.308173027,0.745877609),.UNSPECIFIED.);
#256=EDGE_CURVE('',#248,#250,#255,.T.);
#257=ORIENTED_EDGE('',*,*,#256,.T.);
#258=CARTESIAN_POINT('',(1.876792465,-6.449306107,-18.));
#259=VERTEX_POINT('',#258);
#260=CARTESIAN_POINT('',(1.8,-0.,-18.));
#261=DIRECTION('',(-0.,0.,1.));
#262=DIRECTION('',(0.,1.,-0.));
#263=AXIS2_PLACEMENT_3D('',#260,#261,#262);
#264=CIRCLE('',#263,6.449763278);
#265=EDGE_CURVE('',#250,#259,#264,.T.);
#266=ORIENTED_EDGE('',*,*,#265,.T.);
#267=CARTESIAN_POINT('',(2.987449415,-8.373020373,-12.081708316));
#268=VERTEX_POINT('',#267);
#269=CARTESIAN_POINT('',(2.987449415,-8.373020373,-12.081708316));
#270=CARTESIAN_POINT('',(2.717752645,-7.905891865,-12.987128576));
#271=CARTESIAN_POINT('',(2.483472872,-7.500107396,-13.929571225));
#272=CARTESIAN_POINT('',(2.293785412,-7.171559077,-14.91862748));
#273=CARTESIAN_POINT('',(2.198941682,-7.007284918,-15.413155607));
#274=CARTESIAN_POINT('',(2.115067351,-6.862010315,-15.921690076));
#275=CARTESIAN_POINT('',(2.045029358,-6.740700953,-16.436318307));
#276=CARTESIAN_POINT('',(1.974991365,-6.61939159,-16.950946539));
#277=CARTESIAN_POINT('',(1.91859883,-6.521716855,-17.472025532));
#278=CARTESIAN_POINT('',(1.876792465,-6.449306107,-18.));
#279=B_SPLINE_CURVE_WITH_KNOTS('',3,(#269,#270,#271,#272,#273,#274,#275,#276,#277,#278),.UNSPECIFIED.,.F.,.F.,(4,3,3,4),(0.002321924,0.005478764,0.007057184,0.008635603),.UNSPECIFIED.);
#280=EDGE_CURVE('',#268,#259,#279,.T.);
#281=ORIENTED_EDGE('',*,*,#280,.F.);
#282=CARTESIAN_POINT('',(-5.805215086,-0.,-13.831105444));
#283=CARTESIAN_POINT('',(-5.805215086,-0.567858115,-13.831105444));
#284=CARTESIAN_POINT('',(-5.746487716,-1.131351768,-13.821175387));
#285=CARTESIAN_POINT('',(-5.628039846,-1.690405384,-13.801003483));
#286=CARTESIAN_POINT('',(-5.56881591,-1.969932192,-13.790917531));
#287=CARTESIAN_POINT('',(-5.494427398,-2.247839704,-13.778222773));
#288=CARTESIAN_POINT('',(-5.406796035,-2.518087264,-13.763204321));
#289=CARTESIAN_POINT('',(-5.319164671,-2.788334825,-13.748185868));
#290=CARTESIAN_POINT('',(-5.217977161,-3.052605507,-13.730789658));
#291=CARTESIAN_POINT('',(-5.103499418,-3.31101186,-13.710999021));
#292=CARTESIAN_POINT('',(-4.989021675,-3.569418214,-13.691208384));
#293=CARTESIAN_POINT('',(-4.86125407,-3.821960361,-13.669022835));
#294=CARTESIAN_POINT('',(-4.720047822,-4.068566776,-13.644336296));
#295=CARTESIAN_POINT('',(-4.578841574,-4.315173192,-13.619649756));
#296=CARTESIAN_POINT('',(-4.423459725,-4.556638607,-13.592325681));
#297=CARTESIAN_POINT('',(-4.258010959,-4.786914632,-13.562993437));
#298=CARTESIAN_POINT('',(-3.927113428,-5.247466682,-13.504328949));
#299=CARTESIAN_POINT('',(-3.553861113,-5.668629815,-13.437287509));
#300=CARTESIAN_POINT('',(-3.139673048,-6.051565315,-13.361175487));
#301=CARTESIAN_POINT('',(-2.932579015,-6.243033066,-13.323119476));
#302=CARTESIAN_POINT('',(-2.713922271,-6.425766521,-13.282539012));
#303=CARTESIAN_POINT('',(-2.488285823,-6.595999256,-13.240136989));
#304=CARTESIAN_POINT('',(-2.262649376,-6.766231991,-13.197734965));
#305=CARTESIAN_POINT('',(-2.030302712,-6.924011346,-13.153567753));
#306=CARTESIAN_POINT('',(-1.79154332,-7.069832667,-13.107548916));
#307=CARTESIAN_POINT('',(-1.314024536,-7.36147531,-13.015511242));
#308=CARTESIAN_POINT('',(-0.811007459,-7.605581262,-12.916142605));
#309=CARTESIAN_POINT('',(-0.282848754,-7.802277449,-12.807984353));
#310=CARTESIAN_POINT('',(0.24530995,-7.998973636,-12.699826101));
#311=CARTESIAN_POINT('',(0.78307117,-8.14245099,-12.586049042));
#312=CARTESIAN_POINT('',(1.328856786,-8.236882965,-12.465468249));
#313=CARTESIAN_POINT('',(1.601749594,-8.284098952,-12.405177852));
#314=CARTESIAN_POINT('',(1.876698844,-8.318985489,-12.343167469));
#315=CARTESIAN_POINT('',(2.15362553,-8.341667108,-12.279189181));
#316=CARTESIAN_POINT('',(2.430552215,-8.364348726,-12.215210893));
#317=CARTESIAN_POINT('',(2.710375668,-8.374737652,-12.149030412));
#318=CARTESIAN_POINT('',(2.987449415,-8.373020373,-12.081708316));
#319=B_SPLINE_CURVE_WITH_KNOTS('',3,(#282,#283,#284,#285,#286,#287,#288,#289,#290,#291,#292,#293,#294,#295,#296,#297,#298,#299,#300,#301,#302,#303,#304,#305,#306,#307,
#308,#309,#310,#311,#312,#313,#314,#315,#316,#317,#318),.UNSPECIFIED.,.F.,.F.,(4,3,3,3,3,3,3,3,3,3,3,3,4),(0.026416335,0.028128028,0.028983875,0.029839722,0.030695569,0.031551416,0.03326311,0.034118956,0.034974803,0.036686497,0.038398191,0.039254038,0.040109884),.UNSPECIFIED.);
#320=EDGE_CURVE('',#248,#268,#319,.T.);
#321=ORIENTED_EDGE('',*,*,#320,.F.);
#322=EDGE_LOOP('',(#257,#266,#281,#321));
#323=FACE_BOUND('',#322,.T.);
#324=ADVANCED_FACE('',(#323),#246,.F.);
#325=CARTESIAN_POINT('',(0.,0.,0.));
#326=DIRECTION('',(-0.783358996,-0.23949688,0.573576436));
#327=DIRECTION('',(0.548513874,0.16769752,0.819152044));
#328=AXIS2_PLACEMENT_3D('',#325,#326,#327);
#329=SPHERICAL_SURFACE('',#328,15.);
#330=CARTESIAN_POINT('',(9.948518427,3.041567318,10.806287223));
#331=VERTEX_POINT('',#330);
#332=CARTESIAN_POINT('',(11.463306547,3.504684522,9.017194099));
#333=VERTEX_POINT('',#332);
#334=CARTESIAN_POINT('',(0.,0.,0.));
#335=DIRECTION('',(-0.292371705,0.956304756,0.));
#336=DIRECTION('',(0.548513874,0.16769752,0.819152044));
#337=AXIS2_PLACEMENT_3D('',#334,#335,#336);
#338=CIRCLE('',#337,15.);
#339=EDGE_CURVE('',#331,#333,#338,.T.);
#340=ORIENTED_EDGE('',*,*,#339,.T.);
#341=CARTESIAN_POINT('',(11.463306547,9.,3.548605785));
#342=VERTEX_POINT('',#341);
#343=CARTESIAN_POINT('',(11.463306547,0.,0.));
#344=DIRECTION('',(1.,-0.,-0.));
#345=DIRECTION('',(0.,0.,1.));
#346=AXIS2_PLACEMENT_3D('',#343,#344,#345);
#347=CIRCLE('',#346,9.674327006);
#348=EDGE_CURVE('',#342,#333,#347,.T.);
#349=ORIENTED_EDGE('',*,*,#348,.F.);
#350=CARTESIAN_POINT('',(11.463306547,9.,-3.548605785));
#351=VERTEX_POINT('',#350);
#352=CARTESIAN_POINT('',(11.463306546,9.000000001,-3.548605785));
#353=CARTESIAN_POINT('',(11.463304032,9.111804425,-3.265056341));
#354=CARTESIAN_POINT('',(11.467763472,9.204093979,-2.977506716));
#355=CARTESIAN_POINT('',(11.473222873,9.281482286,-2.686864991));
#356=CARTESIAN_POINT('',(11.478682273,9.358870594,-2.396223265));
#357=CARTESIAN_POINT('',(11.485235289,9.421220337,-2.102462265));
#358=CARTESIAN_POINT('',(11.491091834,9.470648786,-1.805995577));
#359=CARTESIAN_POINT('',(11.49694838,9.520077235,-1.509528888));
#360=CARTESIAN_POINT('',(11.502136641,9.556544907,-1.210348718));
#361=CARTESIAN_POINT('',(11.505707846,9.580872216,-0.908611337));
#362=CARTESIAN_POINT('',(11.50927905,9.605199526,-0.606873956));
#363=CARTESIAN_POINT('',(11.511213202,9.617218113,-0.303305149));
#364=CARTESIAN_POINT('',(11.511220612,9.617265557,-0.001796208));
#365=CARTESIAN_POINT('',(11.511235433,9.617360445,0.601221674));
#366=CARTESIAN_POINT('',(11.503021485,9.57096322,1.200488658));
#367=CARTESIAN_POINT('',(11.491296936,9.472376598,1.795599157));
#368=CARTESIAN_POINT('',(11.485434661,9.423083286,2.093154406));
#369=CARTESIAN_POINT('',(11.478793323,9.360216844,2.390751975));
#370=CARTESIAN_POINT('',(11.473278349,9.282267577,2.683913664));
#371=CARTESIAN_POINT('',(11.467763376,9.20431831,2.977075352));
#372=CARTESIAN_POINT('',(11.463305427,9.111549486,3.265696512));
#373=CARTESIAN_POINT('',(11.463306546,9.,3.548605785));
#374=B_SPLINE_CURVE_WITH_KNOTS('',3,(#352,#353,#354,#355,#356,#357,#358,#359,#360,#361,#362,#363,#364,#365,#366,#367,#368,#369,#370,#371,#372,#373),.UNSPECIFIED.,.F.,.F.,(4,3,3,3,3,3,3,4),(0.000000537,0.000901642,0.001802746,0.00270385,0.003604955,0.005407163,0.006308267,0.007209372),.UNSPECIFIED.);
#375=EDGE_CURVE('',#351,#342,#374,.T.);
#376=ORIENTED_EDGE('',*,*,#375,.F.);
#377=CARTESIAN_POINT('',(11.463306547,0.,0.));
#378=DIRECTION('',(1.,-0.,-0.));
#379=DIRECTION('',(0.,0.,1.));
#380=AXIS2_PLACEMENT_3D('',#377,#378,#379);
#381=CIRCLE('',#380,9.674327006);
#382=EDGE_CURVE('',#140,#351,#381,.T.);
#383=ORIENTED_EDGE('',*,*,#382,.F.);
#384=ORIENTED_EDGE('',*,*,#158,.T.);
#385=CARTESIAN_POINT('',(7.724592938,10.577993752,-7.310037232));
#386=VERTEX_POINT('',#385);
#387=CARTESIAN_POINT('',(3.6265644,9.48,-11.044348358));
#388=CARTESIAN_POINT('',(3.716802828,9.636294665,-10.88056066));
#389=CARTESIAN_POINT('',(3.820441753,9.783143567,-10.712367089));
#390=CARTESIAN_POINT('',(3.935127594,9.91858973,-10.542122584));
#391=CARTESIAN_POINT('',(4.049813435,10.054035893,-10.37187808));
#392=CARTESIAN_POINT('',(4.17433669,10.176914265,-10.201216509));
#393=CARTESIAN_POINT('',(4.307964641,10.287889344,-10.029993694));
#394=CARTESIAN_POINT('',(4.441592591,10.398864422,-9.85877088));
#395=CARTESIAN_POINT('',(4.584319255,10.497939388,-9.686984197));
#396=CARTESIAN_POINT('',(4.736384406,10.584821197,-9.514632047));
#397=CARTESIAN_POINT('',(4.888449556,10.671703005,-9.342279898));
#398=CARTESIAN_POINT('',(5.04886883,10.745623035,-9.170586056));
#399=CARTESIAN_POINT('',(5.214936808,10.804977563,-9.00316022));
#400=CARTESIAN_POINT('',(5.381004787,10.864332091,-8.835734385));
#401=CARTESIAN_POINT('',(5.553539924,10.909681436,-8.671563796));
#402=CARTESIAN_POINT('',(5.733849454,10.939581734,-8.51166975));
#403=CARTESIAN_POINT('',(5.914158983,10.969482032,-8.351775704));
#404=CARTESIAN_POINT('',(6.10317669,10.984065758,-8.195279885));
#405=CARTESIAN_POINT('',(6.3010128,10.979027724,-8.047247227));
#406=CARTESIAN_POINT('',(6.498848911,10.973989689,-7.899214568));
#407=CARTESIAN_POINT('',(6.701508701,10.949748662,-7.76234106));
#408=CARTESIAN_POINT('',(6.912108913,10.900169059,-7.642582342));
#409=CARTESIAN_POINT('',(7.017409019,10.875379258,-7.582702983));
#410=CARTESIAN_POINT('',(7.124317342,10.844147825,-7.527525742));
#411=CARTESIAN_POINT('',(7.230735501,10.806264863,-7.479378573));
#412=CARTESIAN_POINT('',(7.33715366,10.7683819,-7.431231404));
#413=CARTESIAN_POINT('',(7.443716881,10.723729102,-7.389723944));
#414=CARTESIAN_POINT('',(7.550595116,10.671067567,-7.356414233));
#415=CARTESIAN_POINT('',(7.764351587,10.565744498,-7.28979481));
#416=CARTESIAN_POINT('',(7.973209864,10.430286979,-7.259382087));
#417=CARTESIAN_POINT('',(8.162377318,10.270235022,-7.273092128));
#418=CARTESIAN_POINT('',(8.256961045,10.190209044,-7.279947149));
#419=CARTESIAN_POINT('',(8.344774426,10.105907703,-7.297296881));
#420=CARTESIAN_POINT('',(8.4264283,10.017677839,-7.32403146));
#421=CARTESIAN_POINT('',(8.508082175,9.929447975,-7.350766038));
#422=CARTESIAN_POINT('',(8.583960316,9.836576129,-7.38732376));
#423=CARTESIAN_POINT('',(8.651664235,9.743393414,-7.430679024));
#424=CARTESIAN_POINT('',(8.719368153,9.650210699,-7.474034287));
#425=CARTESIAN_POINT('',(8.779666033,9.55601518,-7.524304246));
#426=CARTESIAN_POINT('',(8.833697815,9.460817514,-7.580152695));
#427=CARTESIAN_POINT('',(8.887729597,9.365619848,-7.636001145));
#428=CARTESIAN_POINT('',(8.935715104,9.268799815,-7.697892979));
#429=CARTESIAN_POINT('',(8.977292714,9.172856404,-7.763177244));
#430=CARTESIAN_POINT('',(9.060447935,8.980969583,-7.893745774));
#431=CARTESIAN_POINT('',(9.119004225,8.792084156,-8.037605439));
#432=CARTESIAN_POINT('',(9.158942561,8.604397363,-8.190123147));
#433=CARTESIAN_POINT('',(9.198880898,8.416710571,-8.342640856));
#434=CARTESIAN_POINT('',(9.219750224,8.229458516,-8.504823653));
#435=CARTESIAN_POINT('',(9.223867783,8.048090928,-8.668823193));
#436=CARTESIAN_POINT('',(9.227985342,7.866723339,-8.832822732));
#437=CARTESIAN_POINT('',(9.215721564,7.68979412,-8.999832246));
#438=CARTESIAN_POINT('',(9.188610452,7.516445489,-9.169104927));
#439=CARTESIAN_POINT('',(9.16149934,7.343096859,-9.338377609));
#440=CARTESIAN_POINT('',(9.119314009,7.172823564,-9.510485049));
#441=CARTESIAN_POINT('',(9.062521339,7.007152132,-9.683518264));
#442=CARTESIAN_POINT('',(9.00572867,6.841480699,-9.85655148));
#443=CARTESIAN_POINT('',(8.935138239,6.682507019,-10.02829865));
#444=CARTESIAN_POINT('',(8.851033997,6.530152495,-10.198838443));
#445=B_SPLINE_CURVE_WITH_KNOTS('',3,(#387,#388,#389,#390,#391,#392,#393,#394,#395,#396,#397,#398,#399,#400,#401,#402,#403,#404,#405,#406,#407,#408,#409,#410,#411,#412,
#413,#414,#415,#416,#417,#418,#419,#420,#421,#422,#423,#424,#425,#426,#427,#428,#429,#430,#431,#432,#433,#434,#435,#436,#437,
#438,#439,#440,#441,#442,#443,#444),.UNSPECIFIED.,.F.,.F.,(4,3,3,3,3,3,3,3,3,3,3,3,3,3,3,3,3,3,3,4),(0.00380132,0.004546628,0.005291935,0.006037243,0.00678255,0.007527858,0.008273165,0.009018473,0.009391126,0.00976378,0.010509088,0.010881742,0.011254395,0.011627049,0.011999703,0.01274501,0.013490318,0.014235625,0.014980933,0.015726241),.UNSPECIFIED.);
#446=EDGE_CURVE('',#386,#131,#445,.T.);
#447=ORIENTED_EDGE('',*,*,#446,.F.);
#448=CARTESIAN_POINT('',(3.6265644,9.48,-11.044348358));
#449=VERTEX_POINT('',#448);
#450=CARTESIAN_POINT('',(3.6265644,9.48,-11.044348358));
#451=CARTESIAN_POINT('',(3.716802828,9.636294665,-10.88056066));
#452=CARTESIAN_POINT('',(3.820441753,9.783143567,-10.712367089));
#453=CARTESIAN_POINT('',(3.935127594,9.91858973,-10.542122584));
#454=CARTESIAN_POINT('',(4.049813435,10.054035893,-10.37187808));
#455=CARTESIAN_POINT('',(4.17433669,10.176914265,-10.201216509));
#456=CARTESIAN_POINT('',(4.307964641,10.287889344,-10.029993694));
#457=CARTESIAN_POINT('',(4.441592591,10.398864422,-9.85877088));
#458=CARTESIAN_POINT('',(4.584319255,10.497939388,-9.686984197));
#459=CARTESIAN_POINT('',(4.736384406,10.584821197,-9.514632047));
#460=CARTESIAN_POINT('',(4.888449556,10.671703005,-9.342279898));
#461=CARTESIAN_POINT('',(5.04886883,10.745623035,-9.170586056));
#462=CARTESIAN_POINT('',(5.214936808,10.804977563,-9.00316022));
#463=CARTESIAN_POINT('',(5.381004787,10.864332091,-8.835734385));
#464=CARTESIAN_POINT('',(5.553539924,10.909681436,-8.671563796));
#465=CARTESIAN_POINT('',(5.733849454,10.939581734,-8.51166975));
#466=CARTESIAN_POINT('',(5.914158983,10.969482032,-8.351775704));
#467=CARTESIAN_POINT('',(6.10317669,10.984065758,-8.195279885));
#468=CARTESIAN_POINT('',(6.3010128,10.979027724,-8.047247227));
#469=CARTESIAN_POINT('',(6.498848911,10.973989689,-7.899214568));
#470=CARTESIAN_POINT('',(6.701508701,10.949748662,-7.76234106));
#471=CARTESIAN_POINT('',(6.912108913,10.900169059,-7.642582342));
#472=CARTESIAN_POINT('',(7.017409019,10.875379258,-7.582702983));
#473=CARTESIAN_POINT('',(7.124317342,10.844147825,-7.527525742));
#474=CARTESIAN_POINT('',(7.230735501,10.806264863,-7.479378573));
#475=CARTESIAN_POINT('',(7.33715366,10.7683819,-7.431231404));
#476=CARTESIAN_POINT('',(7.443716881,10.723729102,-7.389723944));
#477=CARTESIAN_POINT('',(7.550595116,10.671067567,-7.356414233));
#478=CARTESIAN_POINT('',(7.764351587,10.565744498,-7.28979481));
#479=CARTESIAN_POINT('',(7.973209864,10.430286979,-7.259382087));
#480=CARTESIAN_POINT('',(8.162377318,10.270235022,-7.273092128));
#481=CARTESIAN_POINT('',(8.256961045,10.190209044,-7.279947149));
#482=CARTESIAN_POINT('',(8.344774426,10.105907703,-7.297296881));
#483=CARTESIAN_POINT('',(8.4264283,10.017677839,-7.32403146));
#484=CARTESIAN_POINT('',(8.508082175,9.929447975,-7.350766038));
#485=CARTESIAN_POINT('',(8.583960316,9.836576129,-7.38732376));
#486=CARTESIAN_POINT('',(8.651664235,9.743393414,-7.430679024));
#487=CARTESIAN_POINT('',(8.719368153,9.650210699,-7.474034287));
#488=CARTESIAN_POINT('',(8.779666033,9.55601518,-7.524304246));
#489=CARTESIAN_POINT('',(8.833697815,9.460817514,-7.580152695));
#490=CARTESIAN_POINT('',(8.887729597,9.365619848,-7.636001145));
#491=CARTESIAN_POINT('',(8.935715104,9.268799815,-7.697892979));
#492=CARTESIAN_POINT('',(8.977292714,9.172856404,-7.763177244));
#493=CARTESIAN_POINT('',(9.060447935,8.980969583,-7.893745774));
#494=CARTESIAN_POINT('',(9.119004225,8.792084156,-8.037605439));
#495=CARTESIAN_POINT('',(9.158942561,8.604397363,-8.190123147));
#496=CARTESIAN_POINT('',(9.198880898,8.416710571,-8.342640856));
#497=CARTESIAN_POINT('',(9.219750224,8.229458516,-8.504823653));
#498=CARTESIAN_POINT('',(9.223867783,8.048090928,-8.668823193));
#499=CARTESIAN_POINT('',(9.227985342,7.866723339,-8.832822732));
#500=CARTESIAN_POINT('',(9.215721564,7.68979412,-8.999832246));
#501=CARTESIAN_POINT('',(9.188610452,7.516445489,-9.169104927));
#502=CARTESIAN_POINT('',(9.16149934,7.343096859,-9.338377609));
#503=CARTESIAN_POINT('',(9.119314009,7.172823564,-9.510485049));
#504=CARTESIAN_POINT('',(9.062521339,7.007152132,-9.683518264));
#505=CARTESIAN_POINT('',(9.00572867,6.841480699,-9.85655148));
#506=CARTESIAN_POINT('',(8.935138239,6.682507019,-10.02829865));
#507=CARTESIAN_POINT('',(8.851033997,6.530152495,-10.198838443));
#508=B_SPLINE_CURVE_WITH_KNOTS('',3,(#450,#451,#452,#453,#454,#455,#456,#457,#458,#459,#460,#461,#462,#463,#464,#465,#466,#467,#468,#469,#470,#471,#472,#473,#474,#475,
#476,#477,#478,#479,#480,#481,#482,#483,#484,#485,#486,#487,#488,#489,#490,#491,#492,#493,#494,#495,#496,#497,#498,#499,#500,
#501,#502,#503,#504,#505,#506,#507),.UNSPECIFIED.,.F.,.F.,(4,3,3,3,3,3,3,3,3,3,3,3,3,3,3,3,3,3,3,4),(0.00380132,0.004546628,0.005291935,0.006037243,0.00678255,0.007527858,0.008273165,0.009018473,0.009391126,0.00976378,0.010509088,0.010881742,0.011254395,0.011627049,0.011999703,0.01274501,0.013490318,0.014235625,0.014980933,0.015726241),.UNSPECIFIED.);
#509=EDGE_CURVE('',#449,#386,#508,.T.);
#510=ORIENTED_EDGE('',*,*,#509,.F.);
#511=CARTESIAN_POINT('',(2.987449415,8.373020373,-12.081708316));
#512=VERTEX_POINT('',#511);
#513=CARTESIAN_POINT('',(-1.385037114,0.79965155,-0.));
#514=DIRECTION('',(-0.866025404,0.5,-0.));
#515=DIRECTION('',(0.5,0.866025404,0.));
#516=AXIS2_PLACEMENT_3D('',#513,#514,#515);
#517=CIRCLE('',#516,14.914497296);
#518=EDGE_CURVE('',#449,#512,#517,.T.);
#519=ORIENTED_EDGE('',*,*,#518,.T.);
#520=CARTESIAN_POINT('',(2.987449415,8.373020373,-12.081708316));
#521=CARTESIAN_POINT('',(2.709749086,8.374741315,-12.149182845));
#522=CARTESIAN_POINT('',(2.429669115,8.364287518,-12.215415458));
#523=CARTESIAN_POINT('',(2.153267032,8.341637737,-12.279272004));
#524=CARTESIAN_POINT('',(1.876864949,8.318987957,-12.34312855));
#525=CARTESIAN_POINT('',(1.602693586,8.284201313,-12.404963197));
#526=CARTESIAN_POINT('',(1.330821341,8.237222653,-12.465034196));
#527=CARTESIAN_POINT('',(0.787076851,8.143265333,-12.585176196));
#528=CARTESIAN_POINT('',(0.25247011,8.000849206,-12.698306483));
#529=CARTESIAN_POINT('',(-0.271912145,7.80634227,-12.805744186));
#530=CARTESIAN_POINT('',(-0.534103273,7.709088801,-12.859463037));
#531=CARTESIAN_POINT('',(-0.795211152,7.597941123,-12.912032548));
#532=CARTESIAN_POINT('',(-1.048404731,7.475339648,-12.962258471));
#533=CARTESIAN_POINT('',(-1.301598311,7.352738172,-13.012484394));
#534=CARTESIAN_POINT('',(-1.547445173,7.218667288,-13.060489182));
#535=CARTESIAN_POINT('',(-1.785976232,7.073229886,-13.1064758));
#536=CARTESIAN_POINT('',(-2.263038349,6.78235508,-13.198449036));
#537=CARTESIAN_POINT('',(-2.711065437,6.44636015,-13.282382157));
#538=CARTESIAN_POINT('',(-3.127965635,6.062368971,-13.359023671));
#539=CARTESIAN_POINT('',(-3.336415735,5.870373381,-13.397344429));
#540=CARTESIAN_POINT('',(-3.537053485,5.665939402,-13.433823257));
#541=CARTESIAN_POINT('',(-3.724778178,5.454171732,-13.4676664));
#542=CARTESIAN_POINT('',(-3.912502872,5.242404062,-13.501509543));
#543=CARTESIAN_POINT('',(-4.088649997,5.022160793,-13.532962823));
#544=CARTESIAN_POINT('',(-4.25327617,4.793497931,-13.562153937));
#545=CARTESIAN_POINT('',(-4.417902343,4.564835069,-13.591345051));
#546=CARTESIAN_POINT('',(-4.571008755,4.327753394,-13.618273498));
#547=CARTESIAN_POINT('',(-4.712307634,4.082055166,-13.642982899));
#548=CARTESIAN_POINT('',(-4.853606514,3.836356937,-13.6676923));
#549=CARTESIAN_POINT('',(-4.983678166,3.580701016,-13.690282757));
#550=CARTESIAN_POINT('',(-5.099882377,3.319164536,-13.710373683));
#551=CARTESIAN_POINT('',(-5.332290799,2.796091577,-13.750555534));
#552=CARTESIAN_POINT('',(-5.507210881,2.256817811,-13.780422718));
#553=CARTESIAN_POINT('',(-5.625649704,1.701647687,-13.800596384));
#554=CARTESIAN_POINT('',(-5.684869116,1.424062625,-13.810683217));
#555=CARTESIAN_POINT('',(-5.729859954,1.142472769,-13.818323047));
#556=CARTESIAN_POINT('',(-5.760061927,0.856721752,-13.823447994));
#557=CARTESIAN_POINT('',(-5.7902639,0.570970735,-13.828572941));
#558=CARTESIAN_POINT('',(-5.805215086,0.284502178,-13.831105444));
#559=CARTESIAN_POINT('',(-5.805215086,-0.,-13.831105444));
#560=B_SPLINE_CURVE_WITH_KNOTS('',3,(#520,#521,#522,#523,#524,#525,#526,#527,#528,#529,#530,#531,#532,#533,#534,#535,#536,#537,#538,#539,#540,#541,#542,#543,#544,#545,
#546,#547,#548,#549,#550,#551,#552,#553,#554,#555,#556,#557,#558,#559),.UNSPECIFIED.,.F.,.F.,(4,3,3,3,3,3,3,3,3,3,3,3,3,4),(0.012695144,0.013552718,0.014410293,0.016125442,0.016983016,0.01784059,0.019555739,0.020413314,0.021270888,0.022128463,0.022986037,0.024701186,0.02555876,0.026416335),.UNSPECIFIED.);
#561=EDGE_CURVE('',#512,#248,#560,.T.);
#562=ORIENTED_EDGE('',*,*,#561,.T.);
#563=ORIENTED_EDGE('',*,*,#320,.T.);
#564=CARTESIAN_POINT('',(3.6265644,-9.48,-11.044348358));
#565=VERTEX_POINT('',#564);
#566=CARTESIAN_POINT('',(-1.385037114,-0.79965155,0.));
#567=DIRECTION('',(-0.866025404,-0.5,-0.));
#568=DIRECTION('',(-0.5,0.866025404,0.));
#569=AXIS2_PLACEMENT_3D('',#566,#567,#568);
#570=CIRCLE('',#569,14.914497296);
#571=EDGE_CURVE('',#268,#565,#570,.T.);
#572=ORIENTED_EDGE('',*,*,#571,.T.);
#573=CARTESIAN_POINT('',(7.72463405,-10.578064846,-7.309892413));
#574=VERTEX_POINT('',#573);
#575=CARTESIAN_POINT('',(8.851033997,-6.530152495,-10.198838443));
#576=CARTESIAN_POINT('',(9.02093518,-6.837929798,-9.854325917));
#577=CARTESIAN_POINT('',(9.133193641,-7.165222516,-9.512253529));
#578=CARTESIAN_POINT('',(9.187977113,-7.51241388,-9.173042803));
#579=CARTESIAN_POINT('',(9.215368849,-7.686009561,-9.003437441));
#580=CARTESIAN_POINT('',(9.227994306,-7.866052982,-8.833428337));
#581=CARTESIAN_POINT('',(9.223871065,-8.047946238,-8.668954028));
#582=CARTESIAN_POINT('',(9.219747823,-8.229839494,-8.504479719));
#583=CARTESIAN_POINT('',(9.19928236,-8.413912347,-8.345013792));
#584=CARTESIAN_POINT('',(9.15956612,-8.601459783,-8.192511099));
#585=CARTESIAN_POINT('',(9.11984988,-8.789007219,-8.040008405));
#586=CARTESIAN_POINT('',(9.060149274,-8.981597247,-7.893337314));
#587=CARTESIAN_POINT('',(8.977432857,-9.172532957,-7.763397353));
#588=CARTESIAN_POINT('',(8.936074649,-9.268000811,-7.698427372));
#589=CARTESIAN_POINT('',(8.888906165,-9.363374936,-7.637390536));
#590=CARTESIAN_POINT('',(8.834826178,-9.458827681,-7.581320816));
#591=CARTESIAN_POINT('',(8.78074619,-9.554280427,-7.525251095));
#592=CARTESIAN_POINT('',(8.719393705,-9.65016115,-7.474066135));
#593=CARTESIAN_POINT('',(8.651792217,-9.743217254,-7.430760996));
#594=CARTESIAN_POINT('',(8.584190729,-9.836273357,-7.387455857));
#595=CARTESIAN_POINT('',(8.510019927,-9.927198015,-7.351568832));
#596=CARTESIAN_POINT('',(8.428199751,-10.015762048,-7.324613269));
#597=CARTESIAN_POINT('',(8.346379576,-10.104326081,-7.297657706));
#598=CARTESIAN_POINT('',(8.257190753,-10.189895775,-7.280093809));
#599=CARTESIAN_POINT('',(8.164065549,-10.268805564,-7.273215657));
#600=CARTESIAN_POINT('',(8.070940346,-10.347715353,-7.266337505));
#601=CARTESIAN_POINT('',(7.972962798,-10.421010068,-7.269784716));
#602=CARTESIAN_POINT('',(7.870005301,-10.48854042,-7.283785858));
#603=CARTESIAN_POINT('',(7.767047804,-10.556070772,-7.297786999));
#604=CARTESIAN_POINT('',(7.661169626,-10.616367354,-7.322182281));
#605=CARTESIAN_POINT('',(7.55492878,-10.668927926,-7.355068188));
#606=CARTESIAN_POINT('',(7.448687934,-10.721488497,-7.387954095));
#607=CARTESIAN_POINT('',(7.340442711,-10.767095915,-7.429858567));
#608=CARTESIAN_POINT('',(7.233402569,-10.80531402,-7.47817332));
#609=CARTESIAN_POINT('',(7.126362427,-10.843532126,-7.526488072));
#610=CARTESIAN_POINT('',(7.020882576,-10.874390219,-7.580886629));
#611=CARTESIAN_POINT('',(6.916543015,-10.899121625,-7.640064169));
#612=CARTESIAN_POINT('',(6.707863894,-10.948584439,-7.758419251));
#613=CARTESIAN_POINT('',(6.501825495,-10.97360948,-7.897226126));
#614=CARTESIAN_POINT('',(6.305597523,-10.978907464,-8.043819415));
#615=CARTESIAN_POINT('',(6.109369551,-10.984205449,-8.190412703));
#616=CARTESIAN_POINT('',(5.921417448,-10.970328166,-8.345579445));
#617=CARTESIAN_POINT('',(5.739418253,-10.940499833,-8.506735068));
#618=CARTESIAN_POINT('',(5.557419058,-10.910671501,-8.66789069));
#619=CARTESIAN_POINT('',(5.380824955,-10.864330524,-8.835878782));
#620=CARTESIAN_POINT('',(5.21397834,-10.804634804,-9.004126645));
#621=CARTESIAN_POINT('',(4.880285108,-10.685243362,-9.34062237));
#622=CARTESIAN_POINT('',(4.579481924,-10.513053035,-9.682272695));
#623=CARTESIAN_POINT('',(4.309622016,-10.28926477,-10.027870589));
#624=CARTESIAN_POINT('',(4.174692062,-10.177370638,-10.200669537));
#625=CARTESIAN_POINT('',(4.049512976,-10.053640569,-10.372348751));
#626=CARTESIAN_POINT('',(3.935399584,-9.918910911,-10.541718857));
#627=CARTESIAN_POINT('',(3.821286192,-9.784181253,-10.711088963));
#628=CARTESIAN_POINT('',(3.717892276,-9.638185895,-10.878579725));
#629=CARTESIAN_POINT('',(3.6265644,-9.48,-11.044348358));
#630=B_SPLINE_CURVE_WITH_KNOTS('',3,(#575,#576,#577,#578,#579,#580,#581,#582,#583,#584,#585,#586,#587,#588,#589,#590,#591,#592,#593,#594,#595,#596,#597,#598,#599,#600,
#601,#602,#603,#604,#605,#606,#607,#608,#609,#610,#611,#612,#613,#614,#615,#616,#617,#618,#619,#620,#621,#622,#623,#624,#625,
#626,#627,#628,#629),.UNSPECIFIED.,.F.,.F.,(4,3,3,3,3,3,3,3,3,3,3,3,3,3,3,3,3,3,4),(0.000079853,0.001538818,0.0022683,0.002997782,0.003727264,0.004092005,0.004456746,0.004821487,0.005186228,0.005550969,0.00591571,0.006280451,0.006645193,0.007374675,0.008104157,0.008833639,0.010292603,0.011022085,0.011751567),.UNSPECIFIED.);
#631=EDGE_CURVE('',#574,#565,#630,.T.);
#632=ORIENTED_EDGE('',*,*,#631,.F.);
#633=CARTESIAN_POINT('',(8.851033997,-6.530152495,-10.198838443));
#634=CARTESIAN_POINT('',(9.02093518,-6.837929798,-9.854325917));
#635=CARTESIAN_POINT('',(9.133193641,-7.165222516,-9.512253529));
#636=CARTESIAN_POINT('',(9.187977113,-7.51241388,-9.173042803));
#637=CARTESIAN_POINT('',(9.215368849,-7.686009561,-9.003437441));
#638=CARTESIAN_POINT('',(9.227994306,-7.866052982,-8.833428337));
#639=CARTESIAN_POINT('',(9.223871065,-8.047946238,-8.668954028));
#640=CARTESIAN_POINT('',(9.219747823,-8.229839494,-8.504479719));
#641=CARTESIAN_POINT('',(9.19928236,-8.413912347,-8.345013792));
#642=CARTESIAN_POINT('',(9.15956612,-8.601459783,-8.192511099));
#643=CARTESIAN_POINT('',(9.11984988,-8.789007219,-8.040008405));
#644=CARTESIAN_POINT('',(9.060149274,-8.981597247,-7.893337314));
#645=CARTESIAN_POINT('',(8.977432857,-9.172532957,-7.763397353));
#646=CARTESIAN_POINT('',(8.936074649,-9.268000811,-7.698427372));
#647=CARTESIAN_POINT('',(8.888906165,-9.363374936,-7.637390536));
#648=CARTESIAN_POINT('',(8.834826178,-9.458827681,-7.581320816));
#649=CARTESIAN_POINT('',(8.78074619,-9.554280427,-7.525251095));
#650=CARTESIAN_POINT('',(8.719393705,-9.65016115,-7.474066135));
#651=CARTESIAN_POINT('',(8.651792217,-9.743217254,-7.430760996));
#652=CARTESIAN_POINT('',(8.584190729,-9.836273357,-7.387455857));
#653=CARTESIAN_POINT('',(8.510019927,-9.927198015,-7.351568832));
#654=CARTESIAN_POINT('',(8.428199751,-10.015762048,-7.324613269));
#655=CARTESIAN_POINT('',(8.346379576,-10.104326081,-7.297657706));
#656=CARTESIAN_POINT('',(8.257190753,-10.189895775,-7.280093809));
#657=CARTESIAN_POINT('',(8.164065549,-10.268805564,-7.273215657));
#658=CARTESIAN_POINT('',(8.070940346,-10.347715353,-7.266337505));
#659=CARTESIAN_POINT('',(7.972962798,-10.421010068,-7.269784716));
#660=CARTESIAN_POINT('',(7.870005301,-10.48854042,-7.283785858));
#661=CARTESIAN_POINT('',(7.767047804,-10.556070772,-7.297786999));
#662=CARTESIAN_POINT('',(7.661169626,-10.616367354,-7.322182281));
#663=CARTESIAN_POINT('',(7.55492878,-10.668927926,-7.355068188));
#664=CARTESIAN_POINT('',(7.448687934,-10.721488497,-7.387954095));
#665=CARTESIAN_POINT('',(7.340442711,-10.767095915,-7.429858567));
#666=CARTESIAN_POINT('',(7.233402569,-10.80531402,-7.47817332));
#667=CARTESIAN_POINT('',(7.126362427,-10.843532126,-7.526488072));
#668=CARTESIAN_POINT('',(7.020882576,-10.874390219,-7.580886629));
#669=CARTESIAN_POINT('',(6.916543015,-10.899121625,-7.640064169));
#670=CARTESIAN_POINT('',(6.707863894,-10.948584439,-7.758419251));
#671=CARTESIAN_POINT('',(6.501825495,-10.97360948,-7.897226126));
#672=CARTESIAN_POINT('',(6.305597523,-10.978907464,-8.043819415));
#673=CARTESIAN_POINT('',(6.109369551,-10.984205449,-8.190412703));
#674=CARTESIAN_POINT('',(5.921417448,-10.970328166,-8.345579445));
#675=CARTESIAN_POINT('',(5.739418253,-10.940499833,-8.506735068));
#676=CARTESIAN_POINT('',(5.557419058,-10.910671501,-8.66789069));
#677=CARTESIAN_POINT('',(5.380824955,-10.864330524,-8.835878782));
#678=CARTESIAN_POINT('',(5.21397834,-10.804634804,-9.004126645));
#679=CARTESIAN_POINT('',(4.880285108,-10.685243362,-9.34062237));
#680=CARTESIAN_POINT('',(4.579481924,-10.513053035,-9.682272695));
#681=CARTESIAN_POINT('',(4.309622016,-10.28926477,-10.027870589));
#682=CARTESIAN_POINT('',(4.174692062,-10.177370638,-10.200669537));
#683=CARTESIAN_POINT('',(4.049512976,-10.053640569,-10.372348751));
#684=CARTESIAN_POINT('',(3.935399584,-9.918910911,-10.541718857));
#685=CARTESIAN_POINT('',(3.821286192,-9.784181253,-10.711088963));
#686=CARTESIAN_POINT('',(3.717892276,-9.638185895,-10.878579725));
#687=CARTESIAN_POINT('',(3.6265644,-9.48,-11.044348358));
#688=B_SPLINE_CURVE_WITH_KNOTS('',3,(#633,#634,#635,#636,#637,#638,#639,#640,#641,#642,#643,#644,#645,#646,#647,#648,#649,#650,#651,#652,#653,#654,#655,#656,#657,#658,
#659,#660,#661,#662,#663,#664,#665,#666,#667,#668,#669,#670,#671,#672,#673,#674,#675,#676,#677,#678,#679,#680,#681,#682,#683,
#684,#685,#686,#687),.UNSPECIFIED.,.F.,.F.,(4,3,3,3,3,3,3,3,3,3,3,3,3,3,3,3,3,3,4),(0.000079853,0.001538818,0.0022683,0.002997782,0.003727264,0.004092005,0.004456746,0.004821487,0.005186228,0.005550969,0.00591571,0.006280451,0.006645193,0.007374675,0.008104157,0.008833639,0.010292603,0.011022085,0.011751567),.UNSPECIFIED.);
#689=EDGE_CURVE('',#200,#574,#688,.T.);
#690=ORIENTED_EDGE('',*,*,#689,.F.);
#691=ORIENTED_EDGE('',*,*,#218,.T.);
#692=CARTESIAN_POINT('',(11.463306547,-9.,-3.548605785));
#693=VERTEX_POINT('',#692);
#694=CARTESIAN_POINT('',(11.463306547,0.,0.));
#695=DIRECTION('',(1.,-0.,-0.));
#696=DIRECTION('',(0.,0.,1.));
#697=AXIS2_PLACEMENT_3D('',#694,#695,#696);
#698=CIRCLE('',#697,9.674327006);
#699=EDGE_CURVE('',#693,#161,#698,.T.);
#700=ORIENTED_EDGE('',*,*,#699,.F.);
#701=CARTESIAN_POINT('',(11.463306547,-9.,3.548605785));
#702=VERTEX_POINT('',#701);
#703=CARTESIAN_POINT('',(11.463306546,-9.000000001,3.548605785));
#704=CARTESIAN_POINT('',(11.463304032,-9.111803889,3.265056229));
#705=CARTESIAN_POINT('',(11.467763472,-9.204093986,2.977506718));
#706=CARTESIAN_POINT('',(11.473222873,-9.281482286,2.686864991));
#707=CARTESIAN_POINT('',(11.478682274,-9.358870586,2.396223264));
#708=CARTESIAN_POINT('',(11.485235289,-9.421220344,2.102462266));
#709=CARTESIAN_POINT('',(11.491091834,-9.470648786,1.805995577));
#710=CARTESIAN_POINT('',(11.49694838,-9.520077229,1.509528887));
#711=CARTESIAN_POINT('',(11.502137197,-9.556544667,1.210348677));
#712=CARTESIAN_POINT('',(11.505707847,-9.580872214,0.908611337));
#713=CARTESIAN_POINT('',(11.509278496,-9.605199762,0.606873997));
#714=CARTESIAN_POINT('',(11.511213202,-9.617218114,0.303305149));
#715=CARTESIAN_POINT('',(11.511220612,-9.617265557,0.001796208));
#716=CARTESIAN_POINT('',(11.511235432,-9.617360442,-0.601221674));
#717=CARTESIAN_POINT('',(11.503021485,-9.570963222,-1.200488658));
#718=CARTESIAN_POINT('',(11.491296936,-9.472376598,-1.795599157));
#719=CARTESIAN_POINT('',(11.485434661,-9.423083285,-2.093154406));
#720=CARTESIAN_POINT('',(11.478793334,-9.360216892,-2.39075199));
#721=CARTESIAN_POINT('',(11.473278349,-9.282267577,-2.683913664));
#722=CARTESIAN_POINT('',(11.467763364,-9.204318262,-2.977075337));
#723=CARTESIAN_POINT('',(11.463305427,-9.111549788,-3.265696605));
#724=CARTESIAN_POINT('',(11.463306546,-9.,-3.548605785));
#725=B_SPLINE_CURVE_WITH_KNOTS('',3,(#703,#704,#705,#706,#707,#708,#709,#710,#711,#712,#713,#714,#715,#716,#717,#718,#719,#720,#721,#722,#723,#724),.UNSPECIFIED.,.F.,.F.,(4,3,3,3,3,3,3,4),(0.000000537,0.000901642,0.001802746,0.00270385,0.003604955,0.005407163,0.006308267,0.007209372),.UNSPECIFIED.);
#726=EDGE_CURVE('',#702,#693,#725,.T.);
#727=ORIENTED_EDGE('',*,*,#726,.F.);
#728=CARTESIAN_POINT('',(11.463306547,-2.992090075,9.2));
#729=VERTEX_POINT('',#728);
#730=CARTESIAN_POINT('',(11.463306547,0.,0.));
#731=DIRECTION('',(1.,-0.,-0.));
#732=DIRECTION('',(0.,0.,1.));
#733=AXIS2_PLACEMENT_3D('',#730,#731,#732);
#734=CIRCLE('',#733,9.674327006);
#735=EDGE_CURVE('',#729,#702,#734,.T.);
#736=ORIENTED_EDGE('',*,*,#735,.F.);
#737=CARTESIAN_POINT('',(11.463306547,2.992090075,9.2));
#738=VERTEX_POINT('',#737);
#739=CARTESIAN_POINT('',(11.463306545,2.992090076,9.200000002));
#740=CARTESIAN_POINT('',(11.463302294,2.505823655,9.358153294));
#741=CARTESIAN_POINT('',(11.471523122,2.012289912,9.466197562));
#742=CARTESIAN_POINT('',(11.477614532,1.513437385,9.538022433));
#743=CARTESIAN_POINT('',(11.483705942,1.014584858,9.609847305));
#744=CARTESIAN_POINT('',(11.488115014,0.510322509,9.644805893));
#745=CARTESIAN_POINT('',(11.488119784,0.000913599,9.64484852));
#746=CARTESIAN_POINT('',(11.488124555,-0.508495312,9.644891148));
#747=CARTESIAN_POINT('',(11.483713764,-1.013890064,9.6099279));
#748=CARTESIAN_POINT('',(11.477619155,-1.513058789,9.538076936));
#749=CARTESIAN_POINT('',(11.471524546,-2.012227515,9.466225972));
#750=CARTESIAN_POINT('',(11.463302413,-2.505902748,9.358127007));
#751=CARTESIAN_POINT('',(11.463306545,-2.992090076,9.200000002));
#752=B_SPLINE_CURVE_WITH_KNOTS('',3,(#739,#740,#741,#742,#743,#744,#745,#746,#747,#748,#749,#750,#751),.UNSPECIFIED.,.F.,.F.,(4,3,3,3,4),(0.000000637,0.001512721,0.003024806,0.00453689,0.006048974),.UNSPECIFIED.);
#753=EDGE_CURVE('',#738,#729,#752,.T.);
#754=ORIENTED_EDGE('',*,*,#753,.F.);
#755=CARTESIAN_POINT('',(11.463306547,0.,0.));
#756=DIRECTION('',(1.,-0.,-0.));
#757=DIRECTION('',(0.,0.,1.));
#758=AXIS2_PLACEMENT_3D('',#755,#756,#757);
#759=CIRCLE('',#758,9.674327006);
#760=EDGE_CURVE('',#333,#738,#759,.T.);
#761=ORIENTED_EDGE('',*,*,#760,.F.);
#762=ORIENTED_EDGE('',*,*,#339,.F.);
#763=CARTESIAN_POINT('',(-1.736150068,-12.978006494,-7.31827373));
#764=VERTEX_POINT('',#763);
#765=CARTESIAN_POINT('',(-8.696542289,9.788412382,-7.318274062));
#766=CARTESIAN_POINT('',(-8.722550465,9.991098156,-7.016269365));
#767=CARTESIAN_POINT('',(-8.744724856,10.182047933,-6.707208928));
#768=CARTESIAN_POINT('',(-8.762158636,10.36107012,-6.393184027));
#769=CARTESIAN_POINT('',(-8.779592415,10.540092308,-6.079159126));
#770=CARTESIAN_POINT('',(-8.792389279,10.707504205,-5.759621398));
#771=CARTESIAN_POINT('',(-8.799417433,10.864214463,-5.434988216));
#772=CARTESIAN_POINT('',(-8.813473743,11.177634978,-4.785721853));
#773=CARTESIAN_POINT('',(-8.805074306,11.448061134,-4.115993501));
#774=CARTESIAN_POINT('',(-8.761481622,11.682409798,-3.42895627));
#775=CARTESIAN_POINT('',(-8.739685281,11.799584129,-3.085437654));
#776=CARTESIAN_POINT('',(-8.708905757,11.907641518,-2.737623871));
#777=CARTESIAN_POINT('',(-8.667513174,12.006528087,-2.391129161));
#778=CARTESIAN_POINT('',(-8.626120591,12.105414655,-2.04463445));
#779=CARTESIAN_POINT('',(-8.57405798,12.195571621,-1.69824331));
#780=CARTESIAN_POINT('',(-8.508982455,12.278725498,-1.352818436));
#781=CARTESIAN_POINT('',(-8.44390693,12.361879376,-1.007393562));
#782=CARTESIAN_POINT('',(-8.365809473,12.438040299,-0.662960544));
#783=CARTESIAN_POINT('',(-8.271304675,12.509302591,-0.320729876));
#784=CARTESIAN_POINT('',(-8.176799877,12.580564883,0.021500793));
#785=CARTESIAN_POINT('',(-8.06549348,12.647126156,0.362685558));
#786=CARTESIAN_POINT('',(-7.933799724,12.710951915,0.69751226));
#787=CARTESIAN_POINT('',(-7.802105968,12.774777674,1.032338961));
#788=CARTESIAN_POINT('',(-7.651686168,12.835157324,1.356733782));
#789=CARTESIAN_POINT('',(-7.478747339,12.895220353,1.667822021));
#790=CARTESIAN_POINT('',(-7.30580851,12.955283382,1.978910261));
#791=CARTESIAN_POINT('',(-7.109306823,13.015769257,2.275916445));
#792=CARTESIAN_POINT('',(-6.888343275,13.07692553,2.558270042));
#793=CARTESIAN_POINT('',(-6.777861501,13.107503666,2.699446841));
#794=CARTESIAN_POINT('',(-6.661164657,13.138126702,2.837614613));
#795=CARTESIAN_POINT('',(-6.53993778,13.168099693,2.971592891));
#796=CARTESIAN_POINT('',(-6.418710902,13.198072684,3.10557117));
#797=CARTESIAN_POINT('',(-6.293558118,13.227244822,3.234829265));
#798=CARTESIAN_POINT('',(-6.164993803,13.2552936,3.360065922));
#799=CARTESIAN_POINT('',(-5.907865171,13.311391156,3.610539235));
#800=CARTESIAN_POINT('',(-5.637145349,13.362981121,3.845000015));
#801=CARTESIAN_POINT('',(-5.355809904,13.40784157,4.067564962));
#802=CARTESIAN_POINT('',(-5.074474458,13.452702018,4.290129909));
#803=CARTESIAN_POINT('',(-4.782544491,13.490813808,4.500785636));
#804=CARTESIAN_POINT('',(-4.481974817,13.520331684,4.702396502));
#805=CARTESIAN_POINT('',(-4.181405143,13.549849561,4.904007367));
#806=CARTESIAN_POINT('',(-3.870972091,13.570765351,5.097269456));
#807=CARTESIAN_POINT('',(-3.557537635,13.581266873,5.281393385));
#808=CARTESIAN_POINT('',(-2.930668723,13.602269918,5.649641241));
#809=CARTESIAN_POINT('',(-2.290736976,13.58210891,5.983109194));
#810=CARTESIAN_POINT('',(-1.64622758,13.514188643,6.29735183));
#811=CARTESIAN_POINT('',(-1.001718185,13.446268376,6.611594466));
#812=CARTESIAN_POINT('',(-0.352454284,13.330768077,6.906297306));
#813=CARTESIAN_POINT('',(0.296216108,13.160786147,7.190685921));
#814=CARTESIAN_POINT('',(0.620551304,13.075795181,7.332880229));
#815=CARTESIAN_POINT('',(0.943953354,12.977250504,7.472015937));
#816=CARTESIAN_POINT('',(1.261109591,12.86636523,7.606986812));
#817=CARTESIAN_POINT('',(1.578265828,12.755479956,7.741957687));
#818=CARTESIAN_POINT('',(1.890533232,12.63192531,7.873356019));
#819=CARTESIAN_POINT('',(2.197657254,12.495664454,8.001791827));
#820=CARTESIAN_POINT('',(2.811905299,12.223142742,8.258663443));
#821=CARTESIAN_POINT('',(3.405442659,11.899890238,8.504033319));
#822=CARTESIAN_POINT('',(3.976439429,11.52395658,8.73992873));
#823=CARTESIAN_POINT('',(4.261937814,11.335989751,8.857876435));
#824=CARTESIAN_POINT('',(4.542481799,11.134292684,8.973664044));
#825=CARTESIAN_POINT('',(4.815758086,10.920060779,9.086294439));
#826=CARTESIAN_POINT('',(5.089034373,10.705828875,9.198924834));
#827=CARTESIAN_POINT('',(5.352591849,10.481080286,9.307384625));
#828=CARTESIAN_POINT('',(5.60690103,10.246212728,9.41157721));
#829=CARTESIAN_POINT('',(6.115519392,9.776477612,9.619962379));
#830=CARTESIAN_POINT('',(6.587205473,9.266395186,9.811467829));
#831=CARTESIAN_POINT('',(7.024859897,8.717449561,9.982856134));
#832=CARTESIAN_POINT('',(7.243687108,8.442976749,10.068550286));
#833=CARTESIAN_POINT('',(7.454004276,8.158762992,10.149150567));
#834=CARTESIAN_POINT('',(7.65601566,7.864765837,10.224034553));
#835=CARTESIAN_POINT('',(7.858027044,7.570768682,10.298918539));
#836=CARTESIAN_POINT('',(8.050181864,7.269152595,10.367487093));
#837=CARTESIAN_POINT('',(8.231812479,6.962492018,10.42885268));
#838=CARTESIAN_POINT('',(8.595073707,6.349170863,10.551583854));
#839=CARTESIAN_POINT('',(8.918412348,5.712880063,10.64632299));
#840=CARTESIAN_POINT('',(9.205362448,5.054967685,10.710210264));
#841=CARTESIAN_POINT('',(9.348837498,4.726011496,10.742153901));
#842=CARTESIAN_POINT('',(9.483154155,4.391619383,10.766378358));
#843=CARTESIAN_POINT('',(9.608361758,4.051767577,10.782511945));
#844=CARTESIAN_POINT('',(9.73356936,3.711915771,10.798645531));
#845=CARTESIAN_POINT('',(9.849943188,3.365498854,10.806638003));
#846=CARTESIAN_POINT('',(9.955485139,3.018729397,10.806275421));
#847=CARTESIAN_POINT('',(10.166569041,2.325190483,10.805550255));
#848=CARTESIAN_POINT('',(10.336352699,1.626377509,10.771786632));
#849=CARTESIAN_POINT('',(10.464654654,0.92208712,10.707042463));
#850=CARTESIAN_POINT('',(10.592956609,0.217796731,10.642298295));
#851=CARTESIAN_POINT('',(10.679767907,-0.4919752,10.54660453));
#852=CARTESIAN_POINT('',(10.720128402,-1.208356114,10.422030634));
#853=CARTESIAN_POINT('',(10.74030865,-1.566546572,10.359743687));
#854=CARTESIAN_POINT('',(10.748563032,-1.92325021,10.290762806));
#855=CARTESIAN_POINT('',(10.744661386,-2.276406175,10.216174756));
#856=CARTESIAN_POINT('',(10.74075974,-2.629562139,10.141586705));
#857=CARTESIAN_POINT('',(10.724736268,-2.979879579,10.061276385));
#858=CARTESIAN_POINT('',(10.696294373,-3.32747543,9.975830489));
#859=CARTESIAN_POINT('',(10.639410584,-4.022667132,9.804938696));
#860=CARTESIAN_POINT('',(10.532997017,-4.707036234,9.613689734));
#861=CARTESIAN_POINT('',(10.372810602,-5.380817822,9.404871067));
#862=CARTESIAN_POINT('',(10.292717394,-5.717708617,9.300461734));
#863=CARTESIAN_POINT('',(10.19861567,-6.053497689,9.191052297));
#864=CARTESIAN_POINT('',(10.091763086,-6.382157574,9.078787503));
#865=CARTESIAN_POINT('',(9.984910502,-6.710817459,8.966522708));
#866=CARTESIAN_POINT('',(9.865577722,-7.032058017,8.851568034));
#867=CARTESIAN_POINT('',(9.734096164,-7.346076668,8.733987031));
#868=CARTESIAN_POINT('',(9.47113305,-7.974113969,8.498825023));
#869=CARTESIAN_POINT('',(9.159545742,-8.573380348,8.253498225));
#870=CARTESIAN_POINT('',(8.801040841,-9.143824302,7.995758704));
#871=CARTESIAN_POINT('',(8.621788391,-9.429046279,7.866888943));
#872=CARTESIAN_POINT('',(8.430795171,-9.707030815,7.734852482));
#873=CARTESIAN_POINT('',(8.228240566,-9.977581235,7.598942682));
#874=CARTESIAN_POINT('',(8.025685962,-10.248131655,7.463032881));
#875=CARTESIAN_POINT('',(7.813372098,-10.508757967,7.324474574));
#876=CARTESIAN_POINT('',(7.593316938,-10.758401621,7.183197927));
#877=CARTESIAN_POINT('',(7.153206618,-11.257688928,6.900644633));
#878=CARTESIAN_POINT('',(6.680562839,-11.715047016,6.606692084));
#879=CARTESIAN_POINT('',(6.183045792,-12.13199282,6.291636902));
#880=CARTESIAN_POINT('',(5.934287268,-12.340465721,6.134109311));
#881=CARTESIAN_POINT('',(5.679360418,-12.538808311,5.971187786));
#882=CARTESIAN_POINT('',(5.419316704,-12.727012288,5.801220966));
#883=CARTESIAN_POINT('',(5.159272989,-12.915216265,5.631254145));
#884=CARTESIAN_POINT('',(4.894110145,-13.093180134,5.454139028));
#885=CARTESIAN_POINT('',(4.629273185,-13.258702277,5.270355178));
#886=CARTESIAN_POINT('',(4.099599266,-13.589746561,4.902787476));
#887=CARTESIAN_POINT('',(3.566847011,-13.873976969,4.507124038));
#888=CARTESIAN_POINT('',(3.049897266,-14.11402282,4.06109425));
#889=CARTESIAN_POINT('',(2.920659829,-14.174034283,3.949586803));
#890=CARTESIAN_POINT('',(2.792422422,-14.231268429,3.834897993));
#891=CARTESIAN_POINT('',(2.665692116,-14.285740074,3.716411718));
#892=CARTESIAN_POINT('',(2.53896181,-14.340211719,3.597925444));
#893=CARTESIAN_POINT('',(2.413349897,-14.392074224,3.47522797));
#894=CARTESIAN_POINT('',(2.290734045,-14.440737957,3.349272277));
#895=CARTESIAN_POINT('',(2.04550234,-14.538065424,3.09736089));
#896=CARTESIAN_POINT('',(1.81292992,-14.622493124,2.833011857));
#897=CARTESIAN_POINT('',(1.597670103,-14.6945569,2.552929249));
#898=CARTESIAN_POINT('',(1.382410287,-14.766620676,2.272846641));
#899=CARTESIAN_POINT('',(1.18582885,-14.826370054,1.976047848));
#900=CARTESIAN_POINT('',(1.007789934,-14.873477078,1.662539939));
#901=CARTESIAN_POINT('',(0.918770477,-14.89703059,1.505785984));
#902=CARTESIAN_POINT('',(0.833771748,-14.917463182,1.344443164));
#903=CARTESIAN_POINT('',(0.753437776,-14.934431627,1.181136521));
#904=CARTESIAN_POINT('',(0.673103803,-14.951400073,1.017829878));
#905=CARTESIAN_POINT('',(0.597492112,-14.96490843,0.852886676));
#906=CARTESIAN_POINT('',(0.525746444,-14.975050968,0.686614295));
#907=CARTESIAN_POINT('',(0.238763771,-15.01562112,0.021524768));
#908=CARTESIAN_POINT('',(0.011944293,-15.002837742,-0.66421889));
#909=CARTESIAN_POINT('',(-0.189687708,-14.937185752,-1.358123838));
#910=CARTESIAN_POINT('',(-0.290503708,-14.904359757,-1.705076312));
#911=CARTESIAN_POINT('',(-0.385000731,-14.85794576,-2.055507642));
#912=CARTESIAN_POINT('',(-0.474636875,-14.7987526,-2.402424048));
#913=CARTESIAN_POINT('',(-0.564273019,-14.73955944,-2.749340453));
#914=CARTESIAN_POINT('',(-0.64920671,-14.667639309,-3.093353789));
#915=CARTESIAN_POINT('',(-0.732063159,-14.583292763,-3.433898036));
#916=CARTESIAN_POINT('',(-0.897776059,-14.41459967,-4.114986531));
#917=CARTESIAN_POINT('',(-1.055384722,-14.196384787,-4.782207897));
#918=CARTESIAN_POINT('',(-1.21909155,-13.928652443,-5.431984618));
#919=CARTESIAN_POINT('',(-1.300944963,-13.794786271,-5.756872978));
#920=CARTESIAN_POINT('',(-1.384185928,-13.648494012,-6.077419825));
#921=CARTESIAN_POINT('',(-1.470305744,-13.489470756,-6.393151003));
#922=CARTESIAN_POINT('',(-1.55642556,-13.3304475,-6.708882181));
#923=CARTESIAN_POINT('',(-1.645096323,-13.159064442,-7.018792656));
#924=CARTESIAN_POINT('',(-1.736114268,-12.978000175,-7.318293427));
#925=B_SPLINE_CURVE_WITH_KNOTS('',3,(#765,#766,#767,#768,#769,#770,#771,#772,#773,#774,#775,#776,#777,#778,#779,#780,#781,#782,#783,#784,#785,#786,#787,#788,#789,#790,
#791,#792,#793,#794,#795,#796,#797,#798,#799,#800,#801,#802,#803,#804,#805,#806,#807,#808,#809,#810,#811,#812,#813,#814,#815,
#816,#817,#818,#819,#820,#821,#822,#823,#824,#825,#826,#827,#828,#829,#830,#831,#832,#833,#834,#835,#836,#837,#838,#839,#840,
#841,#842,#843,#844,#845,#846,#847,#848,#849,#850,#851,#852,#853,#854,#855,#856,#857,#858,#859,#860,#861,#862,#863,#864,#865,
#866,#867,#868,#869,#870,#871,#872,#873,#874,#875,#876,#877,#878,#879,#880,#881,#882,#883,#884,#885,#886,#887,#888,#889,#890,
#891,#892,#893,#894,#895,#896,#897,#898,#899,#900,#901,#902,#903,#904,#905,#906,#907,#908,#909,#910,#911,#912,#913,#914,#915,
#916,#917,#918,#919,#920,#921,#922,#923,#924),.UNSPECIFIED.,.F.,.F.,(4,3,3,3,3,3,3,3,3,3,3,3,3,3,3,3,3,3,3,3,3,3,3,3,3,3,
3,3,3,3,3,3,3,3,3,3,3,3,3,3,3,3,3,3,3,3,3,3,3,3,3,
3,3,4),(0.058643774,0.059579475,0.060515176,0.062386578,0.063322279,0.06425798,0.065193681,0.066129383,0.067065084,0.068000785,0.068468635,0.068936486,0.069872187,0.070807888,0.071743589,0.073614991,0.075486393,0.076422094,0.077357795,0.079229197,0.080164898,0.0811006,0.082972002,0.083907703,0.084843404,0.086714806,
0.087650507,0.088586208,0.09045761,0.092329012,0.093264713,0.094200414,0.096071816,0.097007518,0.097943219,0.099814621,0.100750322,0.101686023,0.103557425,0.104493126,0.105428827,0.107300229,0.10776808,0.10823593,0.109171631,0.110107332,0.110575183,0.111043033,0.112914436,0.113850137,0.114785838,
0.11665724,0.117592941,0.118528642),.UNSPECIFIED.);
#926=EDGE_CURVE('',#331,#764,#925,.T.);
#927=ORIENTED_EDGE('',*,*,#926,.T.);
#928=CARTESIAN_POINT('',(1.02031667,-13.980080934,-5.340064697));
#929=VERTEX_POINT('',#928);
#930=CARTESIAN_POINT('',(-4.751487956,-10.647310279,1.227332894));
#931=DIRECTION('',(-0.405284602,-0.908176755,0.104687022));
#932=DIRECTION('',(-0.913194561,0.407523857,0.));
#933=AXIS2_PLACEMENT_3D('',#930,#931,#932);
#934=CIRCLE('',#933,9.356911884);
#935=EDGE_CURVE('',#764,#929,#934,.T.);
#936=ORIENTED_EDGE('',*,*,#935,.T.);
#937=CARTESIAN_POINT('',(3.259214343,-12.453294229,-7.70019381));
#938=VERTEX_POINT('',#937);
#939=CARTESIAN_POINT('',(6.884651596,-9.481122809,0.397596122));
#940=DIRECTION('',(0.587235685,-0.808705215,0.0339135));
#941=DIRECTION('',(-0.809170673,-0.587573674,0.));
#942=AXIS2_PLACEMENT_3D('',#939,#940,#941);
#943=CIRCLE('',#942,9.356911884);
#944=EDGE_CURVE('',#929,#938,#943,.T.);
#945=ORIENTED_EDGE('',*,*,#944,.T.);
#946=CARTESIAN_POINT('',(0.454009105,-11.432033397,-9.700643697));
#947=VERTEX_POINT('',#946);
#948=CARTESIAN_POINT('',(5.578248065,-3.603083195,-9.66173587));
#949=DIRECTION('',(0.475804226,-0.307329863,-0.824110851));
#950=DIRECTION('',(0.866023764,0.,0.500002841));
#951=AXIS2_PLACEMENT_3D('',#948,#949,#950);
#952=CIRCLE('',#951,9.356911884);
#953=EDGE_CURVE('',#938,#947,#952,.T.);
#954=ORIENTED_EDGE('',*,*,#953,.T.);
#955=CARTESIAN_POINT('',(-1.751831967,-12.946760156,-7.369700552));
#956=VERTEX_POINT('',#955);
#957=CARTESIAN_POINT('',(-6.057891487,-4.769270665,-8.831999097));
#958=DIRECTION('',(-0.516716062,-0.406801403,-0.753337329));
#959=DIRECTION('',(0.8246564,-0.,-0.565634001));
#960=AXIS2_PLACEMENT_3D('',#957,#958,#959);
#961=CIRCLE('',#960,9.356911884);
#962=EDGE_CURVE('',#947,#956,#961,.T.);
#963=ORIENTED_EDGE('',*,*,#962,.T.);
#964=CARTESIAN_POINT('',(-8.692070923,9.753738608,-7.369700552));
#965=VERTEX_POINT('',#964);
#966=CARTESIAN_POINT('',(-1.751790138,-12.94675308,-7.369722924));
#967=CARTESIAN_POINT('',(-2.045703677,-12.360201755,-8.330282827));
#968=CARTESIAN_POINT('',(-2.369131401,-11.668653504,-9.197219016));
#969=CARTESIAN_POINT('',(-2.73634035,-10.87222203,-9.965301278));
#970=CARTESIAN_POINT('',(-2.828142588,-10.673114162,-10.157321844));
#971=CARTESIAN_POINT('',(-2.92299422,-10.466581644,-10.343725337));
#972=CARTESIAN_POINT('',(-3.019562122,-10.25509589,-10.522131574));
#973=CARTESIAN_POINT('',(-3.116130024,-10.043610137,-10.700537812));
#974=CARTESIAN_POINT('',(-3.214231006,-9.827760813,-10.870528055));
#975=CARTESIAN_POINT('',(-3.313660045,-9.607618248,-11.032376386));
#976=CARTESIAN_POINT('',(-3.512518122,-9.167333117,-11.356073046));
#977=CARTESIAN_POINT('',(-3.716785971,-8.709948733,-11.647241221));
#978=CARTESIAN_POINT('',(-3.924425654,-8.235294251,-11.907090824));
#979=CARTESIAN_POINT('',(-4.132065338,-7.760639768,-12.166940427));
#980=CARTESIAN_POINT('',(-4.343051946,-7.268709677,-12.395480344));
#981=CARTESIAN_POINT('',(-4.554803244,-6.758402691,-12.592766196));
#982=CARTESIAN_POINT('',(-4.766554541,-6.248095706,-12.790052048));
#983=CARTESIAN_POINT('',(-4.975554778,-5.72762788,-12.952802324));
#984=CARTESIAN_POINT('',(-5.178312372,-5.199397836,-13.0824823));
#985=CARTESIAN_POINT('',(-5.381069966,-4.671167792,-13.212162275));
#986=CARTESIAN_POINT('',(-5.577943066,-4.134272385,-13.309115631));
#987=CARTESIAN_POINT('',(-5.767112392,-3.588182942,-13.374055399));
#988=CARTESIAN_POINT('',(-5.861697055,-3.315138221,-13.406525284));
#989=CARTESIAN_POINT('',(-5.954295375,-3.039774828,-13.430999155));
#990=CARTESIAN_POINT('',(-6.044888973,-2.762053307,-13.447318647));
#991=CARTESIAN_POINT('',(-6.135482571,-2.484331786,-13.463638139));
#992=CARTESIAN_POINT('',(-6.22412036,-2.204019564,-13.471742436));
#993=CARTESIAN_POINT('',(-6.309447564,-1.924842162,-13.471668571));
#994=CARTESIAN_POINT('',(-6.480101974,-1.366487359,-13.47152084));
#995=CARTESIAN_POINT('',(-6.638926491,-0.809205302,-13.438937966));
#996=CARTESIAN_POINT('',(-6.786844663,-0.253177229,-13.374402447));
#997=CARTESIAN_POINT('',(-6.934762835,0.302850843,-13.309866928));
#998=CARTESIAN_POINT('',(-7.071785852,0.857621205,-13.213372779));
#999=CARTESIAN_POINT('',(-7.199491705,1.410532764,-13.083490227));
#1000=CARTESIAN_POINT('',(-7.327197558,1.963444324,-12.953607675));
#1001=CARTESIAN_POINT('',(-7.446158816,2.517537459,-12.788890677));
#1002=CARTESIAN_POINT('',(-7.555151478,3.054939318,-12.593134316));
#1003=CARTESIAN_POINT('',(-7.66414414,3.592341176,-12.397377956));
#1004=CARTESIAN_POINT('',(-7.76391509,4.1157421,-12.170320909));
#1005=CARTESIAN_POINT('',(-7.85706199,4.624378226,-11.911410618));
#1006=CARTESIAN_POINT('',(-7.95020889,5.133014352,-11.652500327));
#1007=CARTESIAN_POINT('',(-8.036755352,5.626880881,-11.361736038));
#1008=CARTESIAN_POINT('',(-8.118408563,6.104772364,-11.03735461));
#1009=CARTESIAN_POINT('',(-8.159235169,6.343718106,-10.875163895));
#1010=CARTESIAN_POINT('',(-8.198951058,6.579517659,-10.703876436));
#1011=CARTESIAN_POINT('',(-8.237159,6.808842659,-10.525629352));
#1012=CARTESIAN_POINT('',(-8.275366943,7.038167659,-10.347382267));
#1013=CARTESIAN_POINT('',(-8.312019772,7.260700646,-10.162529152));
#1014=CARTESIAN_POINT('',(-8.347177556,7.476592588,-9.971218087));
#1015=CARTESIAN_POINT('',(-8.417493124,7.908376471,-9.588595955));
#1016=CARTESIAN_POINT('',(-8.481987406,8.313591157,-9.180165348));
#1017=CARTESIAN_POINT('',(-8.539999361,8.692942901,-8.746493848));
#1018=CARTESIAN_POINT('',(-8.598011315,9.072294646,-8.312822348));
#1019=CARTESIAN_POINT('',(-8.649560332,9.425770835,-7.85390159));
#1020=CARTESIAN_POINT('',(-8.692069464,9.753739166,-7.369701535));
#1021=B_SPLINE_CURVE_WITH_KNOTS('',3,(#966,#967,#968,#969,#970,#971,#972,#973,#974,#975,#976,#977,#978,#979,#980,#981,#982,#983,#984,#985,#986,#987,#988,#989,#990,#991,
#992,#993,#994,#995,#996,#997,#998,#999,#1000,#1001,#1002,#1003,#1004,#1005,#1006,#1007,#1008,#1009,#1010,#1011,#1012,#1013,#1014,#1015,#1016,
#1017,#1018,#1019,#1020),.UNSPECIFIED.,.F.,.F.,(4,3,3,3,3,3,3,3,3,3,3,3,3,3,3,3,3,3,4),(0.034498681,0.037510166,0.038263038,0.039015909,0.040521652,0.042027395,0.043533137,0.04503888,0.045791751,0.046544623,0.048050365,0.049556108,0.051061851,0.052567593,0.054073336,0.054826207,0.055579079,0.057084821,0.058590564),.UNSPECIFIED.);
#1022=EDGE_CURVE('',#956,#965,#1021,.T.);
#1023=ORIENTED_EDGE('',*,*,#1022,.T.);
#1024=CARTESIAN_POINT('',(-6.016321341,9.731463887,-9.700643697));
#1025=VERTEX_POINT('',#1024);
#1026=CARTESIAN_POINT('',(-7.689161964,0.566374645,-8.831999097));
#1027=DIRECTION('',(-0.655857487,0.048309693,-0.753337329));
#1028=DIRECTION('',(0.754217949,-0.,-0.656624158));
#1029=AXIS2_PLACEMENT_3D('',#1026,#1027,#1028);
#1030=CIRCLE('',#1029,9.356911884);
#1031=EDGE_CURVE('',#965,#1025,#1030,.T.);
#1032=ORIENTED_EDGE('',*,*,#1031,.T.);
#1033=CARTESIAN_POINT('',(-4.26178261,12.146778349,-7.70019381));
#1034=VERTEX_POINT('',#1033);
#1035=CARTESIAN_POINT('',(2.609758682,6.106408078,-9.66173587));
#1036=DIRECTION('',(0.222602902,0.52085435,-0.824110851));
#1037=DIRECTION('',(-0.,-0.845320621,-0.534259344));
#1038=AXIS2_PLACEMENT_3D('',#1035,#1036,#1037);
#1039=CIRCLE('',#1038,9.356911884);
#1040=EDGE_CURVE('',#1025,#1034,#1039,.T.);
#1041=ORIENTED_EDGE('',*,*,#1040,.T.);
#1042=CARTESIAN_POINT('',(-6.971681193,12.160566203,-5.340064697));
#1043=VERTEX_POINT('',#1042);
#1044=CARTESIAN_POINT('',(0.405858255,11.710055354,0.397596122));
#1045=DIRECTION('',(0.03461823,0.998825036,0.0339135));
#1046=DIRECTION('',(0.999399919,-0.034638155,-0.));
#1047=AXIS2_PLACEMENT_3D('',#1044,#1045,#1046);
#1048=CIRCLE('',#1047,9.356911884);
#1049=EDGE_CURVE('',#1034,#1043,#1048,.T.);
#1050=ORIENTED_EDGE('',*,*,#1049,.T.);
#1051=CARTESIAN_POINT('',(-8.69654277,9.788412203,-7.31827373));
#1052=VERTEX_POINT('',#1051);
#1053=CARTESIAN_POINT('',(-9.89306239,6.170021922,1.227332894));
#1054=DIRECTION('',(-0.84384216,0.526280379,0.104687022));
#1055=DIRECTION('',(0.529188153,0.848504507,0.));
#1056=AXIS2_PLACEMENT_3D('',#1053,#1054,#1055);
#1057=CIRCLE('',#1056,9.356911884);
#1058=EDGE_CURVE('',#1043,#1052,#1057,.T.);
#1059=ORIENTED_EDGE('',*,*,#1058,.T.);
#1060=CARTESIAN_POINT('',(7.769066081,7.697912915,10.265654098));
#1061=VERTEX_POINT('',#1060);
#1062=CARTESIAN_POINT('',(-8.696542289,9.788412382,-7.318274062));
#1063=CARTESIAN_POINT('',(-8.722550465,9.991098156,-7.016269365));
#1064=CARTESIAN_POINT('',(-8.744724856,10.182047933,-6.707208928));
#1065=CARTESIAN_POINT('',(-8.762158636,10.36107012,-6.393184027));
#1066=CARTESIAN_POINT('',(-8.779592415,10.540092308,-6.079159126));
#1067=CARTESIAN_POINT('',(-8.792389279,10.707504205,-5.759621398));
#1068=CARTESIAN_POINT('',(-8.799417433,10.864214463,-5.434988216));
#1069=CARTESIAN_POINT('',(-8.813473743,11.177634978,-4.785721853));
#1070=CARTESIAN_POINT('',(-8.805074306,11.448061134,-4.115993501));
#1071=CARTESIAN_POINT('',(-8.761481622,11.682409798,-3.42895627));
#1072=CARTESIAN_POINT('',(-8.739685281,11.799584129,-3.085437654));
#1073=CARTESIAN_POINT('',(-8.708905757,11.907641518,-2.737623871));
#1074=CARTESIAN_POINT('',(-8.667513174,12.006528087,-2.391129161));
#1075=CARTESIAN_POINT('',(-8.626120591,12.105414655,-2.04463445));
#1076=CARTESIAN_POINT('',(-8.57405798,12.195571621,-1.69824331));
#1077=CARTESIAN_POINT('',(-8.508982455,12.278725498,-1.352818436));
#1078=CARTESIAN_POINT('',(-8.44390693,12.361879376,-1.007393562));
#1079=CARTESIAN_POINT('',(-8.365809473,12.438040299,-0.662960544));
#1080=CARTESIAN_POINT('',(-8.271304675,12.509302591,-0.320729876));
#1081=CARTESIAN_POINT('',(-8.176799877,12.580564883,0.021500793));
#1082=CARTESIAN_POINT('',(-8.06549348,12.647126156,0.362685558));
#1083=CARTESIAN_POINT('',(-7.933799724,12.710951915,0.69751226));
#1084=CARTESIAN_POINT('',(-7.802105968,12.774777674,1.032338961));
#1085=CARTESIAN_POINT('',(-7.651686168,12.835157324,1.356733782));
#1086=CARTESIAN_POINT('',(-7.478747339,12.895220353,1.667822021));
#1087=CARTESIAN_POINT('',(-7.30580851,12.955283382,1.978910261));
#1088=CARTESIAN_POINT('',(-7.109306823,13.015769257,2.275916445));
#1089=CARTESIAN_POINT('',(-6.888343275,13.07692553,2.558270042));
#1090=CARTESIAN_POINT('',(-6.777861501,13.107503666,2.699446841));
#1091=CARTESIAN_POINT('',(-6.661164657,13.138126702,2.837614613));
#1092=CARTESIAN_POINT('',(-6.53993778,13.168099693,2.971592891));
#1093=CARTESIAN_POINT('',(-6.418710902,13.198072684,3.10557117));
#1094=CARTESIAN_POINT('',(-6.293558118,13.227244822,3.234829265));
#1095=CARTESIAN_POINT('',(-6.164993803,13.2552936,3.360065922));
#1096=CARTESIAN_POINT('',(-5.907865171,13.311391156,3.610539235));
#1097=CARTESIAN_POINT('',(-5.637145349,13.362981121,3.845000015));
#1098=CARTESIAN_POINT('',(-5.355809904,13.40784157,4.067564962));
#1099=CARTESIAN_POINT('',(-5.074474458,13.452702018,4.290129909));
#1100=CARTESIAN_POINT('',(-4.782544491,13.490813808,4.500785636));
#1101=CARTESIAN_POINT('',(-4.481974817,13.520331684,4.702396502));
#1102=CARTESIAN_POINT('',(-4.181405143,13.549849561,4.904007367));
#1103=CARTESIAN_POINT('',(-3.870972091,13.570765351,5.097269456));
#1104=CARTESIAN_POINT('',(-3.557537635,13.581266873,5.281393385));
#1105=CARTESIAN_POINT('',(-2.930668723,13.602269918,5.649641241));
#1106=CARTESIAN_POINT('',(-2.290736976,13.58210891,5.983109194));
#1107=CARTESIAN_POINT('',(-1.64622758,13.514188643,6.29735183));
#1108=CARTESIAN_POINT('',(-1.001718185,13.446268376,6.611594466));
#1109=CARTESIAN_POINT('',(-0.352454284,13.330768077,6.906297306));
#1110=CARTESIAN_POINT('',(0.296216108,13.160786147,7.190685921));
#1111=CARTESIAN_POINT('',(0.620551304,13.075795181,7.332880229));
#1112=CARTESIAN_POINT('',(0.943953354,12.977250504,7.472015937));
#1113=CARTESIAN_POINT('',(1.261109591,12.86636523,7.606986812));
#1114=CARTESIAN_POINT('',(1.578265828,12.755479956,7.741957687));
#1115=CARTESIAN_POINT('',(1.890533232,12.63192531,7.873356019));
#1116=CARTESIAN_POINT('',(2.197657254,12.495664454,8.001791827));
#1117=CARTESIAN_POINT('',(2.811905299,12.223142742,8.258663443));
#1118=CARTESIAN_POINT('',(3.405442659,11.899890238,8.504033319));
#1119=CARTESIAN_POINT('',(3.976439429,11.52395658,8.73992873));
#1120=CARTESIAN_POINT('',(4.261937814,11.335989751,8.857876435));
#1121=CARTESIAN_POINT('',(4.542481799,11.134292684,8.973664044));
#1122=CARTESIAN_POINT('',(4.815758086,10.920060779,9.086294439));
#1123=CARTESIAN_POINT('',(5.089034373,10.705828875,9.198924834));
#1124=CARTESIAN_POINT('',(5.352591849,10.481080286,9.307384625));
#1125=CARTESIAN_POINT('',(5.60690103,10.246212728,9.41157721));
#1126=CARTESIAN_POINT('',(6.115519392,9.776477612,9.619962379));
#1127=CARTESIAN_POINT('',(6.587205473,9.266395186,9.811467829));
#1128=CARTESIAN_POINT('',(7.024859897,8.717449561,9.982856134));
#1129=CARTESIAN_POINT('',(7.243687108,8.442976749,10.068550286));
#1130=CARTESIAN_POINT('',(7.454004276,8.158762992,10.149150567));
#1131=CARTESIAN_POINT('',(7.65601566,7.864765837,10.224034553));
#1132=CARTESIAN_POINT('',(7.858027044,7.570768682,10.298918539));
#1133=CARTESIAN_POINT('',(8.050181864,7.269152595,10.367487093));
#1134=CARTESIAN_POINT('',(8.231812479,6.962492018,10.42885268));
#1135=CARTESIAN_POINT('',(8.595073707,6.349170863,10.551583854));
#1136=CARTESIAN_POINT('',(8.918412348,5.712880063,10.64632299));
#1137=CARTESIAN_POINT('',(9.205362448,5.054967685,10.710210264));
#1138=CARTESIAN_POINT('',(9.348837498,4.726011496,10.742153901));
#1139=CARTESIAN_POINT('',(9.483154155,4.391619383,10.766378358));
#1140=CARTESIAN_POINT('',(9.608361758,4.051767577,10.782511945));
#1141=CARTESIAN_POINT('',(9.73356936,3.711915771,10.798645531));
#1142=CARTESIAN_POINT('',(9.849943188,3.365498854,10.806638003));
#1143=CARTESIAN_POINT('',(9.955485139,3.018729397,10.806275421));
#1144=CARTESIAN_POINT('',(10.166569041,2.325190483,10.805550255));
#1145=CARTESIAN_POINT('',(10.336352699,1.626377509,10.771786632));
#1146=CARTESIAN_POINT('',(10.464654654,0.92208712,10.707042463));
#1147=CARTESIAN_POINT('',(10.592956609,0.217796731,10.642298295));
#1148=CARTESIAN_POINT('',(10.679767907,-0.4919752,10.54660453));
#1149=CARTESIAN_POINT('',(10.720128402,-1.208356114,10.422030634));
#1150=CARTESIAN_POINT('',(10.74030865,-1.566546572,10.359743687));
#1151=CARTESIAN_POINT('',(10.748563032,-1.92325021,10.290762806));
#1152=CARTESIAN_POINT('',(10.744661386,-2.276406175,10.216174756));
#1153=CARTESIAN_POINT('',(10.74075974,-2.629562139,10.141586705));
#1154=CARTESIAN_POINT('',(10.724736268,-2.979879579,10.061276385));
#1155=CARTESIAN_POINT('',(10.696294373,-3.32747543,9.975830489));
#1156=CARTESIAN_POINT('',(10.639410584,-4.022667132,9.804938696));
#1157=CARTESIAN_POINT('',(10.532997017,-4.707036234,9.613689734));
#1158=CARTESIAN_POINT('',(10.372810602,-5.380817822,9.404871067));
#1159=CARTESIAN_POINT('',(10.292717394,-5.717708617,9.300461734));
#1160=CARTESIAN_POINT('',(10.19861567,-6.053497689,9.191052297));
#1161=CARTESIAN_POINT('',(10.091763086,-6.382157574,9.078787503));
#1162=CARTESIAN_POINT('',(9.984910502,-6.710817459,8.966522708));
#1163=CARTESIAN_POINT('',(9.865577722,-7.032058017,8.851568034));
#1164=CARTESIAN_POINT('',(9.734096164,-7.346076668,8.733987031));
#1165=CARTESIAN_POINT('',(9.47113305,-7.974113969,8.498825023));
#1166=CARTESIAN_POINT('',(9.159545742,-8.573380348,8.253498225));
#1167=CARTESIAN_POINT('',(8.801040841,-9.143824302,7.995758704));
#1168=CARTESIAN_POINT('',(8.621788391,-9.429046279,7.866888943));
#1169=CARTESIAN_POINT('',(8.430795171,-9.707030815,7.734852482));
#1170=CARTESIAN_POINT('',(8.228240566,-9.977581235,7.598942682));
#1171=CARTESIAN_POINT('',(8.025685962,-10.248131655,7.463032881));
#1172=CARTESIAN_POINT('',(7.813372098,-10.508757967,7.324474574));
#1173=CARTESIAN_POINT('',(7.593316938,-10.758401621,7.183197927));
#1174=CARTESIAN_POINT('',(7.153206618,-11.257688928,6.900644633));
#1175=CARTESIAN_POINT('',(6.680562839,-11.715047016,6.606692084));
#1176=CARTESIAN_POINT('',(6.183045792,-12.13199282,6.291636902));
#1177=CARTESIAN_POINT('',(5.934287268,-12.340465721,6.134109311));
#1178=CARTESIAN_POINT('',(5.679360418,-12.538808311,5.971187786));
#1179=CARTESIAN_POINT('',(5.419316704,-12.727012288,5.801220966));
#1180=CARTESIAN_POINT('',(5.159272989,-12.915216265,5.631254145));
#1181=CARTESIAN_POINT('',(4.894110145,-13.093180134,5.454139028));
#1182=CARTESIAN_POINT('',(4.629273185,-13.258702277,5.270355178));
#1183=CARTESIAN_POINT('',(4.099599266,-13.589746561,4.902787476));
#1184=CARTESIAN_POINT('',(3.566847011,-13.873976969,4.507124038));
#1185=CARTESIAN_POINT('',(3.049897266,-14.11402282,4.06109425));
#1186=CARTESIAN_POINT('',(2.920659829,-14.174034283,3.949586803));
#1187=CARTESIAN_POINT('',(2.792422422,-14.231268429,3.834897993));
#1188=CARTESIAN_POINT('',(2.665692116,-14.285740074,3.716411718));
#1189=CARTESIAN_POINT('',(2.53896181,-14.340211719,3.597925444));
#1190=CARTESIAN_POINT('',(2.413349897,-14.392074224,3.47522797));
#1191=CARTESIAN_POINT('',(2.290734045,-14.440737957,3.349272277));
#1192=CARTESIAN_POINT('',(2.04550234,-14.538065424,3.09736089));
#1193=CARTESIAN_POINT('',(1.81292992,-14.622493124,2.833011857));
#1194=CARTESIAN_POINT('',(1.597670103,-14.6945569,2.552929249));
#1195=CARTESIAN_POINT('',(1.382410287,-14.766620676,2.272846641));
#1196=CARTESIAN_POINT('',(1.18582885,-14.826370054,1.976047848));
#1197=CARTESIAN_POINT('',(1.007789934,-14.873477078,1.662539939));
#1198=CARTESIAN_POINT('',(0.918770477,-14.89703059,1.505785984));
#1199=CARTESIAN_POINT('',(0.833771748,-14.917463182,1.344443164));
#1200=CARTESIAN_POINT('',(0.753437776,-14.934431627,1.181136521));
#1201=CARTESIAN_POINT('',(0.673103803,-14.951400073,1.017829878));
#1202=CARTESIAN_POINT('',(0.597492112,-14.96490843,0.852886676));
#1203=CARTESIAN_POINT('',(0.525746444,-14.975050968,0.686614295));
#1204=CARTESIAN_POINT('',(0.238763771,-15.01562112,0.021524768));
#1205=CARTESIAN_POINT('',(0.011944293,-15.002837742,-0.66421889));
#1206=CARTESIAN_POINT('',(-0.189687708,-14.937185752,-1.358123838));
#1207=CARTESIAN_POINT('',(-0.290503708,-14.904359757,-1.705076312));
#1208=CARTESIAN_POINT('',(-0.385000731,-14.85794576,-2.055507642));
#1209=CARTESIAN_POINT('',(-0.474636875,-14.7987526,-2.402424048));
#1210=CARTESIAN_POINT('',(-0.564273019,-14.73955944,-2.749340453));
#1211=CARTESIAN_POINT('',(-0.64920671,-14.667639309,-3.093353789));
#1212=CARTESIAN_POINT('',(-0.732063159,-14.583292763,-3.433898036));
#1213=CARTESIAN_POINT('',(-0.897776059,-14.41459967,-4.114986531));
#1214=CARTESIAN_POINT('',(-1.055384722,-14.196384787,-4.782207897));
#1215=CARTESIAN_POINT('',(-1.21909155,-13.928652443,-5.431984618));
#1216=CARTESIAN_POINT('',(-1.300944963,-13.794786271,-5.756872978));
#1217=CARTESIAN_POINT('',(-1.384185928,-13.648494012,-6.077419825));
#1218=CARTESIAN_POINT('',(-1.470305744,-13.489470756,-6.393151003));
#1219=CARTESIAN_POINT('',(-1.55642556,-13.3304475,-6.708882181));
#1220=CARTESIAN_POINT('',(-1.645096323,-13.159064442,-7.018792656));
#1221=CARTESIAN_POINT('',(-1.736114268,-12.978000175,-7.318293427));
#1222=B_SPLINE_CURVE_WITH_KNOTS('',3,(#1062,#1063,#1064,#1065,#1066,#1067,#1068,#1069,#1070,#1071,#1072,#1073,#1074,#1075,#1076,#1077,#1078,#1079,#1080,#1081,#1082,#1083,#1084,#1085,#1086,#1087,
#1088,#1089,#1090,#1091,#1092,#1093,#1094,#1095,#1096,#1097,#1098,#1099,#1100,#1101,#1102,#1103,#1104,#1105,#1106,#1107,#1108,#1109,#1110,#1111,#1112,
#1113,#1114,#1115,#1116,#1117,#1118,#1119,#1120,#1121,#1122,#1123,#1124,#1125,#1126,#1127,#1128,#1129,#1130,#1131,#1132,#1133,#1134,#1135,#1136,#1137,
#1138,#1139,#1140,#1141,#1142,#1143,#1144,#1145,#1146,#1147,#1148,#1149,#1150,#1151,#1152,#1153,#1154,#1155,#1156,#1157,#1158,#1159,#1160,#1161,#1162,
#1163,#1164,#1165,#1166,#1167,#1168,#1169,#1170,#1171,#1172,#1173,#1174,#1175,#1176,#1177,#1178,#1179,#1180,#1181,#1182,#1183,#1184,#1185,#1186,#1187,
#1188,#1189,#1190,#1191,#1192,#1193,#1194,#1195,#1196,#1197,#1198,#1199,#1200,#1201,#1202,#1203,#1204,#1205,#1206,#1207,#1208,#1209,#1210,#1211,#1212,
#1213,#1214,#1215,#1216,#1217,#1218,#1219,#1220,#1221),.UNSPECIFIED.,.F.,.F.,(4,3,3,3,3,3,3,3,3,3,3,3,3,3,3,3,3,3,3,3,3,3,3,3,3,3,
3,3,3,3,3,3,3,3,3,3,3,3,3,3,3,3,3,3,3,3,3,3,3,3,3,
3,3,4),(0.058643774,0.059579475,0.060515176,0.062386578,0.063322279,0.06425798,0.065193681,0.066129383,0.067065084,0.068000785,0.068468635,0.068936486,0.069872187,0.070807888,0.071743589,0.073614991,0.075486393,0.076422094,0.077357795,0.079229197,0.080164898,0.0811006,0.082972002,0.083907703,0.084843404,0.086714806,
0.087650507,0.088586208,0.09045761,0.092329012,0.093264713,0.094200414,0.096071816,0.097007518,0.097943219,0.099814621,0.100750322,0.101686023,0.103557425,0.104493126,0.105428827,0.107300229,0.10776808,0.10823593,0.109171631,0.110107332,0.110575183,0.111043033,0.112914436,0.113850137,0.114785838,
0.11665724,0.117592941,0.118528642),.UNSPECIFIED.);
#1223=EDGE_CURVE('',#1052,#1061,#1222,.T.);
#1224=ORIENTED_EDGE('',*,*,#1223,.T.);
#1225=CARTESIAN_POINT('',(-8.696542289,9.788412382,-7.318274062));
#1226=CARTESIAN_POINT('',(-8.722550465,9.991098156,-7.016269365));
#1227=CARTESIAN_POINT('',(-8.744724856,10.182047933,-6.707208928));
#1228=CARTESIAN_POINT('',(-8.762158636,10.36107012,-6.393184027));
#1229=CARTESIAN_POINT('',(-8.779592415,10.540092308,-6.079159126));
#1230=CARTESIAN_POINT('',(-8.792389279,10.707504205,-5.759621398));
#1231=CARTESIAN_POINT('',(-8.799417433,10.864214463,-5.434988216));
#1232=CARTESIAN_POINT('',(-8.813473743,11.177634978,-4.785721853));
#1233=CARTESIAN_POINT('',(-8.805074306,11.448061134,-4.115993501));
#1234=CARTESIAN_POINT('',(-8.761481622,11.682409798,-3.42895627));
#1235=CARTESIAN_POINT('',(-8.739685281,11.799584129,-3.085437654));
#1236=CARTESIAN_POINT('',(-8.708905757,11.907641518,-2.737623871));
#1237=CARTESIAN_POINT('',(-8.667513174,12.006528087,-2.391129161));
#1238=CARTESIAN_POINT('',(-8.626120591,12.105414655,-2.04463445));
#1239=CARTESIAN_POINT('',(-8.57405798,12.195571621,-1.69824331));
#1240=CARTESIAN_POINT('',(-8.508982455,12.278725498,-1.352818436));
#1241=CARTESIAN_POINT('',(-8.44390693,12.361879376,-1.007393562));
#1242=CARTESIAN_POINT('',(-8.365809473,12.438040299,-0.662960544));
#1243=CARTESIAN_POINT('',(-8.271304675,12.509302591,-0.320729876));
#1244=CARTESIAN_POINT('',(-8.176799877,12.580564883,0.021500793));
#1245=CARTESIAN_POINT('',(-8.06549348,12.647126156,0.362685558));
#1246=CARTESIAN_POINT('',(-7.933799724,12.710951915,0.69751226));
#1247=CARTESIAN_POINT('',(-7.802105968,12.774777674,1.032338961));
#1248=CARTESIAN_POINT('',(-7.651686168,12.835157324,1.356733782));
#1249=CARTESIAN_POINT('',(-7.478747339,12.895220353,1.667822021));
#1250=CARTESIAN_POINT('',(-7.30580851,12.955283382,1.978910261));
#1251=CARTESIAN_POINT('',(-7.109306823,13.015769257,2.275916445));
#1252=CARTESIAN_POINT('',(-6.888343275,13.07692553,2.558270042));
#1253=CARTESIAN_POINT('',(-6.777861501,13.107503666,2.699446841));
#1254=CARTESIAN_POINT('',(-6.661164657,13.138126702,2.837614613));
#1255=CARTESIAN_POINT('',(-6.53993778,13.168099693,2.971592891));
#1256=CARTESIAN_POINT('',(-6.418710902,13.198072684,3.10557117));
#1257=CARTESIAN_POINT('',(-6.293558118,13.227244822,3.234829265));
#1258=CARTESIAN_POINT('',(-6.164993803,13.2552936,3.360065922));
#1259=CARTESIAN_POINT('',(-5.907865171,13.311391156,3.610539235));
#1260=CARTESIAN_POINT('',(-5.637145349,13.362981121,3.845000015));
#1261=CARTESIAN_POINT('',(-5.355809904,13.40784157,4.067564962));
#1262=CARTESIAN_POINT('',(-5.074474458,13.452702018,4.290129909));
#1263=CARTESIAN_POINT('',(-4.782544491,13.490813808,4.500785636));
#1264=CARTESIAN_POINT('',(-4.481974817,13.520331684,4.702396502));
#1265=CARTESIAN_POINT('',(-4.181405143,13.549849561,4.904007367));
#1266=CARTESIAN_POINT('',(-3.870972091,13.570765351,5.097269456));
#1267=CARTESIAN_POINT('',(-3.557537635,13.581266873,5.281393385));
#1268=CARTESIAN_POINT('',(-2.930668723,13.602269918,5.649641241));
#1269=CARTESIAN_POINT('',(-2.290736976,13.58210891,5.983109194));
#1270=CARTESIAN_POINT('',(-1.64622758,13.514188643,6.29735183));
#1271=CARTESIAN_POINT('',(-1.001718185,13.446268376,6.611594466));
#1272=CARTESIAN_POINT('',(-0.352454284,13.330768077,6.906297306));
#1273=CARTESIAN_POINT('',(0.296216108,13.160786147,7.190685921));
#1274=CARTESIAN_POINT('',(0.620551304,13.075795181,7.332880229));
#1275=CARTESIAN_POINT('',(0.943953354,12.977250504,7.472015937));
#1276=CARTESIAN_POINT('',(1.261109591,12.86636523,7.606986812));
#1277=CARTESIAN_POINT('',(1.578265828,12.755479956,7.741957687));
#1278=CARTESIAN_POINT('',(1.890533232,12.63192531,7.873356019));
#1279=CARTESIAN_POINT('',(2.197657254,12.495664454,8.001791827));
#1280=CARTESIAN_POINT('',(2.811905299,12.223142742,8.258663443));
#1281=CARTESIAN_POINT('',(3.405442659,11.899890238,8.504033319));
#1282=CARTESIAN_POINT('',(3.976439429,11.52395658,8.73992873));
#1283=CARTESIAN_POINT('',(4.261937814,11.335989751,8.857876435));
#1284=CARTESIAN_POINT('',(4.542481799,11.134292684,8.973664044));
#1285=CARTESIAN_POINT('',(4.815758086,10.920060779,9.086294439));
#1286=CARTESIAN_POINT('',(5.089034373,10.705828875,9.198924834));
#1287=CARTESIAN_POINT('',(5.352591849,10.481080286,9.307384625));
#1288=CARTESIAN_POINT('',(5.60690103,10.246212728,9.41157721));
#1289=CARTESIAN_POINT('',(6.115519392,9.776477612,9.619962379));
#1290=CARTESIAN_POINT('',(6.587205473,9.266395186,9.811467829));
#1291=CARTESIAN_POINT('',(7.024859897,8.717449561,9.982856134));
#1292=CARTESIAN_POINT('',(7.243687108,8.442976749,10.068550286));
#1293=CARTESIAN_POINT('',(7.454004276,8.158762992,10.149150567));
#1294=CARTESIAN_POINT('',(7.65601566,7.864765837,10.224034553));
#1295=CARTESIAN_POINT('',(7.858027044,7.570768682,10.298918539));
#1296=CARTESIAN_POINT('',(8.050181864,7.269152595,10.367487093));
#1297=CARTESIAN_POINT('',(8.231812479,6.962492018,10.42885268));
#1298=CARTESIAN_POINT('',(8.595073707,6.349170863,10.551583854));
#1299=CARTESIAN_POINT('',(8.918412348,5.712880063,10.64632299));
#1300=CARTESIAN_POINT('',(9.205362448,5.054967685,10.710210264));
#1301=CARTESIAN_POINT('',(9.348837498,4.726011496,10.742153901));
#1302=CARTESIAN_POINT('',(9.483154155,4.391619383,10.766378358));
#1303=CARTESIAN_POINT('',(9.608361758,4.051767577,10.782511945));
#1304=CARTESIAN_POINT('',(9.73356936,3.711915771,10.798645531));
#1305=CARTESIAN_POINT('',(9.849943188,3.365498854,10.806638003));
#1306=CARTESIAN_POINT('',(9.955485139,3.018729397,10.806275421));
#1307=CARTESIAN_POINT('',(10.166569041,2.325190483,10.805550255));
#1308=CARTESIAN_POINT('',(10.336352699,1.626377509,10.771786632));
#1309=CARTESIAN_POINT('',(10.464654654,0.92208712,10.707042463));
#1310=CARTESIAN_POINT('',(10.592956609,0.217796731,10.642298295));
#1311=CARTESIAN_POINT('',(10.679767907,-0.4919752,10.54660453));
#1312=CARTESIAN_POINT('',(10.720128402,-1.208356114,10.422030634));
#1313=CARTESIAN_POINT('',(10.74030865,-1.566546572,10.359743687));
#1314=CARTESIAN_POINT('',(10.748563032,-1.92325021,10.290762806));
#1315=CARTESIAN_POINT('',(10.744661386,-2.276406175,10.216174756));
#1316=CARTESIAN_POINT('',(10.74075974,-2.629562139,10.141586705));
#1317=CARTESIAN_POINT('',(10.724736268,-2.979879579,10.061276385));
#1318=CARTESIAN_POINT('',(10.696294373,-3.32747543,9.975830489));
#1319=CARTESIAN_POINT('',(10.639410584,-4.022667132,9.804938696));
#1320=CARTESIAN_POINT('',(10.532997017,-4.707036234,9.613689734));
#1321=CARTESIAN_POINT('',(10.372810602,-5.380817822,9.404871067));
#1322=CARTESIAN_POINT('',(10.292717394,-5.717708617,9.300461734));
#1323=CARTESIAN_POINT('',(10.19861567,-6.053497689,9.191052297));
#1324=CARTESIAN_POINT('',(10.091763086,-6.382157574,9.078787503));
#1325=CARTESIAN_POINT('',(9.984910502,-6.710817459,8.966522708));
#1326=CARTESIAN_POINT('',(9.865577722,-7.032058017,8.851568034));
#1327=CARTESIAN_POINT('',(9.734096164,-7.346076668,8.733987031));
#1328=CARTESIAN_POINT('',(9.47113305,-7.974113969,8.498825023));
#1329=CARTESIAN_POINT('',(9.159545742,-8.573380348,8.253498225));
#1330=CARTESIAN_POINT('',(8.801040841,-9.143824302,7.995758704));
#1331=CARTESIAN_POINT('',(8.621788391,-9.429046279,7.866888943));
#1332=CARTESIAN_POINT('',(8.430795171,-9.707030815,7.734852482));
#1333=CARTESIAN_POINT('',(8.228240566,-9.977581235,7.598942682));
#1334=CARTESIAN_POINT('',(8.025685962,-10.248131655,7.463032881));
#1335=CARTESIAN_POINT('',(7.813372098,-10.508757967,7.324474574));
#1336=CARTESIAN_POINT('',(7.593316938,-10.758401621,7.183197927));
#1337=CARTESIAN_POINT('',(7.153206618,-11.257688928,6.900644633));
#1338=CARTESIAN_POINT('',(6.680562839,-11.715047016,6.606692084));
#1339=CARTESIAN_POINT('',(6.183045792,-12.13199282,6.291636902));
#1340=CARTESIAN_POINT('',(5.934287268,-12.340465721,6.134109311));
#1341=CARTESIAN_POINT('',(5.679360418,-12.538808311,5.971187786));
#1342=CARTESIAN_POINT('',(5.419316704,-12.727012288,5.801220966));
#1343=CARTESIAN_POINT('',(5.159272989,-12.915216265,5.631254145));
#1344=CARTESIAN_POINT('',(4.894110145,-13.093180134,5.454139028));
#1345=CARTESIAN_POINT('',(4.629273185,-13.258702277,5.270355178));
#1346=CARTESIAN_POINT('',(4.099599266,-13.589746561,4.902787476));
#1347=CARTESIAN_POINT('',(3.566847011,-13.873976969,4.507124038));
#1348=CARTESIAN_POINT('',(3.049897266,-14.11402282,4.06109425));
#1349=CARTESIAN_POINT('',(2.920659829,-14.174034283,3.949586803));
#1350=CARTESIAN_POINT('',(2.792422422,-14.231268429,3.834897993));
#1351=CARTESIAN_POINT('',(2.665692116,-14.285740074,3.716411718));
#1352=CARTESIAN_POINT('',(2.53896181,-14.340211719,3.597925444));
#1353=CARTESIAN_POINT('',(2.413349897,-14.392074224,3.47522797));
#1354=CARTESIAN_POINT('',(2.290734045,-14.440737957,3.349272277));
#1355=CARTESIAN_POINT('',(2.04550234,-14.538065424,3.09736089));
#1356=CARTESIAN_POINT('',(1.81292992,-14.622493124,2.833011857));
#1357=CARTESIAN_POINT('',(1.597670103,-14.6945569,2.552929249));
#1358=CARTESIAN_POINT('',(1.382410287,-14.766620676,2.272846641));
#1359=CARTESIAN_POINT('',(1.18582885,-14.826370054,1.976047848));
#1360=CARTESIAN_POINT('',(1.007789934,-14.873477078,1.662539939));
#1361=CARTESIAN_POINT('',(0.918770477,-14.89703059,1.505785984));
#1362=CARTESIAN_POINT('',(0.833771748,-14.917463182,1.344443164));
#1363=CARTESIAN_POINT('',(0.753437776,-14.934431627,1.181136521));
#1364=CARTESIAN_POINT('',(0.673103803,-14.951400073,1.017829878));
#1365=CARTESIAN_POINT('',(0.597492112,-14.96490843,0.852886676));
#1366=CARTESIAN_POINT('',(0.525746444,-14.975050968,0.686614295));
#1367=CARTESIAN_POINT('',(0.238763771,-15.01562112,0.021524768));
#1368=CARTESIAN_POINT('',(0.011944293,-15.002837742,-0.66421889));
#1369=CARTESIAN_POINT('',(-0.189687708,-14.937185752,-1.358123838));
#1370=CARTESIAN_POINT('',(-0.290503708,-14.904359757,-1.705076312));
#1371=CARTESIAN_POINT('',(-0.385000731,-14.85794576,-2.055507642));
#1372=CARTESIAN_POINT('',(-0.474636875,-14.7987526,-2.402424048));
#1373=CARTESIAN_POINT('',(-0.564273019,-14.73955944,-2.749340453));
#1374=CARTESIAN_POINT('',(-0.64920671,-14.667639309,-3.093353789));
#1375=CARTESIAN_POINT('',(-0.732063159,-14.583292763,-3.433898036));
#1376=CARTESIAN_POINT('',(-0.897776059,-14.41459967,-4.114986531));
#1377=CARTESIAN_POINT('',(-1.055384722,-14.196384787,-4.782207897));
#1378=CARTESIAN_POINT('',(-1.21909155,-13.928652443,-5.431984618));
#1379=CARTESIAN_POINT('',(-1.300944963,-13.794786271,-5.756872978));
#1380=CARTESIAN_POINT('',(-1.384185928,-13.648494012,-6.077419825));
#1381=CARTESIAN_POINT('',(-1.470305744,-13.489470756,-6.393151003));
#1382=CARTESIAN_POINT('',(-1.55642556,-13.3304475,-6.708882181));
#1383=CARTESIAN_POINT('',(-1.645096323,-13.159064442,-7.018792656));
#1384=CARTESIAN_POINT('',(-1.736114268,-12.978000175,-7.318293427));
#1385=B_SPLINE_CURVE_WITH_KNOTS('',3,(#1225,#1226,#1227,#1228,#1229,#1230,#1231,#1232,#1233,#1234,#1235,#1236,#1237,#1238,#1239,#1240,#1241,#1242,#1243,#1244,#1245,#1246,#1247,#1248,#1249,#1250,
#1251,#1252,#1253,#1254,#1255,#1256,#1257,#1258,#1259,#1260,#1261,#1262,#1263,#1264,#1265,#1266,#1267,#1268,#1269,#1270,#1271,#1272,#1273,#1274,#1275,
#1276,#1277,#1278,#1279,#1280,#1281,#1282,#1283,#1284,#1285,#1286,#1287,#1288,#1289,#1290,#1291,#1292,#1293,#1294,#1295,#1296,#1297,#1298,#1299,#1300,
#1301,#1302,#1303,#1304,#1305,#1306,#1307,#1308,#1309,#1310,#1311,#1312,#1313,#1314,#1315,#1316,#1317,#1318,#1319,#1320,#1321,#1322,#1323,#1324,#1325,
#1326,#1327,#1328,#1329,#1330,#1331,#1332,#1333,#1334,#1335,#1336,#1337,#1338,#1339,#1340,#1341,#1342,#1343,#1344,#1345,#1346,#1347,#1348,#1349,#1350,
#1351,#1352,#1353,#1354,#1355,#1356,#1357,#1358,#1359,#1360,#1361,#1362,#1363,#1364,#1365,#1366,#1367,#1368,#1369,#1370,#1371,#1372,#1373,#1374,#1375,
#1376,#1377,#1378,#1379,#1380,#1381,#1382,#1383,#1384),.UNSPECIFIED.,.F.,.F.,(4,3,3,3,3,3,3,3,3,3,3,3,3,3,3,3,3,3,3,3,3,3,3,3,3,3,
3,3,3,3,3,3,3,3,3,3,3,3,3,3,3,3,3,3,3,3,3,3,3,3,3,
3,3,4),(0.058643774,0.059579475,0.060515176,0.062386578,0.063322279,0.06425798,0.065193681,0.066129383,0.067065084,0.068000785,0.068468635,0.068936486,0.069872187,0.070807888,0.071743589,0.073614991,0.075486393,0.076422094,0.077357795,0.079229197,0.080164898,0.0811006,0.082972002,0.083907703,0.084843404,0.086714806,
0.087650507,0.088586208,0.09045761,0.092329012,0.093264713,0.094200414,0.096071816,0.097007518,0.097943219,0.099814621,0.100750322,0.101686023,0.103557425,0.104493126,0.105428827,0.107300229,0.10776808,0.10823593,0.109171631,0.110107332,0.110575183,0.111043033,0.112914436,0.113850137,0.114785838,
0.11665724,0.117592941,0.118528642),.UNSPECIFIED.);
#1386=EDGE_CURVE('',#1061,#331,#1385,.T.);
#1387=ORIENTED_EDGE('',*,*,#1386,.T.);
#1388=EDGE_LOOP('',(#340,#349,#376,#383,#384,#447,#510,#519,#562,#563,#572,#632,#690,#691,#700,#727,#736,#754,#761,#762,#927,#936,#945,#954,#963,#1023,
#1032,#1041,#1050,#1059,#1224,#1387));
#1389=FACE_BOUND('',#1388,.T.);
#1390=ADVANCED_FACE('',(#1389),#329,.T.);
#1391=CARTESIAN_POINT('',(5.631526967,6.334711881,10.531821812));
#1392=CARTESIAN_POINT('',(5.777227936,6.462465909,10.656318583));
#1393=CARTESIAN_POINT('',(5.945025625,6.596955937,10.747942294));
#1394=CARTESIAN_POINT('',(6.305138205,6.863637465,10.854699647));
#1395=CARTESIAN_POINT('',(6.497368072,6.995766,10.869808083));
#1396=CARTESIAN_POINT('',(6.883633763,7.242105001,10.821712833));
#1397=CARTESIAN_POINT('',(7.077578387,7.356257304,10.758520503));
#1398=CARTESIAN_POINT('',(7.444348924,7.553141827,10.561256472));
#1399=CARTESIAN_POINT('',(7.61708824,7.63582756,10.427231345));
#1400=CARTESIAN_POINT('',(7.769053752,7.697908833,10.265671113));
#1401=CARTESIAN_POINT('',(5.85690133,5.968302356,10.608201862));
#1402=CARTESIAN_POINT('',(6.006836584,6.089928139,10.73701975));
#1403=CARTESIAN_POINT('',(6.1795043,6.21848549,10.832736667));
#1404=CARTESIAN_POINT('',(6.549786248,6.474171191,10.946596602));
#1405=CARTESIAN_POINT('',(6.747310678,6.601237412,10.964712033));
#1406=CARTESIAN_POINT('',(7.143653833,6.838703127,10.921165165));
#1407=CARTESIAN_POINT('',(7.342376429,6.949044928,10.859513466));
#1408=CARTESIAN_POINT('',(7.71730777,7.139823123,10.663785014));
#1409=CARTESIAN_POINT('',(7.89342557,7.220213174,10.529755775));
#1410=CARTESIAN_POINT('',(8.047730026,7.280824048,10.367528038));
#1411=CARTESIAN_POINT('',(6.065673902,5.592061987,10.673839516));
#1412=CARTESIAN_POINT('',(6.219524838,5.707231602,10.806616994));
#1413=CARTESIAN_POINT('',(6.396707027,5.829517282,10.906087299));
#1414=CARTESIAN_POINT('',(6.776407387,6.073589287,11.026442022));
#1415=CARTESIAN_POINT('',(6.978831038,6.195314753,11.047296496));
#1416=CARTESIAN_POINT('',(7.384460176,6.423481867,11.007852001));
#1417=CARTESIAN_POINT('',(7.587564683,6.529866632,10.947562876));
#1418=CARTESIAN_POINT('',(7.969905792,6.714424797,10.753110982));
#1419=CARTESIAN_POINT('',(8.149047204,6.792552195,10.618996649));
#1420=CARTESIAN_POINT('',(8.305377258,6.851823302,10.456067282));
#1421=CARTESIAN_POINT('',(6.454537022,4.821727045,10.783394219));
#1422=CARTESIAN_POINT('',(6.61567502,4.923368503,10.923006426));
#1423=CARTESIAN_POINT('',(6.801192839,5.03244994,11.028961032));
#1424=CARTESIAN_POINT('',(7.198165582,5.252061481,11.160521578));
#1425=CARTESIAN_POINT('',(7.409517206,5.362534341,11.186093298));
#1426=CARTESIAN_POINT('',(7.831949956,5.571213031,11.153676148));
#1427=CARTESIAN_POINT('',(8.042921151,5.669364478,11.095695738));
#1428=CARTESIAN_POINT('',(8.438418288,5.841208524,10.903327298));
#1429=CARTESIAN_POINT('',(8.6228413,5.914856348,10.768989357));
#1430=CARTESIAN_POINT('',(8.782593836,5.971697287,10.604762797));
#1431=CARTESIAN_POINT('',(6.634625614,4.427630763,10.827306777));
#1432=CARTESIAN_POINT('',(6.799135811,4.522200466,10.969792626));
#1433=CARTESIAN_POINT('',(6.988475234,4.624349451,11.078476552));
#1434=CARTESIAN_POINT('',(7.39330236,4.831114338,11.214745397));
#1435=CARTESIAN_POINT('',(7.608682703,4.935675342,11.242294183));
#1436=CARTESIAN_POINT('',(8.038632942,5.134164188,11.212800617));
#1437=CARTESIAN_POINT('',(8.253088814,5.228039338,11.155766098));
#1438=CARTESIAN_POINT('',(8.654332377,5.393389327,10.964205048));
#1439=CARTESIAN_POINT('',(8.841013651,5.46482028,10.829729334));
#1440=CARTESIAN_POINT('',(9.002163689,5.520570887,10.664908335));
#1441=CARTESIAN_POINT('',(6.968649596,3.622447652,10.892713817));
#1442=CARTESIAN_POINT('',(7.139416,3.702350393,11.039550395));
#1443=CARTESIAN_POINT('',(7.335696325,3.790045936,11.15236893));
#1444=CARTESIAN_POINT('',(7.754573632,3.969974403,11.295766418));
#1445=CARTESIAN_POINT('',(7.977056364,4.062158189,11.326306263));
#1446=CARTESIAN_POINT('',(8.420099663,4.239352416,11.301224093));
#1447=CARTESIAN_POINT('',(8.640539384,4.324314476,11.245608929));
#1448=CARTESIAN_POINT('',(9.051501401,4.476266838,11.055233712));
#1449=CARTESIAN_POINT('',(9.2419116,4.54321566,10.920525597));
#1450=CARTESIAN_POINT('',(9.405264265,4.596921304,10.754777655));
#1451=CARTESIAN_POINT('',(7.122592016,3.211364283,10.914209586));
#1452=CARTESIAN_POINT('',(7.296243869,3.283672957,11.062522224));
#1453=CARTESIAN_POINT('',(7.495644724,3.363848576,11.176744648));
#1454=CARTESIAN_POINT('',(7.920719891,3.529788975,11.322559489));
#1455=CARTESIAN_POINT('',(8.146277124,3.615508031,11.354111743));
#1456=CARTESIAN_POINT('',(8.59489737,3.781598132,11.330514512));
#1457=CARTESIAN_POINT('',(8.817836819,3.861923414,11.275371527));
#1458=CARTESIAN_POINT('',(9.232771855,4.006971562,11.08537276));
#1459=CARTESIAN_POINT('',(9.424653154,4.071654467,10.950569313));
#1460=CARTESIAN_POINT('',(9.58881137,4.124404517,10.784488477));
#1461=CARTESIAN_POINT('',(7.334266512,2.581935287,10.928832113));
#1462=CARTESIAN_POINT('',(7.511874649,2.642556929,11.078147884));
#1463=CARTESIAN_POINT('',(7.715390889,2.711097706,11.193324569));
#1464=CARTESIAN_POINT('',(8.148411995,2.855318664,11.340783009));
#1465=CARTESIAN_POINT('',(8.377796818,2.930958859,11.373023885));
#1466=CARTESIAN_POINT('',(8.833204494,3.079698912,11.350437368));
#1467=CARTESIAN_POINT('',(9.059101095,3.152757532,11.295616235));
#1468=CARTESIAN_POINT('',(9.478611959,3.286979938,11.105875458));
#1469=CARTESIAN_POINT('',(9.672109921,3.348106512,10.971008415));
#1470=CARTESIAN_POINT('',(9.837072268,3.399369663,10.804702543));
#1471=CARTESIAN_POINT('',(7.401311482,2.370791088,10.930733272));
#1472=CARTESIAN_POINT('',(7.580169855,2.427482782,11.080180054));
#1473=CARTESIAN_POINT('',(7.784956859,2.492101099,11.195481631));
#1474=CARTESIAN_POINT('',(8.220388432,2.628987174,11.343155741));
#1475=CARTESIAN_POINT('',(8.450912185,2.701216954,11.3754873));
#1476=CARTESIAN_POINT('',(8.908308406,2.844079836,11.353034629));
#1477=CARTESIAN_POINT('',(9.135053963,2.914673301,11.298256628));
#1478=CARTESIAN_POINT('',(9.555852441,3.045221834,11.108551886));
#1479=CARTESIAN_POINT('',(9.749788605,3.10514068,10.973677781));
#1480=CARTESIAN_POINT('',(9.914950667,3.155900491,10.807343718));
#1481=CARTESIAN_POINT('',(7.527646176,1.948634434,10.928653245));
#1482=CARTESIAN_POINT('',(7.708852135,1.997469788,11.07795694));
#1483=CARTESIAN_POINT('',(7.915963199,2.054226948,11.193122389));
#1484=CARTESIAN_POINT('',(8.355712675,2.176382389,11.340562054));
#1485=CARTESIAN_POINT('',(8.588229184,2.241746809,11.372795399));
#1486=CARTESIAN_POINT('',(9.049038878,2.372754262,11.350198639));
#1487=CARTESIAN_POINT('',(9.277204324,2.43836098,11.295374796));
#1488=CARTESIAN_POINT('',(9.700101714,2.56145484,11.105633449));
#1489=CARTESIAN_POINT('',(9.894716429,2.618907859,10.970768543));
#1490=CARTESIAN_POINT('',(10.060148648,2.668621531,10.804466724));
#1491=CARTESIAN_POINT('',(7.587076735,1.737200838,10.924681449));
#1492=CARTESIAN_POINT('',(7.769381968,1.782101749,11.073711559));
#1493=CARTESIAN_POINT('',(7.977548245,1.834912176,11.188616715));
#1494=CARTESIAN_POINT('',(8.419208831,1.949656852,11.335608115));
#1495=CARTESIAN_POINT('',(8.652580924,2.011559354,11.367653685));
#1496=CARTESIAN_POINT('',(9.114818794,2.136576583,11.344781495));
#1497=CARTESIAN_POINT('',(9.343556661,2.19965672,11.289870064));
#1498=CARTESIAN_POINT('',(9.767267982,2.318962445,11.100058904));
#1499=CARTESIAN_POINT('',(9.962124186,2.375155023,10.9652117));
#1500=CARTESIAN_POINT('',(10.12762779,2.424325045,10.79897166));
#1501=CARTESIAN_POINT('',(7.754234862,1.101824401,10.904128174));
#1502=CARTESIAN_POINT('',(7.939606083,1.134929311,11.051752442));
#1503=CARTESIAN_POINT('',(8.150613275,1.175878401,11.165320386));
#1504=CARTESIAN_POINT('',(8.597263642,1.268298945,11.310008377));
#1505=CARTESIAN_POINT('',(8.83278433,1.319745079,11.341088752));
#1506=CARTESIAN_POINT('',(9.298486614,1.426617689,11.316799251));
#1507=CARTESIAN_POINT('',(9.5285405,1.482014879,11.261436039));
#1508=CARTESIAN_POINT('',(9.954013937,1.589740214,11.071261251));
#1509=CARTESIAN_POINT('',(10.149316811,1.642038831,10.936501826));
#1510=CARTESIAN_POINT('',(10.314859333,1.689473082,10.77057564));
#1511=CARTESIAN_POINT('',(7.850898406,0.676820315,10.878919579));
#1512=CARTESIAN_POINT('',(8.038005785,0.702072922,11.024823034));
#1513=CARTESIAN_POINT('',(8.250474446,0.73508795,11.136754359));
#1514=CARTESIAN_POINT('',(8.699460028,0.812505654,11.278623046));
#1515=CARTESIAN_POINT('',(8.935855188,0.856887399,11.308521952));
#1516=CARTESIAN_POINT('',(9.402772848,0.951431753,11.282496949));
#1517=CARTESIAN_POINT('',(9.63316873,1.001568776,11.226580106));
#1518=CARTESIAN_POINT('',(10.058910813,1.101283444,11.035958299));
#1519=CARTESIAN_POINT('',(10.254141566,1.150834083,10.901305029));
#1520=CARTESIAN_POINT('',(10.419477574,1.196969139,10.735761531));
#1521=CARTESIAN_POINT('',(8.013358727,-0.17643717,10.806065684));
#1522=CARTESIAN_POINT('',(8.203238579,-0.166764838,10.94716404));
#1523=CARTESIAN_POINT('',(8.417723677,-0.149557174,11.054530116));
#1524=CARTESIAN_POINT('',(8.869384954,-0.102191183,11.18852538));
#1525=CARTESIAN_POINT('',(9.10644239,-0.072045245,11.215119358));
#1526=CARTESIAN_POINT('',(9.573701296,-0.00254789,11.184213559));
#1527=CARTESIAN_POINT('',(9.803779927,0.036785309,11.126721918));
#1528=CARTESIAN_POINT('',(10.228389297,0.119762821,10.934770034));
#1529=CARTESIAN_POINT('',(10.422808411,0.163385354,10.800360258));
#1530=CARTESIAN_POINT('',(10.587323379,0.206446379,10.63582565));
#1531=CARTESIAN_POINT('',(8.079156954,-0.604690501,10.758422811));
#1532=CARTESIAN_POINT('',(8.270072176,-0.602745839,10.896438055));
#1533=CARTESIAN_POINT('',(8.485111602,-0.593411085,11.000876802));
#1534=CARTESIAN_POINT('',(8.937112587,-0.561093284,11.129820196));
#1535=CARTESIAN_POINT('',(9.173957689,-0.538118476,11.154291653));
#1536=CARTESIAN_POINT('',(9.640342413,-0.481339684,11.120241659));
#1537=CARTESIAN_POINT('',(9.869761879,-0.447550254,11.061729004));
#1538=CARTESIAN_POINT('',(10.292969939,-0.373300061,10.868893497));
#1539=CARTESIAN_POINT('',(10.486649504,-0.332858376,10.734620338));
#1540=CARTESIAN_POINT('',(10.650549737,-0.291573242,10.570710886));
#1541=CARTESIAN_POINT('',(8.152030417,-1.250162457,10.670284842));
#1542=CARTESIAN_POINT('',(8.34388735,-1.259688335,10.802879319));
#1543=CARTESIAN_POINT('',(8.559040408,-1.262074897,10.902176781));
#1544=CARTESIAN_POINT('',(9.010049268,-1.252279485,11.022230357));
#1545=CARTESIAN_POINT('',(9.245792855,-1.240099927,11.04295661));
#1546=CARTESIAN_POINT('',(9.709391452,-1.202640163,11.003314914));
#1547=CARTESIAN_POINT('',(9.937131116,-1.17736926,10.942956834));
#1548=CARTESIAN_POINT('',(10.357087535,-1.11678429,10.748429561));
#1549=CARTESIAN_POINT('',(10.549199803,-1.081485284,10.614308769));
#1550=CARTESIAN_POINT('',(10.711887828,-1.043302932,10.451400216));
#1551=CARTESIAN_POINT('',(8.172037631,-1.466498294,10.638011696));
#1552=CARTESIAN_POINT('',(8.364106545,-1.47983955,10.76866076));
#1553=CARTESIAN_POINT('',(8.579176985,-1.486130816,10.866113889));
#1554=CARTESIAN_POINT('',(9.029601977,-1.483858053,10.982975883));
#1555=CARTESIAN_POINT('',(9.26484587,-1.475294558,11.002356047));
#1556=CARTESIAN_POINT('',(9.727265397,-1.44433463,10.960698233));
#1557=CARTESIAN_POINT('',(9.954327427,-1.421945783,10.899670497));
#1558=CARTESIAN_POINT('',(10.373003515,-1.36602545,10.704515888));
#1559=CARTESIAN_POINT('',(10.564514715,-1.332507689,10.570436964));
#1560=CARTESIAN_POINT('',(10.726748442,-1.295435729,10.407873294));
#1561=CARTESIAN_POINT('',(8.202500529,-1.89647332,10.568530115));
#1562=CARTESIAN_POINT('',(8.39477354,-1.917339973,10.695105294));
#1563=CARTESIAN_POINT('',(8.609438483,-1.931341656,10.788697754));
#1564=CARTESIAN_POINT('',(9.058213545,-1.943959353,10.898871163));
#1565=CARTESIAN_POINT('',(9.292216283,-1.942572324,10.91542576));
#1566=CARTESIAN_POINT('',(9.751831193,-1.924567465,10.869517742));
#1567=CARTESIAN_POINT('',(9.977333393,-1.907953921,10.807066119));
#1568=CARTESIAN_POINT('',(10.39310982,-1.861463421,10.610539924));
#1569=CARTESIAN_POINT('',(10.583284564,-1.831597575,10.47651238));
#1570=CARTESIAN_POINT('',(10.744522075,-1.796873093,10.314630621));
#1571=CARTESIAN_POINT('',(8.212988981,-2.110078726,10.531349228));
#1572=CARTESIAN_POINT('',(8.405254915,-2.134655075,10.65579734));
#1573=CARTESIAN_POINT('',(8.619597981,-2.152462082,10.747374793));
#1574=CARTESIAN_POINT('',(9.067309139,-2.172446667,10.854053515));
#1575=CARTESIAN_POINT('',(9.300571574,-2.174619505,10.86912962));
#1576=CARTESIAN_POINT('',(9.758563143,-2.16306866,10.820989037));
#1577=CARTESIAN_POINT('',(9.983184196,-2.149347683,10.757783716));
#1578=CARTESIAN_POINT('',(10.397343042,-2.107620916,10.560513856));
#1579=CARTESIAN_POINT('',(10.586783098,-2.079624959,10.426495875));
#1580=CARTESIAN_POINT('',(10.747479128,-2.046136776,10.264950985));
#1581=CARTESIAN_POINT('',(8.229817753,-2.746979544,10.412838584));
#1582=CARTESIAN_POINT('',(8.421732522,-2.782537904,10.530715574));
#1583=CARTESIAN_POINT('',(8.634765396,-2.811618456,10.616069565));
#1584=CARTESIAN_POINT('',(9.078611733,-2.853473172,10.7119393));
#1585=CARTESIAN_POINT('',(9.309324851,-2.866237776,10.722433414));
#1586=CARTESIAN_POINT('',(9.761846945,-2.873964582,10.66734033));
#1587=CARTESIAN_POINT('',(9.983553621,-2.868924951,10.60176562));
#1588=CARTESIAN_POINT('',(10.392408561,-2.841608794,10.40209067));
#1589=CARTESIAN_POINT('',(10.579464398,-2.819338381,10.268035592));
#1590=CARTESIAN_POINT('',(10.738412509,-2.789730901,10.107457964));
#1591=CARTESIAN_POINT('',(8.221558738,-3.166369994,10.324563744));
#1592=CARTESIAN_POINT('',(8.412798624,-3.209053209,10.437809387));
#1593=CARTESIAN_POINT('',(8.624498306,-3.245458993,10.518779206));
#1594=CARTESIAN_POINT('',(9.064870726,-3.301585461,10.607014401));
#1595=CARTESIAN_POINT('',(9.29344684,-3.321293737,10.614260461));
#1596=CARTESIAN_POINT('',(9.741524328,-3.34175966,10.554195192));
#1597=CARTESIAN_POINT('',(9.960927394,-3.342512736,10.486897078));
#1598=CARTESIAN_POINT('',(10.365645504,-3.32496452,10.285386252));
#1599=CARTESIAN_POINT('',(10.550871752,-3.306667017,10.15121778));
#1600=CARTESIAN_POINT('',(10.708489601,-3.279877794,9.991225623));
#1601=CARTESIAN_POINT('',(8.162901108,-3.995719145,10.130839329));
#1602=CARTESIAN_POINT('',(8.351916667,-4.052341186,10.234697717));
#1603=CARTESIAN_POINT('',(8.560108167,-4.103076848,10.30677626));
#1604=CARTESIAN_POINT('',(8.991972561,-4.18718956,10.379461864));
#1605=CARTESIAN_POINT('',(9.215556161,-4.220549125,10.380053941));
#1606=CARTESIAN_POINT('',(9.653465808,-4.266198427,10.309677022));
#1607=CARTESIAN_POINT('',(9.867701316,-4.278478643,10.238722615));
#1608=CARTESIAN_POINT('',(10.263200529,-4.280591615,10.033080424));
#1609=CARTESIAN_POINT('',(10.444382465,-4.270423873,9.898435187));
#1610=CARTESIAN_POINT('',(10.599045432,-4.249587134,9.739362526));
#1611=CARTESIAN_POINT('',(8.112497838,-4.405680138,10.025398182));
#1612=CARTESIAN_POINT('',(8.299964387,-4.469116833,10.124501289));
#1613=CARTESIAN_POINT('',(8.50598134,-4.526857818,10.192073198));
#1614=CARTESIAN_POINT('',(8.932812332,-4.624686083,10.256844465));
#1615=CARTESIAN_POINT('',(9.153540685,-4.664753644,10.254030859));
#1616=CARTESIAN_POINT('',(9.585727296,-4.722847432,10.178314819));
#1617=CARTESIAN_POINT('',(9.797098797,-4.740861927,10.10542762));
#1618=CARTESIAN_POINT('',(10.187515435,-4.752867193,9.897490024));
#1619=CARTESIAN_POINT('',(10.366482199,-4.746855499,9.762481399));
#1620=CARTESIAN_POINT('',(10.519519894,-4.729151893,9.603742675));
#1621=CARTESIAN_POINT('',(8.002034798,-5.014019419,9.854758958));
#1622=CARTESIAN_POINT('',(8.186543874,-5.087510823,9.946850711));
#1623=CARTESIAN_POINT('',(8.38872951,-5.155572926,10.007762728));
#1624=CARTESIAN_POINT('',(8.807007464,-5.273616138,10.060767516));
#1625=CARTESIAN_POINT('',(9.023019208,-5.323574486,10.052850087));
#1626=CARTESIAN_POINT('',(9.445875365,-5.400062784,9.969016692));
#1627=CARTESIAN_POINT('',(9.652638322,-5.426577982,9.893116885));
#1628=CARTESIAN_POINT('',(10.034902196,-5.453335724,9.681403061));
#1629=CARTESIAN_POINT('',(10.210329475,-5.4535731,9.545629835));
#1630=CARTESIAN_POINT('',(10.360748073,-5.440655627,9.38714164));
#1631=CARTESIAN_POINT('',(7.959395674,-5.215695762,9.795792389));
#1632=CARTESIAN_POINT('',(8.142813393,-5.292510824,9.88556651));
#1633=CARTESIAN_POINT('',(8.343626994,-5.363982167,9.944274474));
#1634=CARTESIAN_POINT('',(8.758886608,-5.488704002,9.993373305));
#1635=CARTESIAN_POINT('',(8.973253701,-5.541930773,9.983754851));
#1636=CARTESIAN_POINT('',(9.392875097,-5.624505194,9.897196856));
#1637=CARTESIAN_POINT('',(9.598049652,-5.653837134,9.820273776));
#1638=CARTESIAN_POINT('',(9.977507709,-5.685497814,9.607245757));
#1639=CARTESIAN_POINT('',(10.151719095,-5.687820523,9.471181312));
#1640=CARTESIAN_POINT('',(10.301234667,-5.676512534,9.312735299));
#1641=CARTESIAN_POINT('',(7.861835799,-5.616878521,9.673644424));
#1642=CARTESIAN_POINT('',(8.042863956,-5.700294949,9.758848367));
#1643=CARTESIAN_POINT('',(8.240753003,-5.778530777,9.813202725));
#1644=CARTESIAN_POINT('',(8.649666035,-5.916499543,9.854558849));
#1645=CARTESIAN_POINT('',(8.860614291,-5.976206911,9.841552966));
#1646=CARTESIAN_POINT('',(9.27354897,-6.070853667,9.749527536));
#1647=CARTESIAN_POINT('',(9.475458917,-6.10577551,9.67052504));
#1648=CARTESIAN_POINT('',(9.849158983,-6.147181091,9.454760376));
#1649=CARTESIAN_POINT('',(10.020879893,-6.153657149,9.318038174));
#1650=CARTESIAN_POINT('',(10.168539418,-6.145568904,9.159588306));
#1651=CARTESIAN_POINT('',(7.806962126,-5.815984868,9.610566988));
#1652=CARTESIAN_POINT('',(7.986693694,-5.902672427,9.693523178));
#1653=CARTESIAN_POINT('',(8.183032467,-5.984256735,9.745732508));
#1654=CARTESIAN_POINT('',(8.588622437,-6.128780509,9.783259812));
#1655=CARTESIAN_POINT('',(8.797799436,-6.191693519,9.768570929));
#1656=CARTESIAN_POINT('',(9.207288018,-6.292314286,9.673807991));
#1657=CARTESIAN_POINT('',(9.40752469,-6.330003621,9.593751279));
#1658=CARTESIAN_POINT('',(9.778277781,-6.376241261,9.376566453));
#1659=CARTESIAN_POINT('',(9.948726376,-6.384781097,9.239478076));
#1660=CARTESIAN_POINT('',(10.095434549,-6.378299822,9.080981842));
#1661=CARTESIAN_POINT('',(7.625690653,-6.402324246,9.417529612));
#1662=CARTESIAN_POINT('',(7.801289828,-6.498642557,9.493953738));
#1663=CARTESIAN_POINT('',(7.99278965,-6.590073015,9.539915429));
#1664=CARTESIAN_POINT('',(8.388125019,-6.753855107,9.566245967));
#1665=CARTESIAN_POINT('',(8.591890719,-6.826177739,9.54661019));
#1666=CARTESIAN_POINT('',(8.990905986,-6.944326037,9.443736691));
#1667=CARTESIAN_POINT('',(9.186085055,-6.990130771,9.360517174));
#1668=CARTESIAN_POINT('',(9.547946609,-7.050538281,9.138975771));
#1669=CARTESIAN_POINT('',(9.714565158,-7.065130341,9.000693056));
#1670=CARTESIAN_POINT('',(9.858403115,-7.063366597,8.841928216));
#1671=CARTESIAN_POINT('',(7.48206451,-6.781154797,9.283051168));
#1672=CARTESIAN_POINT('',(7.65457164,-6.883693248,9.355375918));
#1673=CARTESIAN_POINT('',(7.84257775,-6.981466252,9.397397189));
#1674=CARTESIAN_POINT('',(8.230658937,-7.157631078,9.416604169));
#1675=CARTESIAN_POINT('',(8.430666752,-7.235992326,9.393786565));
#1676=CARTESIAN_POINT('',(8.822479389,-7.365377193,9.285609211));
#1677=CARTESIAN_POINT('',(9.014216302,-7.416378351,9.200268229));
#1678=CARTESIAN_POINT('',(9.370046432,-7.485858585,8.975676956));
#1679=CARTESIAN_POINT('',(9.534077976,-7.504325592,8.836465611));
#1680=CARTESIAN_POINT('',(9.675968152,-7.50558829,8.677348111));
#1681=CARTESIAN_POINT('',(7.149174401,-7.515751963,9.002137996));
#1682=CARTESIAN_POINT('',(7.314924549,-7.630400101,9.066801581));
#1683=CARTESIAN_POINT('',(7.495520793,-7.740481536,9.101410127));
#1684=CARTESIAN_POINT('',(7.868500592,-7.94059071,9.107088248));
#1685=CARTESIAN_POINT('',(8.060821492,-8.030584791,9.078156886));
#1686=CARTESIAN_POINT('',(8.438057913,-8.181523744,8.959624473));
#1687=CARTESIAN_POINT('',(8.622910062,-8.242443225,8.870043354));
#1688=CARTESIAN_POINT('',(8.966755147,-8.329137667,8.639135692));
#1689=CARTESIAN_POINT('',(9.125690317,-8.354898037,8.497847959));
#1690=CARTESIAN_POINT('',(9.263759176,-8.361792967,8.337731694));
#1691=CARTESIAN_POINT('',(6.959910897,-7.871514007,8.855715859));
#1692=CARTESIAN_POINT('',(7.121996004,-7.99205149,8.916816573));
#1693=CARTESIAN_POINT('',(7.298675635,-8.108098721,8.947951719));
#1694=CARTESIAN_POINT('',(7.663806874,-8.31976955,8.947222537));
#1695=CARTESIAN_POINT('',(7.852197846,-8.415357975,8.915358337));
#1696=CARTESIAN_POINT('',(8.222058767,-8.576614881,8.791773233));
#1697=CARTESIAN_POINT('',(8.403467293,-8.642256566,8.700072862));
#1698=CARTESIAN_POINT('',(8.741356921,-8.737093187,8.465897898));
#1699=CARTESIAN_POINT('',(8.897781907,-8.766272362,8.323462204));
#1700=CARTESIAN_POINT('',(9.033976649,-8.775773442,8.162699805));
#1701=CARTESIAN_POINT('',(6.641489827,-8.387986147,8.625528653));
#1702=CARTESIAN_POINT('',(6.797700822,-8.51713474,8.681647383));
#1703=CARTESIAN_POINT('',(6.968248914,-8.641870997,8.707886086));
#1704=CARTESIAN_POINT('',(7.321302092,-8.870291308,8.698031759));
#1705=CARTESIAN_POINT('',(7.503749217,-8.973937858,8.661940349));
#1706=CARTESIAN_POINT('',(7.862600955,-9.149943523,8.530967079));
#1707=CARTESIAN_POINT('',(8.038946656,-9.222273739,8.436106724));
#1708=CARTESIAN_POINT('',(8.368192154,-9.328498516,8.196937238));
#1709=CARTESIAN_POINT('',(8.5210379,-9.362375634,8.052667376));
#1710=CARTESIAN_POINT('',(8.654615579,-9.375356971,7.890783311));
#1711=CARTESIAN_POINT('',(6.529592641,-8.557275251,8.547025856));
#1712=CARTESIAN_POINT('',(6.68378261,-8.6892568,8.601543799));
#1713=CARTESIAN_POINT('',(6.852243877,-8.816845852,8.626202217));
#1714=CARTESIAN_POINT('',(7.201219863,-9.050750017,8.613386531));
#1715=CARTESIAN_POINT('',(7.381677457,-9.157026838,8.575914525));
#1716=CARTESIAN_POINT('',(7.736868468,-9.337827117,8.442510156));
#1717=CARTESIAN_POINT('',(7.911543743,-9.412320978,8.34659963));
#1718=CARTESIAN_POINT('',(8.237956403,-9.522204327,8.105749919));
#1719=CARTESIAN_POINT('',(8.389640357,-9.557575828,7.960850161));
#1720=CARTESIAN_POINT('',(8.522378415,-9.571645969,7.798567076));
#1721=CARTESIAN_POINT('',(6.294202114,-8.890065639,8.385999528));
#1722=CARTESIAN_POINT('',(6.444230665,-9.027639426,8.437423781));
#1723=CARTESIAN_POINT('',(6.608440851,-9.160847539,8.459015354));
#1724=CARTESIAN_POINT('',(6.949182421,-9.405518582,8.440423933));
#1725=CARTESIAN_POINT('',(7.125658245,-9.516941613,8.400243971));
#1726=CARTESIAN_POINT('',(7.473579611,-9.707077143,8.262040992));
#1727=CARTESIAN_POINT('',(7.644968422,-9.785758637,8.164040512));
#1728=CARTESIAN_POINT('',(7.965858877,-9.902662211,7.919815682));
#1729=CARTESIAN_POINT('',(8.115308197,-9.940865229,7.773631157));
#1730=CARTESIAN_POINT('',(8.246461546,-9.956953315,7.610515192));
#1731=CARTESIAN_POINT('',(6.170423983,-9.053877055,8.303296655));
#1732=CARTESIAN_POINT('',(6.318307332,-9.194215325,8.353224867));
#1733=CARTESIAN_POINT('',(6.480348449,-9.330194879,8.373326752));
#1734=CARTESIAN_POINT('',(6.816923632,-9.580158742,8.351915013));
#1735=CARTESIAN_POINT('',(6.99140287,-9.694102332,8.310404877));
#1736=CARTESIAN_POINT('',(7.33570752,-9.888786733,8.16982936));
#1737=CARTESIAN_POINT('',(7.505476845,-9.969495829,8.070786878));
#1738=CARTESIAN_POINT('',(7.823672279,-10.089766921,7.82486353));
#1739=CARTESIAN_POINT('',(7.972046554,-10.129309324,7.678022726));
#1740=CARTESIAN_POINT('',(8.102453343,-10.146328011,7.51447197));
#1741=CARTESIAN_POINT('',(5.78604698,-9.531159166,8.051111417));
#1742=CARTESIAN_POINT('',(5.927400027,-9.679588799,8.096739737));
#1743=CARTESIAN_POINT('',(6.082905958,-9.823660223,8.112543899));
#1744=CARTESIAN_POINT('',(6.40704098,-10.089020362,8.082960908));
#1745=CARTESIAN_POINT('',(6.575617282,-10.210265861,8.037578573));
#1746=CARTESIAN_POINT('',(6.909328742,-10.418050009,7.890063097));
#1747=CARTESIAN_POINT('',(7.074409552,-10.50455482,7.78795398));
#1748=CARTESIAN_POINT('',(7.384903879,-10.634344085,7.537002313));
#1749=CARTESIAN_POINT('',(7.530266829,-10.677607401,7.388200633));
#1750=CARTESIAN_POINT('',(7.6586494,-10.697127409,7.223337153));
#1751=CARTESIAN_POINT('',(5.511377482,-9.832181706,7.876884236));
#1752=CARTESIAN_POINT('',(5.648231044,-9.9857649,7.919879768));
#1753=CARTESIAN_POINT('',(5.799321536,-10.134963495,7.933029898));
#1754=CARTESIAN_POINT('',(6.115198408,-10.410001359,7.898352509));
#1755=CARTESIAN_POINT('',(6.279933161,-10.535795691,7.850530653));
#1756=CARTESIAN_POINT('',(6.606883145,-10.751633768,7.698596886));
#1757=CARTESIAN_POINT('',(6.769044941,-10.841642248,7.594509799));
#1758=CARTESIAN_POINT('',(7.074881943,-10.977036224,7.340274355));
#1759=CARTESIAN_POINT('',(7.218507167,-11.0223996,7.190167541));
#1760=CARTESIAN_POINT('',(7.345815645,-11.043211354,7.024411663));
#1761=CARTESIAN_POINT('',(4.928233916,-10.401786587,7.510767461));
#1762=CARTESIAN_POINT('',(5.055871521,-10.565206458,7.548786556));
#1763=CARTESIAN_POINT('',(5.198103432,-10.724130906,7.556912184));
#1764=CARTESIAN_POINT('',(5.497758034,-11.017351292,7.512576133));
#1765=CARTESIAN_POINT('',(5.655131132,-11.151598718,7.460121786));
#1766=CARTESIAN_POINT('',(5.969481328,-11.382158548,7.299801574));
#1767=CARTESIAN_POINT('',(6.126406402,-11.478432808,7.191962235));
#1768=CARTESIAN_POINT('',(6.424313322,-11.62349699,6.931536571));
#1769=CARTESIAN_POINT('',(6.565245866,-11.672262913,6.778993337));
#1770=CARTESIAN_POINT('',(6.69122298,-11.694863493,6.611625112));
#1771=CARTESIAN_POINT('',(4.619747326,-10.670355547,7.318924798));
#1772=CARTESIAN_POINT('',(4.742667394,-10.83845876,7.354600841));
#1773=CARTESIAN_POINT('',(4.880454995,-11.001982172,7.36035604));
#1774=CARTESIAN_POINT('',(5.172143021,-11.30370796,7.311454627));
#1775=CARTESIAN_POINT('',(5.325994726,-11.441859968,7.256806174));
#1776=CARTESIAN_POINT('',(5.634504004,-11.679088251,7.092514483));
#1777=CARTESIAN_POINT('',(5.789110054,-11.778124925,6.982898673));
#1778=CARTESIAN_POINT('',(6.08374164,-11.927255153,6.719561433));
#1779=CARTESIAN_POINT('',(6.223717976,-11.977323813,6.56588397));
#1780=CARTESIAN_POINT('',(6.349436639,-12.000421692,6.397792685));
#1781=CARTESIAN_POINT('',(4.133633813,-11.049764976,7.01150978));
#1782=CARTESIAN_POINT('',(4.249381684,-11.2245207,7.043749024));
#1783=CARTESIAN_POINT('',(4.380575354,-11.394518495,7.046069155));
#1784=CARTESIAN_POINT('',(4.660779193,-11.708057167,6.990639663));
#1785=CARTESIAN_POINT('',(4.809741789,-11.851544819,6.932899447));
#1786=CARTESIAN_POINT('',(5.110542577,-12.097657539,6.763122075));
#1787=CARTESIAN_POINT('',(5.262329699,-12.200240828,6.651113739));
#1788=CARTESIAN_POINT('',(5.553550343,-12.354238336,6.384020082));
#1789=CARTESIAN_POINT('',(5.692934423,-12.405626413,6.228980103));
#1790=CARTESIAN_POINT('',(5.819146864,-12.428843255,6.060172402));
#1791=CARTESIAN_POINT('',(3.967696507,-11.172323376,6.905734571));
#1792=CARTESIAN_POINT('',(4.081037885,-11.34923422,6.936841083));
#1793=CARTESIAN_POINT('',(4.210046065,-11.52131911,6.938036418));
#1794=CARTESIAN_POINT('',(4.486500539,-11.838637148,6.880484907));
#1795=CARTESIAN_POINT('',(4.633899614,-11.983816106,6.821747887));
#1796=CARTESIAN_POINT('',(4.932307935,-12.23270327,6.650221984));
#1797=CARTESIAN_POINT('',(5.083266213,-12.336368972,6.537462392));
#1798=CARTESIAN_POINT('',(5.373601995,-12.491783185,6.26922042));
#1799=CARTESIAN_POINT('',(5.51292991,-12.543505153,6.113783851));
#1800=CARTESIAN_POINT('',(5.639454719,-12.566657127,5.944799856));
#1801=CARTESIAN_POINT('',(3.628345396,-11.409732691,6.686035452));
#1802=CARTESIAN_POINT('',(3.736858445,-11.590821394,6.714877404));
#1803=CARTESIAN_POINT('',(3.861543693,-11.766928698,6.713850812));
#1804=CARTESIAN_POINT('',(4.130716606,-12.091467627,6.652163447));
#1805=CARTESIAN_POINT('',(4.275157707,-12.239843118,6.591513343));
#1806=CARTESIAN_POINT('',(4.569220318,-12.493882508,6.416700398));
#1807=CARTESIAN_POINT('',(4.71879096,-12.599502467,6.302567794));
#1808=CARTESIAN_POINT('',(5.007966335,-12.757319579,6.032329981));
#1809=CARTESIAN_POINT('',(5.147521048,-12.809489434,5.876271516));
#1810=CARTESIAN_POINT('',(5.275024341,-12.832296907,5.707121909));
#1811=CARTESIAN_POINT('',(3.454544606,-11.524806166,6.571848564));
#1812=CARTESIAN_POINT('',(3.560630631,-11.707921539,6.599556228));
#1813=CARTESIAN_POINT('',(3.683174036,-11.88596785,6.597430174));
#1814=CARTESIAN_POINT('',(3.948807888,-12.213954671,6.533724815));
#1815=CARTESIAN_POINT('',(4.091852071,-12.363838066,6.472156601));
#1816=CARTESIAN_POINT('',(4.383958585,-12.620259178,6.295802233));
#1817=CARTESIAN_POINT('',(4.532970045,-12.726752242,6.181046788));
#1818=CARTESIAN_POINT('',(4.821871098,-12.88555644,5.909960237));
#1819=CARTESIAN_POINT('',(4.961710379,-12.937839919,5.75367634));
#1820=CARTESIAN_POINT('',(5.089882257,-12.960366571,5.584537835));
#1821=CARTESIAN_POINT('',(2.927332626,-11.855662069,6.217417973));
#1822=CARTESIAN_POINT('',(3.026213042,-12.044590051,6.241716437));
#1823=CARTESIAN_POINT('',(3.14250526,-12.228155752,6.23634843));
#1824=CARTESIAN_POINT('',(3.398053516,-12.565849183,6.166825289));
#1825=CARTESIAN_POINT('',(3.537264104,-12.71991689,6.102682506));
#1826=CARTESIAN_POINT('',(3.824362824,-12.982787813,5.922173182));
#1827=CARTESIAN_POINT('',(3.972199904,-13.091544303,5.805838729));
#1828=CARTESIAN_POINT('',(4.261375819,-13.252611814,5.532870715));
#1829=CARTESIAN_POINT('',(4.402663241,-13.304894201,5.376285683));
#1830=CARTESIAN_POINT('',(4.533447784,-13.326259921,5.207582089));
#1831=CARTESIAN_POINT('',(2.56704416,-12.057914608,5.964992009));
#1832=CARTESIAN_POINT('',(2.661201741,-12.250378022,5.987000901));
#1833=CARTESIAN_POINT('',(2.77354004,-12.437243123,5.979534808));
#1834=CARTESIAN_POINT('',(3.023038923,-12.780588651,5.90641792));
#1835=CARTESIAN_POINT('',(3.160154485,-12.937007149,5.840780308));
#1836=CARTESIAN_POINT('',(3.445035746,-13.203273555,5.658086618));
#1837=CARTESIAN_POINT('',(3.59275005,-13.313073434,5.541063495));
#1838=CARTESIAN_POINT('',(3.883557048,-13.474731042,5.267682394));
#1839=CARTESIAN_POINT('',(4.026597287,-13.526559606,5.111373738));
#1840=CARTESIAN_POINT('',(4.159930514,-13.546726339,4.943473465));
#1841=CARTESIAN_POINT('',(1.835012335,-12.428900849,5.40941898));
#1842=CARTESIAN_POINT('',(1.920148322,-12.627662295,5.42663032));
#1843=CARTESIAN_POINT('',(2.025325743,-12.820254754,5.415094269));
#1844=CARTESIAN_POINT('',(2.264808706,-13.173049009,5.335727179));
#1845=CARTESIAN_POINT('',(2.399069799,-13.333185356,5.267910858));
#1846=CARTESIAN_POINT('',(2.68264951,-13.604262745,5.083073631));
#1847=CARTESIAN_POINT('',(2.831915509,-13.715153495,4.966087019));
#1848=CARTESIAN_POINT('',(3.129857206,-13.87609239,4.695159681));
#1849=CARTESIAN_POINT('',(3.278477631,-13.926110673,4.54126923));
#1850=CARTESIAN_POINT('',(3.419010676,-13.94307325,4.376964774));
#1851=CARTESIAN_POINT('',(1.463074115,-12.597679933,5.106611156));
#1852=CARTESIAN_POINT('',(1.543908436,-12.799205498,5.121311485));
#1853=CARTESIAN_POINT('',(1.645878523,-12.99422666,5.107797052));
#1854=CARTESIAN_POINT('',(1.88139915,-13.350817164,5.025754322));
#1855=CARTESIAN_POINT('',(2.014905385,-13.512319439,4.957241452));
#1856=CARTESIAN_POINT('',(2.299414304,-13.784808173,4.772415012));
#1857=CARTESIAN_POINT('',(2.45036348,-13.895743379,4.656136211));
#1858=CARTESIAN_POINT('',(2.753828894,-14.055365812,4.388038232));
#1859=CARTESIAN_POINT('',(2.90628807,-14.104023011,4.236269494));
#1860=CARTESIAN_POINT('',(3.051484051,-14.118975293,4.074737146));
#1861=CARTESIAN_POINT('',(0.904028393,-12.827312348,4.590417435));
#1862=CARTESIAN_POINT('',(0.979058552,-13.032260988,4.601099726));
#1863=CARTESIAN_POINT('',(1.077139396,-13.230118728,4.584877426));
#1864=CARTESIAN_POINT('',(1.309033602,-13.590736444,4.500338292));
#1865=CARTESIAN_POINT('',(1.442802596,-13.753427429,4.432037632));
#1866=CARTESIAN_POINT('',(1.731843201,-14.026375129,4.25059445));
#1867=CARTESIAN_POINT('',(1.887059514,-14.136579624,4.137486643));
#1868=CARTESIAN_POINT('',(2.202476115,-14.292799728,3.878455933));
#1869=CARTESIAN_POINT('',(2.362616061,-14.338785446,3.732582593));
#1870=CARTESIAN_POINT('',(2.516723551,-14.350216045,3.578061947));
#1871=CARTESIAN_POINT('',(0.716740898,-12.900199214,4.406968876));
#1872=CARTESIAN_POINT('',(0.789939836,-13.106170438,4.416264467));
#1873=CARTESIAN_POINT('',(0.886876412,-13.304840424,4.399182434));
#1874=CARTESIAN_POINT('',(1.117951269,-13.666522962,4.314073309));
#1875=CARTESIAN_POINT('',(1.252045112,-13.829465961,4.246062584));
#1876=CARTESIAN_POINT('',(1.543134448,-14.102286695,4.066336734));
#1877=CARTESIAN_POINT('',(1.700073965,-14.212111965,3.954656174));
#1878=CARTESIAN_POINT('',(2.020110637,-14.366952886,3.699496136));
#1879=CARTESIAN_POINT('',(2.183146251,-14.41193876,3.556065731));
#1880=CARTESIAN_POINT('',(2.340560208,-14.422106122,3.404385669));
#1881=CARTESIAN_POINT('',(0.350436657,-13.035853225,4.019377973));
#1882=CARTESIAN_POINT('',(0.420321643,-13.243563856,4.025868862));
#1883=CARTESIAN_POINT('',(0.5153747,-13.443535413,4.007252386));
#1884=CARTESIAN_POINT('',(0.745701346,-13.806719851,3.921785677));
#1885=CARTESIAN_POINT('',(0.88093027,-13.969862304,3.854952016));
#1886=CARTESIAN_POINT('',(1.177128585,-14.241886324,3.68019655));
#1887=CARTESIAN_POINT('',(1.33804054,-14.35071514,3.572308635));
#1888=CARTESIAN_POINT('',(1.668366471,-14.502424877,3.326994125));
#1889=CARTESIAN_POINT('',(1.837716395,-14.545276378,3.189615105));
#1890=CARTESIAN_POINT('',(2.002242641,-14.552844297,3.044824487));
#1891=CARTESIAN_POINT('',(0.171006971,-13.098824816,3.814945156));
#1892=CARTESIAN_POINT('',(0.239404821,-13.307255485,3.820015775));
#1893=CARTESIAN_POINT('',(0.333715543,-13.507719174,3.800722987));
#1894=CARTESIAN_POINT('',(0.564110031,-13.871345069,3.715466968));
#1895=CARTESIAN_POINT('',(0.700148971,-14.03443653,3.649520325));
#1896=CARTESIAN_POINT('',(0.999409877,-14.305792428,3.478019208));
#1897=CARTESIAN_POINT('',(1.162573621,-14.414004071,3.372498104));
#1898=CARTESIAN_POINT('',(1.49857623,-14.563960315,3.133162696));
#1899=CARTESIAN_POINT('',(1.671349726,-14.60567574,2.999394959));
#1900=CARTESIAN_POINT('',(1.839687594,-14.611905166,2.858656629));
#1901=CARTESIAN_POINT('',(-0.089254624,-13.185871264,3.489080362));
#1902=CARTESIAN_POINT('',(-0.02279421,-13.395145322,3.492015633));
#1903=CARTESIAN_POINT('',(0.070709582,-13.596106578,3.471900513));
#1904=CARTESIAN_POINT('',(0.301821606,-13.959949225,3.387716931));
#1905=CARTESIAN_POINT('',(0.43938473,-14.122759602,3.3236649));
#1906=CARTESIAN_POINT('',(0.743839233,-14.392777106,3.158478476));
#1907=CARTESIAN_POINT('',(0.910671189,-14.499931532,3.057376324));
#1908=CARTESIAN_POINT('',(1.255733893,-14.647092092,2.828947711));
#1909=CARTESIAN_POINT('',(1.433897292,-14.687069505,2.701665835));
#1910=CARTESIAN_POINT('',(1.608182583,-14.691310074,2.568110645));
#1911=CARTESIAN_POINT('',(-0.174514787,-13.213646718,3.377254726));
#1912=CARTESIAN_POINT('',(-0.108651442,-13.423162503,3.379477502));
#1913=CARTESIAN_POINT('',(-0.015365886,-13.624249619,3.359120343));
#1914=CARTESIAN_POINT('',(0.216086843,-13.98809061,3.275420276));
#1915=CARTESIAN_POINT('',(0.354208806,-14.150773416,3.212093715));
#1916=CARTESIAN_POINT('',(0.660492656,-14.420289287,3.049250776));
#1917=CARTESIAN_POINT('',(0.828594717,-14.527069706,2.949766205));
#1918=CARTESIAN_POINT('',(1.176766009,-14.673271462,2.725295757));
#1919=CARTESIAN_POINT('',(1.356767234,-14.71266424,2.600353725));
#1920=CARTESIAN_POINT('',(1.533072082,-14.716245358,2.469376759));
#1921=CARTESIAN_POINT('',(-0.341316997,-13.26662452,3.146694306));
#1922=CARTESIAN_POINT('',(-0.276546666,-13.476543875,3.147494637));
#1923=CARTESIAN_POINT('',(-0.183600585,-13.677804127,3.126725141));
#1924=CARTESIAN_POINT('',(0.04871203,-14.041502302,3.044265654));
#1925=CARTESIAN_POINT('',(0.188033147,-14.203869121,2.982591784));
#1926=CARTESIAN_POINT('',(0.498118919,-14.472289752,2.824945504));
#1927=CARTESIAN_POINT('',(0.668822952,-14.578291087,2.729003914));
#1928=CARTESIAN_POINT('',(1.023314069,-14.722549824,2.51313498));
#1929=CARTESIAN_POINT('',(1.207031848,-14.760779023,2.393249841));
#1930=CARTESIAN_POINT('',(1.387406993,-14.763065702,2.267818765));
#1931=CARTESIAN_POINT('',(-0.423294901,-13.291967458,3.027211092));
#1932=CARTESIAN_POINT('',(-0.359007009,-13.502044564,3.027321864));
#1933=CARTESIAN_POINT('',(-0.266160344,-13.703345456,3.006415853));
#1934=CARTESIAN_POINT('',(-0.033270574,-14.066884847,2.924804175));
#1935=CARTESIAN_POINT('',(0.106726992,-14.229052261,2.864114466));
#1936=CARTESIAN_POINT('',(0.418868068,-14.496854164,2.709452286));
#1937=CARTESIAN_POINT('',(0.590950544,-14.602436288,2.615510055));
#1938=CARTESIAN_POINT('',(0.948751523,-14.745680929,2.404441472));
#1939=CARTESIAN_POINT('',(1.134400062,-14.783315437,2.287356391));
#1940=CARTESIAN_POINT('',(1.316877925,-14.784951421,2.164976057));
#1941=CARTESIAN_POINT('',(-0.658685207,-13.362735184,2.663959715));
#1942=CARTESIAN_POINT('',(-0.595804,-13.573199678,2.661840841));
#1943=CARTESIAN_POINT('',(-0.503306181,-13.774564579,2.640358837));
#1944=CARTESIAN_POINT('',(-0.268958358,-14.13758447,2.560963382));
#1945=CARTESIAN_POINT('',(-0.12715415,-14.299168518,2.503065446));
#1946=CARTESIAN_POINT('',(0.190566656,-14.565223677,2.357054044));
#1947=CARTESIAN_POINT('',(0.366421165,-14.669642794,2.268969111));
#1948=CARTESIAN_POINT('',(0.733332757,-14.810109591,2.07205034));
#1949=CARTESIAN_POINT('',(0.924318137,-14.846129821,1.963254984));
#1950=CARTESIAN_POINT('',(1.112632097,-14.846012969,1.849934611));
#1951=CARTESIAN_POINT('',(-0.801378974,-13.402796244,2.416609406));
#1952=CARTESIAN_POINT('',(-0.739395099,-13.613407554,2.41276324));
#1953=CARTESIAN_POINT('',(-0.647218317,-13.814742974,2.390629381));
#1954=CARTESIAN_POINT('',(-0.41231734,-14.177372586,2.312148866));
#1955=CARTESIAN_POINT('',(-0.269638971,-14.338596034,2.25581752));
#1956=CARTESIAN_POINT('',(0.050944713,-14.603652142,2.11498498));
#1957=CARTESIAN_POINT('',(0.228787485,-14.707433092,2.030511257));
#1958=CARTESIAN_POINT('',(0.600592676,-14.846423844,1.842464706));
#1959=CARTESIAN_POINT('',(0.794482557,-14.881606532,1.738928558));
#1960=CARTESIAN_POINT('',(0.986012166,-14.880598972,1.631404625));
#1961=CARTESIAN_POINT('',(-0.997729689,-13.452351295,2.040947765));
#1962=CARTESIAN_POINT('',(-0.937016859,-13.663008597,2.034173067));
#1963=CARTESIAN_POINT('',(-0.845408413,-13.864175424,2.01063982));
#1964=CARTESIAN_POINT('',(-0.610157692,-14.226101401,1.932562842));
#1965=CARTESIAN_POINT('',(-0.466561119,-14.386790241,1.878034279));
#1966=CARTESIAN_POINT('',(-0.142720365,-14.65050431,1.743804919));
#1967=CARTESIAN_POINT('',(0.037460906,-14.753478308,1.664130198));
#1968=CARTESIAN_POINT('',(0.415153664,-14.890692261,1.488146888));
#1969=CARTESIAN_POINT('',(0.612591779,-14.924905559,1.391872486));
#1970=CARTESIAN_POINT('',(0.808106796,-14.922903123,1.292442448));
#1971=CARTESIAN_POINT('',(-1.06015461,-13.467076651,1.915064686));
#1972=CARTESIAN_POINT('',(-0.999853123,-13.677720779,1.907258998));
#1973=CARTESIAN_POINT('',(-0.908448755,-13.878811373,1.883190116));
#1974=CARTESIAN_POINT('',(-0.673161858,-14.240484627,1.805087531));
#1975=CARTESIAN_POINT('',(-0.529324963,-14.400997142,1.751068974));
#1976=CARTESIAN_POINT('',(-0.204572002,-14.664291574,1.618846169));
#1977=CARTESIAN_POINT('',(-0.02371892,-14.767022427,1.540667562));
#1978=CARTESIAN_POINT('',(0.355693267,-14.903718393,1.368495887));
#1979=CARTESIAN_POINT('',(0.554178789,-14.937656996,1.274536209));
#1980=CARTESIAN_POINT('',(0.750881873,-14.935380288,1.177702366));
#1981=CARTESIAN_POINT('',(-1.178540069,-13.492833369,1.664810491));
#1982=CARTESIAN_POINT('',(-1.119024591,-13.703391683,1.65486185));
#1983=CARTESIAN_POINT('',(-1.028042604,-13.904285526,1.629600172));
#1984=CARTESIAN_POINT('',(-0.792809976,-14.265404727,1.551134177));
#1985=CARTESIAN_POINT('',(-0.648604781,-14.425560318,1.497945019));
#1986=CARTESIAN_POINT('',(-0.322334559,-14.688051287,1.369304252));
#1987=CARTESIAN_POINT('',(-0.140332567,-14.790335952,1.293877497));
#1988=CARTESIAN_POINT('',(0.242072319,-14.926118681,1.128823161));
#1989=CARTESIAN_POINT('',(0.442401333,-14.959590511,1.039227467));
#1990=CARTESIAN_POINT('',(0.641217094,-14.956865081,0.947321701));
#1991=CARTESIAN_POINT('',(-1.234693564,-13.503903457,1.540083365));
#1992=CARTESIAN_POINT('',(-1.175554814,-13.714390153,1.52902061));
#1993=CARTESIAN_POINT('',(-1.084792241,-13.915164413,1.503101017));
#1994=CARTESIAN_POINT('',(-0.849650287,-14.275983802,1.424298586));
#1995=CARTESIAN_POINT('',(-0.705316238,-14.435959373,1.37143094));
#1996=CARTESIAN_POINT('',(-0.378437375,-14.698067187,1.244372574));
#1997=CARTESIAN_POINT('',(-0.195955579,-14.800148902,1.170206349));
#1998=CARTESIAN_POINT('',(0.187729447,-14.935536018,1.008469494));
#1999=CARTESIAN_POINT('',(0.388858708,-14.96881532,0.920930043));
#2000=CARTESIAN_POINT('',(0.588603703,-14.965914733,0.831363881));
#2001=CARTESIAN_POINT('',(-1.395352465,-13.531945377,1.167253022));
#2002=CARTESIAN_POINT('',(-1.337297191,-13.742133963,1.152735288));
#2003=CARTESIAN_POINT('',(-1.247207283,-13.942484945,1.124673109));
#2004=CARTESIAN_POINT('',(-1.012484525,-14.30232593,1.044427609));
#2005=CARTESIAN_POINT('',(-0.867896608,-14.461747048,0.992259649));
#2006=CARTESIAN_POINT('',(-0.539556987,-14.722732862,0.869349627));
#2007=CARTESIAN_POINT('',(-0.35586814,-14.824247597,0.79863109));
#2008=CARTESIAN_POINT('',(0.031123509,-14.958586278,0.646144438));
#2009=CARTESIAN_POINT('',(0.234352225,-14.991384509,0.564405507));
#2010=CARTESIAN_POINT('',(0.436568591,-14.988077568,0.481492185));
#2011=CARTESIAN_POINT('',(-1.492107643,-13.543764099,0.920514363));
#2012=CARTESIAN_POINT('',(-1.434712101,-13.753642957,0.903543684));
#2013=CARTESIAN_POINT('',(-1.345089044,-13.953625575,0.873828337));
#2014=CARTESIAN_POINT('',(-1.11083937,-14.312708373,0.792042645));
#2015=CARTESIAN_POINT('',(-0.966257353,-14.471740186,0.739987874));
#2016=CARTESIAN_POINT('',(-0.637426493,-14.732013332,0.619044219));
#2017=CARTESIAN_POINT('',(-0.453240258,-14.833205113,0.55017836));
#2018=CARTESIAN_POINT('',(-0.064750486,-14.96702753,0.4029207));
#2019=CARTESIAN_POINT('',(0.139479083,-14.999632689,0.324556931));
#2020=CARTESIAN_POINT('',(0.342924232,-14.996212553,0.245589878));
#2021=CARTESIAN_POINT('',(-1.759756558,-13.559997966,0.186062802));
#2022=CARTESIAN_POINT('',(-1.704183281,-13.768637723,0.161390666));
#2023=CARTESIAN_POINT('',(-1.61596736,-13.967255428,0.126166489));
#2024=CARTESIAN_POINT('',(-1.383471127,-14.323685181,0.038298417));
#2025=CARTESIAN_POINT('',(-1.239234293,-14.481430577,-0.014329038));
#2026=CARTESIAN_POINT('',(-0.909860567,-14.739493324,-0.131469238));
#2027=CARTESIAN_POINT('',(-0.724785272,-14.839762419,-0.195960083));
#2028=CARTESIAN_POINT('',(-0.333204672,-14.972294995,-0.330043639));
#2029=CARTESIAN_POINT('',(-0.126772602,-15.004533693,-0.399611295));
#2030=CARTESIAN_POINT('',(0.079511296,-15.001059872,-0.468070579));
#2031=CARTESIAN_POINT('',(-1.908480302,-13.545318011,-0.29590935));
#2032=CARTESIAN_POINT('',(-1.853911681,-13.752719552,-0.326164943));
#2033=CARTESIAN_POINT('',(-1.766636543,-13.950080386,-0.36578534));
#2034=CARTESIAN_POINT('',(-1.535733248,-14.304232271,-0.459638912));
#2035=CARTESIAN_POINT('',(-1.39214767,-14.460958016,-0.513854759));
#2036=CARTESIAN_POINT('',(-1.06361477,-14.717439147,-0.631234249));
#2037=CARTESIAN_POINT('',(-0.878728033,-14.817147236,-0.694376238));
#2038=CARTESIAN_POINT('',(-0.486908112,-14.94914752,-0.823009608));
#2039=CARTESIAN_POINT('',(-0.280047188,-14.981415372,-0.888477273));
#2040=CARTESIAN_POINT('',(-0.072973196,-14.978275946,-0.951698582));
#2041=CARTESIAN_POINT('',(-2.109016973,-13.487223747,-1.008129664));
#2042=CARTESIAN_POINT('',(-2.055818053,-13.692229583,-1.047157554));
#2043=CARTESIAN_POINT('',(-1.969942629,-13.887205264,-1.094079347));
#2044=CARTESIAN_POINT('',(-1.741660401,-14.237067175,-1.198889679));
#2045=CARTESIAN_POINT('',(-1.599294807,-14.391890245,-1.256759292));
#2046=CARTESIAN_POINT('',(-1.272739426,-14.645416205,-1.377482148));
#2047=CARTESIAN_POINT('',(-1.08860859,-14.744073327,-1.440313596));
#2048=CARTESIAN_POINT('',(-0.697555901,-14.875041148,-1.564462029));
#2049=CARTESIAN_POINT('',(-0.490704644,-14.907328204,-1.625756604));
#2050=CARTESIAN_POINT('',(-0.283153167,-14.904760015,-1.68312346));
#2051=CARTESIAN_POINT('',(-2.172131159,-13.461719916,-1.244372891));
#2052=CARTESIAN_POINT('',(-2.119367491,-13.66583367,-1.286400653));
#2053=CARTESIAN_POINT('',(-2.033960125,-13.859927788,-1.335882508));
#2054=CARTESIAN_POINT('',(-1.806600086,-14.208209713,-1.444688518));
#2055=CARTESIAN_POINT('',(-1.664688158,-14.362335103,-1.503993165));
#2056=CARTESIAN_POINT('',(-1.338926351,-14.614778813,-1.626334776));
#2057=CARTESIAN_POINT('',(-1.155134852,-14.71305189,-1.68934981));
#2058=CARTESIAN_POINT('',(-0.764543334,-14.843641462,-1.812617993));
#2059=CARTESIAN_POINT('',(-0.557813315,-14.875934552,-1.872849051));
#2060=CARTESIAN_POINT('',(-0.350229393,-14.873573198,-1.928594603));
#2061=CARTESIAN_POINT('',(-2.292262133,-13.399091905,-1.710144676));
#2062=CARTESIAN_POINT('',(-2.240350053,-13.601267422,-1.758240196));
#2063=CARTESIAN_POINT('',(-2.155884193,-13.79345174,-1.813004767));
#2064=CARTESIAN_POINT('',(-1.93042986,-14.138304701,-1.930304788));
#2065=CARTESIAN_POINT('',(-1.789481217,-14.290912418,-1.992819509));
#2066=CARTESIAN_POINT('',(-1.465466832,-14.540979544,-2.119223795));
#2067=CARTESIAN_POINT('',(-1.282458334,-14.638394774,-2.183091025));
#2068=CARTESIAN_POINT('',(-0.893039578,-14.768087433,-2.305664038));
#2069=CARTESIAN_POINT('',(-0.68669812,-14.80034195,-2.364348165));
#2070=CARTESIAN_POINT('',(-0.479210824,-14.798365482,-2.417447725));
#2071=CARTESIAN_POINT('',(-2.349221385,-13.362046999,-1.939386464));
#2072=CARTESIAN_POINT('',(-2.297725315,-13.563178228,-1.990545718));
#2073=CARTESIAN_POINT('',(-2.213732435,-13.754336137,-2.048028937));
#2074=CARTESIAN_POINT('',(-1.989260476,-14.097343416,-2.16981993));
#2075=CARTESIAN_POINT('',(-1.848820779,-14.24913261,-2.23410633));
#2076=CARTESIAN_POINT('',(-1.525758823,-14.497907767,-2.362948769));
#2077=CARTESIAN_POINT('',(-1.343193242,-14.594850087,-2.427482199));
#2078=CARTESIAN_POINT('',(-0.954484668,-14.724025156,-2.550236638));
#2079=CARTESIAN_POINT('',(-0.748409871,-14.756235243,-2.608436111));
#2080=CARTESIAN_POINT('',(-0.541051107,-14.754436627,-2.660510384));
#2081=CARTESIAN_POINT('',(-2.514140315,-13.234310747,-2.616882905));
#2082=CARTESIAN_POINT('',(-2.463910036,-13.432099846,-2.677292207));
#2083=CARTESIAN_POINT('',(-2.381369586,-13.619974097,-2.743107388));
#2084=CARTESIAN_POINT('',(-2.159944801,-13.957054455,-2.87894586));
#2085=CARTESIAN_POINT('',(-2.021098528,-14.106202621,-2.948945775));
#2086=CARTESIAN_POINT('',(-1.70106093,-14.350759622,-3.086084851));
#2087=CARTESIAN_POINT('',(-1.519924619,-14.44612642,-3.153200421));
#2088=CARTESIAN_POINT('',(-1.133580581,-14.573473989,-3.277792156));
#2089=CARTESIAN_POINT('',(-0.928439267,-14.60543287,-3.335246899));
#2090=CARTESIAN_POINT('',(-0.721614176,-14.604074496,-3.38497992));
#2091=CARTESIAN_POINT('',(-2.616282468,-13.127073691,-3.054927124));
#2092=CARTESIAN_POINT('',(-2.56692055,-13.322360521,-3.12158137));
#2093=CARTESIAN_POINT('',(-2.485391682,-13.507777211,-3.193185175));
#2094=CARTESIAN_POINT('',(-2.266125148,-13.840391901,-3.339152396));
#2095=CARTESIAN_POINT('',(-2.128424708,-13.987533433,-3.413491008));
#2096=CARTESIAN_POINT('',(-1.810612943,-14.228820975,-3.557466791));
#2097=CARTESIAN_POINT('',(-1.630555575,-14.322926022,-3.627079502));
#2098=CARTESIAN_POINT('',(-1.246082937,-14.448680345,-3.754614977));
#2099=CARTESIAN_POINT('',(-1.041732943,-14.480308271,-3.81251608));
#2100=CARTESIAN_POINT('',(-0.83545246,-14.47911099,-3.861664873));
#2101=CARTESIAN_POINT('',(-2.817487297,-12.869896735,-3.905579405));
#2102=CARTESIAN_POINT('',(-2.770132988,-13.059713075,-3.984808631));
#2103=CARTESIAN_POINT('',(-2.690864153,-13.239738196,-4.068300186));
#2104=CARTESIAN_POINT('',(-2.476316556,-13.562448284,-4.235568663));
#2105=CARTESIAN_POINT('',(-2.341073467,-13.705079592,-4.319317751));
#2106=CARTESIAN_POINT('',(-2.027989526,-13.938825614,-4.478781561));
#2107=CARTESIAN_POINT('',(-1.850200735,-14.029901463,-4.554469752));
#2108=CARTESIAN_POINT('',(-1.469667415,-14.151475172,-4.690290679));
#2109=CARTESIAN_POINT('',(-1.266986165,-14.181952817,-4.750400821));
#2110=CARTESIAN_POINT('',(-1.061887147,-14.180618123,-4.799745494));
#2111=CARTESIAN_POINT('',(-2.916462692,-12.719946686,-4.318167637));
#2112=CARTESIAN_POINT('',(-2.870246855,-12.906794615,-4.403728366));
#2113=CARTESIAN_POINT('',(-2.792226535,-13.083885796,-4.493321047));
#2114=CARTESIAN_POINT('',(-2.580241432,-13.401157676,-4.671766897));
#2115=CARTESIAN_POINT('',(-2.446311605,-13.541286055,-4.760590628));
#2116=CARTESIAN_POINT('',(-2.13573458,-13.770761908,-4.928712058));
#2117=CARTESIAN_POINT('',(-1.959138599,-13.86007154,-5.007982023));
#2118=CARTESIAN_POINT('',(-1.580680541,-13.979060785,-5.149151753));
#2119=CARTESIAN_POINT('',(-1.378880877,-14.008720776,-5.211028232));
#2120=CARTESIAN_POINT('',(-1.174423078,-14.007089352,-5.261156591));
#2121=CARTESIAN_POINT('',(-3.068916719,-12.462782647,-4.918133969));
#2122=CARTESIAN_POINT('',(-3.024763107,-12.644863025,-5.013243871));
#2123=CARTESIAN_POINT('',(-2.948913495,-12.817220971,-5.112173915));
#2124=CARTESIAN_POINT('',(-2.741243882,-13.125627389,-5.307993811));
#2125=CARTESIAN_POINT('',(-2.609457851,-13.261625413,-5.404851626));
#2126=CARTESIAN_POINT('',(-2.302878198,-13.483904185,-5.586985332));
#2127=CARTESIAN_POINT('',(-2.128134726,-13.570148575,-5.672231427));
#2128=CARTESIAN_POINT('',(-1.752838646,-13.684408683,-5.822740708));
#2129=CARTESIAN_POINT('',(-1.552347429,-13.712405713,-5.887979273));
#2130=CARTESIAN_POINT('',(-1.348821802,-13.709900032,-5.94000997));
#2131=CARTESIAN_POINT('',(-3.120377612,-12.371675631,-5.114962351));
#2132=CARTESIAN_POINT('',(-3.076970346,-12.552113933,-5.213264102));
#2133=CARTESIAN_POINT('',(-3.001894,-12.722838406,-5.315337883));
#2134=CARTESIAN_POINT('',(-2.795741938,-13.028171189,-5.517051454));
#2135=CARTESIAN_POINT('',(-2.664699878,-13.162729652,-5.61665831));
#2136=CARTESIAN_POINT('',(-2.35949323,-13.382477495,-5.803635277));
#2137=CARTESIAN_POINT('',(-2.18537847,-13.467630999,-5.890974861));
#2138=CARTESIAN_POINT('',(-1.811146045,-13.580173345,-6.044818522));
#2139=CARTESIAN_POINT('',(-1.611089476,-13.607543814,-6.111297482));
#2140=CARTESIAN_POINT('',(-1.407870466,-13.604675843,-6.164084322));
#2141=CARTESIAN_POINT('',(-3.225442543,-12.178503077,-5.502210941));
#2142=CARTESIAN_POINT('',(-3.18367154,-12.355554533,-5.606914247));
#2143=CARTESIAN_POINT('',(-3.11026247,-12.522902347,-5.715335043));
#2144=CARTESIAN_POINT('',(-2.907335892,-12.821850754,-5.929025111));
#2145=CARTESIAN_POINT('',(-2.777851438,-12.953402654,-6.034259575));
#2146=CARTESIAN_POINT('',(-2.475483164,-13.167817056,-6.231231996));
#2147=CARTESIAN_POINT('',(-2.302648594,-13.250644633,-6.322937869));
#2148=CARTESIAN_POINT('',(-1.930554316,-13.359453227,-6.483834554));
#2149=CARTESIAN_POINT('',(-1.731355215,-13.385416521,-6.552999158));
#2150=CARTESIAN_POINT('',(-1.528729153,-13.381671288,-6.607503332));
#2151=CARTESIAN_POINT('',(-3.27906498,-12.076377715,-5.692630608));
#2152=CARTESIAN_POINT('',(-3.238184712,-12.251683757,-5.800544172));
#2153=CARTESIAN_POINT('',(-3.165670363,-12.41728771,-5.912168964));
#2154=CARTESIAN_POINT('',(-2.96445289,-12.712923965,-6.131943508));
#2155=CARTESIAN_POINT('',(-2.835782532,-12.842908127,-6.240057474));
#2156=CARTESIAN_POINT('',(-2.534880298,-13.054518508,-6.44218404));
#2157=CARTESIAN_POINT('',(-2.362697419,-13.13611027,-6.536163726));
#2158=CARTESIAN_POINT('',(-1.991677856,-13.242901338,-6.700781025));
#2159=CARTESIAN_POINT('',(-1.792901586,-13.268083255,-6.771391831));
#2160=CARTESIAN_POINT('',(-1.590561799,-13.263822324,-6.826858057));
#2161=CARTESIAN_POINT('',(-3.442167226,-11.757397253,-6.247259443));
#2162=CARTESIAN_POINT('',(-3.404172627,-11.927381649,-6.36470946));
#2163=CARTESIAN_POINT('',(-3.334517407,-12.087656792,-6.485909543));
#2164=CARTESIAN_POINT('',(-3.138692383,-12.373126647,-6.723966838));
#2165=CARTESIAN_POINT('',(-3.012554529,-12.498274783,-6.840785214));
#2166=CARTESIAN_POINT('',(-2.716154135,-12.701168094,-7.058586554));
#2167=CARTESIAN_POINT('',(-2.545939952,-12.778880167,-7.159533987));
#2168=CARTESIAN_POINT('',(-2.178116629,-12.879241146,-7.335658311));
#2169=CARTESIAN_POINT('',(-1.980567498,-12.901873678,-7.410806469));
#2170=CARTESIAN_POINT('',(-1.779032943,-12.895852402,-7.469369064));
#2171=CARTESIAN_POINT('',(-3.554585828,-11.526819707,-6.597312047));
#2172=CARTESIAN_POINT('',(-3.518810439,-11.693123718,-6.721035333));
#2173=CARTESIAN_POINT('',(-3.451305216,-11.84969788,-6.84861061));
#2174=CARTESIAN_POINT('',(-3.259448676,-12.128047524,-7.098971172));
#2175=CARTESIAN_POINT('',(-3.13512882,-12.249777361,-7.221715429));
#2176=CARTESIAN_POINT('',(-2.841884622,-12.44642138,-7.450310995));
#2177=CARTESIAN_POINT('',(-2.673008361,-12.521303315,-7.556124843));
#2178=CARTESIAN_POINT('',(-2.307290493,-12.6168506,-7.740421764));
#2179=CARTESIAN_POINT('',(-2.110508845,-12.637500279,-7.818874635));
#2180=CARTESIAN_POINT('',(-1.909442574,-12.630014132,-7.879790213));
#2181=CARTESIAN_POINT('',(-3.790132475,-11.031065145,-7.259375656));
#2182=CARTESIAN_POINT('',(-3.759503851,-11.189752263,-7.395464123));
#2183=CARTESIAN_POINT('',(-3.69689351,-11.338633537,-7.535740488));
#2184=CARTESIAN_POINT('',(-3.513897558,-11.602070391,-7.810809745));
#2185=CARTESIAN_POINT('',(-3.393542494,-11.716581997,-7.94555675));
#2186=CARTESIAN_POINT('',(-3.107012448,-11.899874051,-8.1961625));
#2187=CARTESIAN_POINT('',(-2.940885289,-11.968623901,-8.311979439));
#2188=CARTESIAN_POINT('',(-2.579323862,-12.05353611,-8.513198655));
#2189=CARTESIAN_POINT('',(-2.383949936,-12.06968429,-8.598567364));
#2190=CARTESIAN_POINT('',(-2.183636308,-12.058726185,-8.664477883));
#2191=CARTESIAN_POINT('',(-3.913242062,-10.76588681,-7.571377748));
#2192=CARTESIAN_POINT('',(-3.885541424,-10.920637798,-7.713558712));
#2193=CARTESIAN_POINT('',(-3.825676356,-11.06552753,-7.860161879));
#2194=CARTESIAN_POINT('',(-3.647573218,-11.321172429,-8.147638809));
#2195=CARTESIAN_POINT('',(-3.529365266,-11.431884362,-8.288464016));
#2196=CARTESIAN_POINT('',(-3.246393773,-11.608074094,-8.550288556));
#2197=CARTESIAN_POINT('',(-3.08167807,-11.673522091,-8.671243666));
#2198=CARTESIAN_POINT('',(-2.722168177,-11.752612924,-8.881215447));
#2199=CARTESIAN_POINT('',(-2.527434758,-11.766242373,-8.970196653));
#2200=CARTESIAN_POINT('',(-2.327405771,-11.753277022,-9.038750307));
#2201=CARTESIAN_POINT('',(-4.171866452,-10.200776442,-8.15789008));
#2202=CARTESIAN_POINT('',(-4.150815791,-10.347357725,-8.31203141));
#2203=CARTESIAN_POINT('',(-4.097121164,-10.483931988,-8.471187382));
#2204=CARTESIAN_POINT('',(-3.929875069,-10.723255342,-8.783443099));
#2205=CARTESIAN_POINT('',(-3.816352848,-10.825962583,-8.936488304));
#2206=CARTESIAN_POINT('',(-3.54098912,-10.987081153,-9.220945559));
#2207=CARTESIAN_POINT('',(-3.37919575,-11.045464302,-9.352307926));
#2208=CARTESIAN_POINT('',(-3.023744556,-11.111972854,-9.580023675));
#2209=CARTESIAN_POINT('',(-2.830148862,-11.120086616,-9.676337285));
#2210=CARTESIAN_POINT('',(-2.63046959,-11.102648569,-9.750239482));
#2211=CARTESIAN_POINT('',(-4.30743852,-9.900698766,-8.432516888));
#2212=CARTESIAN_POINT('',(-4.290112836,-10.043045013,-8.592529242));
#2213=CARTESIAN_POINT('',(-4.239846061,-10.175293796,-8.757914921));
#2214=CARTESIAN_POINT('',(-4.078568715,-10.406084284,-9.082549522));
#2215=CARTESIAN_POINT('',(-3.967586942,-10.504584781,-9.241740588));
#2216=CARTESIAN_POINT('',(-3.696275157,-10.657730979,-9.537619485));
#2217=CARTESIAN_POINT('',(-3.535993562,-10.712349324,-9.674254587));
#2218=CARTESIAN_POINT('',(-3.182550492,-10.772093449,-9.910967935));
#2219=CARTESIAN_POINT('',(-2.989452073,-10.777208539,-10.011003996));
#2220=CARTESIAN_POINT('',(-2.789837625,-10.757303507,-10.087613334));
#2221=CARTESIAN_POINT('',(-4.591229362,-9.264807141,-8.943754696));
#2222=CARTESIAN_POINT('',(-4.582171943,-9.398286964,-9.115182581));
#2223=CARTESIAN_POINT('',(-4.539477504,-9.521457394,-9.292817201));
#2224=CARTESIAN_POINT('',(-4.391283871,-9.734293703,-9.641931709));
#2225=CARTESIAN_POINT('',(-4.285812437,-9.823919712,-9.813346319));
#2226=CARTESIAN_POINT('',(-4.0231531,-9.960209617,-10.13197248));
#2227=CARTESIAN_POINT('',(-3.866014368,-10.006847971,-10.279124454));
#2228=CARTESIAN_POINT('',(-3.516553072,-10.052229525,-10.533724574));
#2229=CARTESIAN_POINT('',(-3.324295911,-10.050964202,-10.641125116));
#2230=CARTESIAN_POINT('',(-3.124564892,-10.025806989,-10.723012821));
#2231=CARTESIAN_POINT('',(-4.736690855,-8.935129821,-9.17547708));
#2232=CARTESIAN_POINT('',(-4.732097124,-9.064062776,-9.352338649));
#2233=CARTESIAN_POINT('',(-4.693474517,-9.182566975,-9.535873793));
#2234=CARTESIAN_POINT('',(-4.552270489,-9.386153795,-9.896852163));
#2235=CARTESIAN_POINT('',(-4.449716248,-9.471197235,-10.074226076));
#2236=CARTESIAN_POINT('',(-4.191574613,-9.598765775,-10.40395731));
#2237=CARTESIAN_POINT('',(-4.036036857,-9.641266308,-10.556251319));
#2238=CARTESIAN_POINT('',(-3.688510798,-9.679190112,-10.819566375));
#2239=CARTESIAN_POINT('',(-3.496589297,-9.674606051,-10.930536862));
#2240=CARTESIAN_POINT('',(-3.296677584,-9.646716361,-11.014943597));
#2241=CARTESIAN_POINT('',(-5.181412344,-7.911889429,-9.80538944));
#2242=CARTESIAN_POINT('',(-5.190983383,-8.026638072,-9.997602321));
#2243=CARTESIAN_POINT('',(-5.1652733,-8.130576685,-10.197996238));
#2244=CARTESIAN_POINT('',(-5.04615675,-8.30532329,-10.593043696));
#2245=CARTESIAN_POINT('',(-4.952775344,-8.376094546,-10.787614928));
#2246=CARTESIAN_POINT('',(-4.708699853,-8.47658677,-11.149393817));
#2247=CARTESIAN_POINT('',(-4.558056883,-8.506286534,-11.316526104));
#2248=CARTESIAN_POINT('',(-4.216210822,-8.521287011,-11.604844058));
#2249=CARTESIAN_POINT('',(-4.025079217,-8.506584419,-11.725969655));
#2250=CARTESIAN_POINT('',(-3.824296351,-8.470480919,-11.817382062));
#2251=CARTESIAN_POINT('',(-5.489087778,-7.184513075,-10.138877357));
#2252=CARTESIAN_POINT('',(-5.509183998,-7.289088475,-10.34006344));
#2253=CARTESIAN_POINT('',(-5.493059266,-7.382567905,-10.550588561));
#2254=CARTESIAN_POINT('',(-5.390236208,-7.536645454,-10.966357009));
#2255=CARTESIAN_POINT('',(-5.30356098,-7.59720898,-11.171508042));
#2256=CARTESIAN_POINT('',(-5.069580753,-7.678448544,-11.552997778));
#2257=CARTESIAN_POINT('',(-4.922327958,-7.69910623,-11.729251806));
#2258=CARTESIAN_POINT('',(-4.584085908,-7.698113008,-12.032720664));
#2259=CARTESIAN_POINT('',(-4.39317197,-7.676462107,-12.159868128));
#2260=CARTESIAN_POINT('',(-4.1913416,-7.634879645,-12.255192975));
#2261=CARTESIAN_POINT('',(-5.876492231,-6.215164288,-10.460714781));
#2262=CARTESIAN_POINT('',(-5.909649141,-6.305197123,-10.670942792));
#2263=CARTESIAN_POINT('',(-5.905525641,-6.383813068,-10.891879969));
#2264=CARTESIAN_POINT('',(-5.823206279,-6.50893324,-11.329106987));
#2265=CARTESIAN_POINT('',(-5.745030108,-6.555407537,-11.545292319));
#2266=CARTESIAN_POINT('',(-5.523869809,-6.610698984,-11.94730171));
#2267=CARTESIAN_POINT('',(-5.38093856,-6.6195029,-12.133029679));
#2268=CARTESIAN_POINT('',(-5.047238355,-6.598386462,-12.452020516));
#2269=CARTESIAN_POINT('',(-4.856549177,-6.568471144,-12.585207136));
#2270=CARTESIAN_POINT('',(-4.653270207,-6.520962842,-12.684228412));
#2271=CARTESIAN_POINT('',(-5.953649287,-6.019386476,-10.519894622));
#2272=CARTESIAN_POINT('',(-5.989394234,-6.106435676,-10.73181069));
#2273=CARTESIAN_POINT('',(-5.987654185,-6.182006105,-10.954703663));
#2274=CARTESIAN_POINT('',(-5.909412519,-6.301211336,-11.395971052));
#2275=CARTESIAN_POINT('',(-5.832929875,-6.344817234,-11.614238553));
#2276=CARTESIAN_POINT('',(-5.614326311,-6.394854192,-12.020118278));
#2277=CARTESIAN_POINT('',(-5.472258369,-6.401273111,-12.207632162));
#2278=CARTESIAN_POINT('',(-5.13946469,-6.376147638,-12.529537581));
#2279=CARTESIAN_POINT('',(-4.948819595,-6.344609322,-12.663851122));
#2280=CARTESIAN_POINT('',(-4.745248035,-6.295967787,-12.763549454));
#2281=CARTESIAN_POINT('',(-6.106422142,-5.625608972,-10.627985484));
#2282=CARTESIAN_POINT('',(-6.147227325,-5.706550274,-10.843018871));
#2283=CARTESIAN_POINT('',(-6.150160166,-5.775895808,-11.06954127));
#2284=CARTESIAN_POINT('',(-6.079930168,-5.883052436,-11.518320369));
#2285=CARTESIAN_POINT('',(-6.006784801,-5.920836874,-11.740465523));
#2286=CARTESIAN_POINT('',(-5.793232174,-5.96027127,-12.153549887));
#2287=CARTESIAN_POINT('',(-5.652878007,-5.96191141,-12.344386423));
#2288=CARTESIAN_POINT('',(-5.321895773,-5.928838509,-12.671696501));
#2289=CARTESIAN_POINT('',(-5.131349983,-5.894133678,-12.808088688));
#2290=CARTESIAN_POINT('',(-4.927208532,-5.84334694,-12.909016096));
#2291=CARTESIAN_POINT('',(-6.182139633,-5.427354014,-10.676980657));
#2292=CARTESIAN_POINT('',(-6.225420496,-5.505167179,-10.893445548));
#2293=CARTESIAN_POINT('',(-6.230646027,-5.571329402,-11.121644171));
#2294=CARTESIAN_POINT('',(-6.164355675,-5.672344781,-11.573900014));
#2295=CARTESIAN_POINT('',(-6.09285648,-5.707172505,-11.797843458));
#2296=CARTESIAN_POINT('',(-5.881801863,-5.741252186,-12.214267438));
#2297=CARTESIAN_POINT('',(-5.742299546,-5.740495555,-12.406643213));
#2298=CARTESIAN_POINT('',(-5.412223932,-5.703479287,-12.736447613));
#2299=CARTESIAN_POINT('',(-5.221733682,-5.667228952,-12.873793267));
#2300=CARTESIAN_POINT('',(-5.017314779,-5.615428889,-12.975273897));
#2301=CARTESIAN_POINT('',(-6.406939904,-4.82844955,-10.809559894));
#2302=CARTESIAN_POINT('',(-6.457417171,-4.896640095,-11.029932419));
#2303=CARTESIAN_POINT('',(-6.469329722,-4.953026457,-11.262726247));
#2304=CARTESIAN_POINT('',(-6.41456618,-5.035246955,-11.724528469));
#2305=CARTESIAN_POINT('',(-6.347904375,-5.061059635,-11.953416785));
#2306=CARTESIAN_POINT('',(-6.14422397,-5.078907038,-12.379020452));
#2307=CARTESIAN_POINT('',(-6.007258375,-5.070937059,-12.575625139));
#2308=CARTESIAN_POINT('',(-5.679924539,-5.022183571,-12.912262886));
#2309=CARTESIAN_POINT('',(-5.489641447,-4.981412699,-13.052208411));
#2310=CARTESIAN_POINT('',(-5.284444065,-4.926752964,-13.155175552));
#2311=CARTESIAN_POINT('',(-6.553656422,-4.423666076,-10.878805261));
#2312=CARTESIAN_POINT('',(-6.608621731,-4.485121324,-11.101267287));
#2313=CARTESIAN_POINT('',(-6.624735868,-4.53468671,-11.336546404));
#2314=CARTESIAN_POINT('',(-6.577264747,-4.603878622,-11.803533546));
#2315=CARTESIAN_POINT('',(-6.513692097,-4.623486756,-12.035117808));
#2316=CARTESIAN_POINT('',(-6.314766857,-4.630287691,-12.465721248));
#2317=CARTESIAN_POINT('',(-6.179467011,-4.617478647,-12.664626307));
#2318=CARTESIAN_POINT('',(-5.85399004,-4.561027355,-13.004953082));
#2319=CARTESIAN_POINT('',(-5.663899192,-4.517400042,-13.146284604));
#2320=CARTESIAN_POINT('',(-5.458254795,-4.46107776,-13.250012457));
#2321=CARTESIAN_POINT('',(-6.839256686,-3.602701798,-10.981340615));
#2322=CARTESIAN_POINT('',(-6.902252108,-3.650020702,-11.206919038));
#2323=CARTESIAN_POINT('',(-6.925961707,-3.685321041,-11.445920902));
#2324=CARTESIAN_POINT('',(-6.891827936,-3.727434649,-11.920686857));
#2325=CARTESIAN_POINT('',(-6.833993899,-3.734236383,-12.156321501));
#2326=CARTESIAN_POINT('',(-6.644074352,-3.718467899,-12.594433485));
#2327=CARTESIAN_POINT('',(-6.512040648,-3.695901937,-12.796791373));
#2328=CARTESIAN_POINT('',(-6.190447607,-3.624242989,-13.14263902));
#2329=CARTESIAN_POINT('',(-6.000975971,-3.575169513,-13.286034483));
#2330=CARTESIAN_POINT('',(-5.794754987,-3.515939607,-13.390876507));
#2331=CARTESIAN_POINT('',(-6.978138585,-3.186521618,-11.014637789));
#2332=CARTESIAN_POINT('',(-7.044674397,-3.226439639,-11.241244225));
#2333=CARTESIAN_POINT('',(-7.071775976,-3.254295996,-11.481484322));
#2334=CARTESIAN_POINT('',(-7.043683519,-3.282359823,-11.958845208));
#2335=CARTESIAN_POINT('',(-6.988497226,-3.282559549,-12.195834554));
#2336=CARTESIAN_POINT('',(-6.802825407,-3.25526748,-12.636455608));
#2337=CARTESIAN_POINT('',(-6.672391013,-3.227783187,-12.83996599));
#2338=CARTESIAN_POINT('',(-6.352823692,-3.148613056,-13.187645584));
#2339=CARTESIAN_POINT('',(-6.163778764,-3.09694901,-13.331719061));
#2340=CARTESIAN_POINT('',(-5.957428332,-3.036472998,-13.43691469));
#2341=CARTESIAN_POINT('',(-7.179790708,-2.553288028,-11.037690032));
#2342=CARTESIAN_POINT('',(-7.250743851,-2.581647616,-11.265007369));
#2343=CARTESIAN_POINT('',(-7.282159748,-2.597917593,-11.506103714));
#2344=CARTESIAN_POINT('',(-7.261930541,-2.604213118,-11.985259112));
#2345=CARTESIAN_POINT('',(-7.210291047,-2.594236916,-12.223185343));
#2346=CARTESIAN_POINT('',(-7.03051554,-2.549302103,-12.665541855));
#2347=CARTESIAN_POINT('',(-6.902429362,-2.514355943,-12.869849515));
#2348=CARTESIAN_POINT('',(-6.586114521,-2.423940474,-13.218796847));
#2349=CARTESIAN_POINT('',(-6.39797354,-2.368496226,-13.363339792));
#2350=CARTESIAN_POINT('',(-6.191786654,-2.306333339,-13.46878071));
#2351=CARTESIAN_POINT('',(-7.245614359,-2.341590234,-11.040822018));
#2352=CARTESIAN_POINT('',(-7.317885111,-2.366037306,-11.268235579));
#2353=CARTESIAN_POINT('',(-7.350604517,-2.378391666,-11.509448112));
#2354=CARTESIAN_POINT('',(-7.332786641,-2.377346581,-11.988847401));
#2355=CARTESIAN_POINT('',(-7.2822543,-2.363947426,-12.226901149));
#2356=CARTESIAN_POINT('',(-7.104358246,-2.313097101,-12.669494167));
#2357=CARTESIAN_POINT('',(-6.97704389,-2.275660038,-12.873910639));
#2358=CARTESIAN_POINT('',(-6.661845999,-2.181515087,-13.223031326));
#2359=CARTESIAN_POINT('',(-6.474049916,-2.124833319,-13.367638676));
#2360=CARTESIAN_POINT('',(-6.267977744,-2.062140359,-13.473113548));
#2361=CARTESIAN_POINT('',(-7.373706802,-1.919525175,-11.038123571));
#2362=CARTESIAN_POINT('',(-7.44828209,-1.936094273,-11.265453802));
#2363=CARTESIAN_POINT('',(-7.483317362,-1.940576503,-11.506565886));
#2364=CARTESIAN_POINT('',(-7.46986157,-1.924798489,-11.985754595));
#2365=CARTESIAN_POINT('',(-7.421374237,-1.90454262,-12.223698374));
#2366=CARTESIAN_POINT('',(-7.247034125,-1.841867884,-12.666087704));
#2367=CARTESIAN_POINT('',(-7.121229678,-1.799466393,-12.87041061));
#2368=CARTESIAN_POINT('',(-6.808317634,-1.697916334,-13.219382598));
#2369=CARTESIAN_POINT('',(-6.621296785,-1.638795919,-13.363934935));
#2370=CARTESIAN_POINT('',(-6.41557837,-1.575081574,-13.469381157));
#2371=CARTESIAN_POINT('',(-7.436101704,-1.708761659,-11.032306831));
#2372=CARTESIAN_POINT('',(-7.511666775,-1.721358091,-11.259457316));
#2373=CARTESIAN_POINT('',(-7.547717407,-1.721876657,-11.500352644));
#2374=CARTESIAN_POINT('',(-7.536218314,-1.698693037,-11.979086885));
#2375=CARTESIAN_POINT('',(-7.488671769,-1.674997272,-12.216793303));
#2376=CARTESIAN_POINT('',(-7.316013557,-1.606403152,-12.658743));
#2377=CARTESIAN_POINT('',(-7.190949672,-1.561523787,-12.862863964));
#2378=CARTESIAN_POINT('',(-6.879210648,-1.456291725,-13.211515106));
#2379=CARTESIAN_POINT('',(-6.692621786,-1.395968156,-13.35594879));
#2380=CARTESIAN_POINT('',(-6.487143512,-1.331761752,-13.461333318));
#2381=CARTESIAN_POINT('',(-7.618457479,-1.077283915,-11.00157527));
#2382=CARTESIAN_POINT('',(-7.696514903,-1.077893345,-11.227779128));
#2383=CARTESIAN_POINT('',(-7.735192427,-1.066469525,-11.467535054));
#2384=CARTESIAN_POINT('',(-7.728903962,-1.021000579,-11.943881931));
#2385=CARTESIAN_POINT('',(-7.683939693,-0.986967952,-12.180342214));
#2386=CARTESIAN_POINT('',(-7.516047225,-0.900605571,-12.619983461));
#2387=CARTESIAN_POINT('',(-7.393165076,-0.848299527,-12.823043827));
#2388=CARTESIAN_POINT('',(-7.085042392,-0.732043237,-13.170007757));
#2389=CARTESIAN_POINT('',(-6.899886376,-0.668124894,-13.313816145));
#2390=CARTESIAN_POINT('',(-6.695323563,-0.602451667,-13.418873067));
#2391=CARTESIAN_POINT('',(-7.733577749,-0.65737217,-10.963449625));
#2392=CARTESIAN_POINT('',(-7.812656572,-0.649898513,-11.188479713));
#2393=CARTESIAN_POINT('',(-7.852522642,-0.630444936,-11.426823604));
#2394=CARTESIAN_POINT('',(-7.848822695,-0.570028274,-11.900212451));
#2395=CARTESIAN_POINT('',(-7.805257675,-0.529081643,-12.135128995));
#2396=CARTESIAN_POINT('',(-7.640166874,-0.430859901,-12.571910318));
#2397=CARTESIAN_POINT('',(-7.518685872,-0.373611487,-12.773656616));
#2398=CARTESIAN_POINT('',(-7.213105555,-0.250032843,-13.118529307));
#2399=CARTESIAN_POINT('',(-7.029089133,-0.18373617,-13.261562148));
#2400=CARTESIAN_POINT('',(-6.825399152,-0.117095685,-13.366211816));
#2401=CARTESIAN_POINT('',(-7.95187741,0.180016357,-10.850820994));
#2402=CARTESIAN_POINT('',(-8.031880971,0.203662246,-11.072439383));
#2403=CARTESIAN_POINT('',(-8.073141789,0.239140292,-11.306715187));
#2404=CARTESIAN_POINT('',(-8.07307431,0.329365335,-11.77160927));
#2405=CARTESIAN_POINT('',(-8.031746023,0.384088537,-12.002105274));
#2406=CARTESIAN_POINT('',(-7.871610609,0.50598184,-12.430690491));
#2407=CARTESIAN_POINT('',(-7.752845597,0.573119828,-12.628666979));
#2408=CARTESIAN_POINT('',(-7.452608051,0.711470445,-12.967504573));
#2409=CARTESIAN_POINT('',(-7.271214485,0.78264665,-13.108276558));
#2410=CARTESIAN_POINT('',(-7.069762514,0.851421205,-13.211697212));
#2411=CARTESIAN_POINT('',(-8.05505861,0.597492971,-10.776320319));
#2412=CARTESIAN_POINT('',(-8.134966658,0.629227051,-10.995700413));
#2413=CARTESIAN_POINT('',(-8.176434841,0.672698848,-11.227320144));
#2414=CARTESIAN_POINT('',(-8.177413239,0.777783026,-11.686677755));
#2415=CARTESIAN_POINT('',(-8.136923198,0.839368224,-11.914297234));
#2416=CARTESIAN_POINT('',(-7.978942433,0.973073246,-12.337546644));
#2417=CARTESIAN_POINT('',(-7.86149243,1.045158526,-12.533067485));
#2418=CARTESIAN_POINT('',(-7.564055082,1.190959691,-12.867960846));
#2419=CARTESIAN_POINT('',(-7.384144411,1.264637938,-13.007247048));
#2420=CARTESIAN_POINT('',(-7.184057128,1.334580467,-13.10984511));
#2421=CARTESIAN_POINT('',(-8.201861869,1.221418176,-10.634743183));
#2422=CARTESIAN_POINT('',(-8.281000319,1.265169138,-10.84997455));
#2423=CARTESIAN_POINT('',(-8.322231538,1.320492573,-11.076728919));
#2424=CARTESIAN_POINT('',(-8.323916372,1.447622087,-11.525989275));
#2425=CARTESIAN_POINT('',(-8.284369565,1.519396489,-11.748383407));
#2426=CARTESIAN_POINT('',(-8.129257727,1.670722385,-12.161930141));
#2427=CARTESIAN_POINT('',(-8.013731315,1.750236182,-12.35297978));
#2428=CARTESIAN_POINT('',(-7.720643528,1.907392289,-12.680635075));
#2429=CARTESIAN_POINT('',(-7.543155127,1.984995455,-12.817159153));
#2430=CARTESIAN_POINT('',(-7.345404504,2.056952546,-12.918162952));
#2431=CARTESIAN_POINT('',(-8.249607328,1.429630781,-10.582376297));
#2432=CARTESIAN_POINT('',(-8.328384155,1.477380222,-10.796087564));
#2433=CARTESIAN_POINT('',(-8.369444882,1.536642957,-11.021067259));
#2434=CARTESIAN_POINT('',(-8.371222249,1.671102469,-11.466650804));
#2435=CARTESIAN_POINT('',(-8.331938453,1.746266161,-11.687145109));
#2436=CARTESIAN_POINT('',(-8.177725227,1.903467062,-12.097162761));
#2437=CARTESIAN_POINT('',(-8.062833711,1.985465601,-12.286585307));
#2438=CARTESIAN_POINT('',(-7.771224788,2.146447523,-12.61159869));
#2439=CARTESIAN_POINT('',(-7.594579074,2.225391313,-12.747109623));
#2440=CARTESIAN_POINT('',(-7.39765778,2.298065412,-12.847519678));
#2441=CARTESIAN_POINT('',(-8.341761531,1.841213735,-10.468162));
#2442=CARTESIAN_POINT('',(-8.419660252,1.896830463,-10.678602935));
#2443=CARTESIAN_POINT('',(-8.460242026,1.963837092,-10.899786928));
#2444=CARTESIAN_POINT('',(-8.461979768,2.112714682,-11.337523971));
#2445=CARTESIAN_POINT('',(-8.423135319,2.194549967,-11.553972209));
#2446=CARTESIAN_POINT('',(-8.270606561,2.363347421,-11.956470377));
#2447=CARTESIAN_POINT('',(-8.156958775,2.450269149,-12.142423932));
#2448=CARTESIAN_POINT('',(-7.868316014,2.618892547,-12.461782992));
#2449=CARTESIAN_POINT('',(-7.693390156,2.700553826,-12.595112028));
#2450=CARTESIAN_POINT('',(-7.498187552,2.774742671,-12.694218908));
#2451=CARTESIAN_POINT('',(-8.386205816,2.04469507,-10.40632707));
#2452=CARTESIAN_POINT('',(-8.463588749,2.104182843,-10.615018039));
#2453=CARTESIAN_POINT('',(-8.503862754,2.174996303,-10.834181264));
#2454=CARTESIAN_POINT('',(-8.505469609,2.330966114,-11.267749119));
#2455=CARTESIAN_POINT('',(-8.466802079,2.416085603,-11.482051357));
#2456=CARTESIAN_POINT('',(-8.315060157,2.590607777,-11.880559576));
#2457=CARTESIAN_POINT('',(-8.202021603,2.679969223,-12.064671446));
#2458=CARTESIAN_POINT('',(-7.914866693,2.852409996,-12.381018482));
#2459=CARTESIAN_POINT('',(-7.740818156,2.935448582,-12.513178941));
#2460=CARTESIAN_POINT('',(-7.546504931,3.010435158,-12.611576539));
#2461=CARTESIAN_POINT('',(-8.515134266,2.648158772,-10.206321428));
#2462=CARTESIAN_POINT('',(-8.590817089,2.719059111,-10.409439849));
#2463=CARTESIAN_POINT('',(-8.630030713,2.801087873,-10.622207266));
#2464=CARTESIAN_POINT('',(-8.631017035,2.977969114,-11.042610722));
#2465=CARTESIAN_POINT('',(-8.592789512,3.072781471,-11.250151681));
#2466=CARTESIAN_POINT('',(-8.443283044,3.264249983,-11.636083342));
#2467=CARTESIAN_POINT('',(-8.332037924,3.360862733,-11.814386762));
#2468=CARTESIAN_POINT('',(-8.049338449,3.544741413,-12.121196958));
#2469=CARTESIAN_POINT('',(-7.877948051,3.631965681,-12.249634343));
#2470=CARTESIAN_POINT('',(-7.686357629,3.709463764,-12.345730528));
#2471=CARTESIAN_POINT('',(-8.595229826,3.041177769,-10.053688882));
#2472=CARTESIAN_POINT('',(-8.669577964,3.119417658,-10.252662293));
#2473=CARTESIAN_POINT('',(-8.707904185,3.208648332,-10.460721957));
#2474=CARTESIAN_POINT('',(-8.70817678,3.39898143,-10.871475309));
#2475=CARTESIAN_POINT('',(-8.670123101,3.500041966,-11.07407884));
#2476=CARTESIAN_POINT('',(-8.52194221,3.702503823,-11.450818938));
#2477=CARTESIAN_POINT('',(-8.411847538,3.803860606,-11.624872816));
#2478=CARTESIAN_POINT('',(-8.132107687,3.995347435,-11.924657417));
#2479=CARTESIAN_POINT('',(-7.962523933,4.085435372,-12.050322341));
#2480=CARTESIAN_POINT('',(-7.772821061,4.164767691,-12.144651408));
#2481=CARTESIAN_POINT('',(-8.746021368,3.807918991,-9.707110011));
#2482=CARTESIAN_POINT('',(-8.817666727,3.900270861,-9.897045223));
#2483=CARTESIAN_POINT('',(-8.854175727,4.003341304,-10.094973237));
#2484=CARTESIAN_POINT('',(-8.852909966,4.21958005,-10.485069821));
#2485=CARTESIAN_POINT('',(-8.815135471,4.332703516,-10.677157719));
#2486=CARTESIAN_POINT('',(-8.669454639,4.55651592,-11.034309857));
#2487=CARTESIAN_POINT('',(-8.561578445,4.667158468,-11.199300238));
#2488=CARTESIAN_POINT('',(-8.287608847,4.873748475,-11.483983728));
#2489=CARTESIAN_POINT('',(-8.121572127,4.969653129,-11.603617962));
#2490=CARTESIAN_POINT('',(-7.935606188,5.052894847,-11.693972938));
#2491=CARTESIAN_POINT('',(-8.816726978,4.181639282,-9.513161984));
#2492=CARTESIAN_POINT('',(-8.887004989,4.280764178,-9.698204426));
#2493=CARTESIAN_POINT('',(-8.922584769,4.390473117,-9.890708925));
#2494=CARTESIAN_POINT('',(-8.920495289,4.61916666,-10.269799455));
#2495=CARTESIAN_POINT('',(-8.882826453,4.738105243,-10.45630937));
#2496=CARTESIAN_POINT('',(-8.738320468,4.972275027,-10.803065362));
#2497=CARTESIAN_POINT('',(-8.631512351,5.087459118,-10.963241818));
#2498=CARTESIAN_POINT('',(-8.360353211,5.301543097,-11.239849625));
#2499=CARTESIAN_POINT('',(-8.196056663,5.400399925,-11.356225439));
#2500=CARTESIAN_POINT('',(-8.011939757,5.485715615,-11.444373115));
#2501=CARTESIAN_POINT('',(-8.917016789,4.726814671,-9.188281704));
#2502=CARTESIAN_POINT('',(-8.985433318,4.835680601,-9.365498628));
#2503=CARTESIAN_POINT('',(-9.019767703,4.954941463,-9.549437278));
#2504=CARTESIAN_POINT('',(-9.016629419,5.20159644,-9.911243178));
#2505=CARTESIAN_POINT('',(-8.979157354,5.328942995,-10.089040704));
#2506=CARTESIAN_POINT('',(-8.836383335,5.578159969,-10.419561699));
#2507=CARTESIAN_POINT('',(-8.731108899,5.699982337,-10.572221474));
#2508=CARTESIAN_POINT('',(-8.463955025,5.925127149,-10.836143339));
#2509=CARTESIAN_POINT('',(-8.302127078,6.028406184,-10.947354569));
#2510=CARTESIAN_POINT('',(-8.120633258,6.116912056,-11.031916652));
#2511=CARTESIAN_POINT('',(-8.949480668,4.905969978,-9.074322187));
#2512=CARTESIAN_POINT('',(-9.017307253,5.018013561,-9.248849725));
#2513=CARTESIAN_POINT('',(-9.051250169,5.140391129,-9.429861332));
#2514=CARTESIAN_POINT('',(-9.047791347,5.392913704,-9.78577623));
#2515=CARTESIAN_POINT('',(-9.010390268,5.523010676,-9.960611851));
#2516=CARTESIAN_POINT('',(-8.868186759,5.777162071,-10.285613937));
#2517=CARTESIAN_POINT('',(-8.76341137,5.901168152,-10.43571861));
#2518=CARTESIAN_POINT('',(-8.49755623,6.129969507,-10.695316057));
#2519=CARTESIAN_POINT('',(-8.336527032,6.234721262,-10.804759475));
#2520=CARTESIAN_POINT('',(-8.155882118,6.324303233,-10.888080571));
#2521=CARTESIAN_POINT('',(-9.012595887,5.258933045,-8.834442457));
#2522=CARTESIAN_POINT('',(-9.079331397,5.377195662,-9.003438125));
#2523=CARTESIAN_POINT('',(-9.112561882,5.505676058,-9.178464903));
#2524=CARTESIAN_POINT('',(-9.10855512,5.769700844,-9.522369605));
#2525=CARTESIAN_POINT('',(-9.071318615,5.905196298,-9.69118382));
#2526=CARTESIAN_POINT('',(-8.930254089,6.169052025,-10.00497139));
#2527=CARTESIAN_POINT('',(-8.826452204,6.297363394,-10.149886616));
#2528=CARTESIAN_POINT('',(-8.563110367,6.533399774,-10.400681981));
#2529=CARTESIAN_POINT('',(-8.403619207,6.641081039,-10.50651566));
#2530=CARTESIAN_POINT('',(-8.224605779,6.732822297,-10.587279477));
#2531=CARTESIAN_POINT('',(-9.043095795,5.431899499,-8.709051467));
#2532=CARTESIAN_POINT('',(-9.109333043,5.55318862,-8.875217298));
#2533=CARTESIAN_POINT('',(-9.14224448,5.684640553,-9.047200057));
#2534=CARTESIAN_POINT('',(-9.138011915,5.954272489,-9.385013288));
#2535=CARTESIAN_POINT('',(-9.100868686,6.092403131,-9.550781943));
#2536=CARTESIAN_POINT('',(-8.960369946,6.36100563,-9.858899897));
#2537=CARTESIAN_POINT('',(-8.857040148,6.491428315,-10.001192812));
#2538=CARTESIAN_POINT('',(-8.594906684,6.731025938,-10.247530896));
#2539=CARTESIAN_POINT('',(-8.436150994,6.840157014,-10.351530987));
#2540=CARTESIAN_POINT('',(-8.257916077,6.932976311,-10.430984373));
#2541=CARTESIAN_POINT('',(-9.130933058,5.936386531,-8.319295546));
#2542=CARTESIAN_POINT('',(-9.195849275,6.066453629,-8.476869011));
#2543=CARTESIAN_POINT('',(-9.227937656,6.206530673,-8.63966148));
#2544=CARTESIAN_POINT('',(-9.223196482,6.492454252,-8.959138015));
#2545=CARTESIAN_POINT('',(-9.186367766,6.638250188,-9.115765643));
#2546=CARTESIAN_POINT('',(-9.047538757,6.920679165,-9.406880042));
#2547=CARTESIAN_POINT('',(-8.945563006,7.057262232,-9.541315387));
#2548=CARTESIAN_POINT('',(-8.686857354,7.307272316,-9.774278414));
#2549=CARTESIAN_POINT('',(-8.530173186,7.420655098,-9.872764943));
#2550=CARTESIAN_POINT('',(-8.354123081,7.516649316,-9.948251327));
#2551=CARTESIAN_POINT('',(-9.184958113,6.255179405,-8.040228735));
#2552=CARTESIAN_POINT('',(-9.249224114,6.39072601,-8.191911066));
#2553=CARTESIAN_POINT('',(-9.280943133,6.536196299,-8.34847132));
#2554=CARTESIAN_POINT('',(-9.276092841,6.832329622,-8.655584933));
#2555=CARTESIAN_POINT('',(-9.23952437,6.982941274,-8.806085066));
#2556=CARTESIAN_POINT('',(-9.10178345,7.274082546,-9.085819434));
#2557=CARTESIAN_POINT('',(-9.000634883,7.414561655,-9.215005186));
#2558=CARTESIAN_POINT('',(-8.743967908,7.671185947,-9.439007196));
#2559=CARTESIAN_POINT('',(-8.588494004,7.787286611,-9.53378463));
#2560=CARTESIAN_POINT('',(-8.413708387,7.885328401,-9.606567261));
#2561=CARTESIAN_POINT('',(-9.284004802,6.858644139,-7.443070779));
#2562=CARTESIAN_POINT('',(-9.347460305,7.004496258,-7.582726015));
#2563=CARTESIAN_POINT('',(-9.378816601,7.160134301,-7.726701084));
#2564=CARTESIAN_POINT('',(-9.374221379,7.475543976,-8.009018007));
#2565=CARTESIAN_POINT('',(-9.338270631,7.63526257,-8.147312444));
#2566=CARTESIAN_POINT('',(-9.202627793,7.942884761,-8.404463584));
#2567=CARTESIAN_POINT('',(-9.102958497,8.090736632,-8.523277096));
#2568=CARTESIAN_POINT('',(-8.849807601,8.359856888,-8.729601497));
#2569=CARTESIAN_POINT('',(-8.696368542,8.481080023,-8.817077731));
#2570=CARTESIAN_POINT('',(-8.523673614,8.582954441,-8.884531982));
#2571=CARTESIAN_POINT('',(-9.329036359,7.143308838,-7.124985824));
#2572=CARTESIAN_POINT('',(-9.392330566,7.293987053,-7.258504696));
#2573=CARTESIAN_POINT('',(-9.423692597,7.454399663,-7.396126041));
#2574=CARTESIAN_POINT('',(-9.419460097,7.778876038,-7.66600729));
#2575=CARTESIAN_POINT('',(-9.383866269,7.94288589,-7.798222375));
#2576=CARTESIAN_POINT('',(-9.249232692,8.258276789,-8.044167968));
#2577=CARTESIAN_POINT('',(-9.150215308,8.409605433,-8.157857632));
#2578=CARTESIAN_POINT('',(-8.898541787,8.684607583,-8.355463324));
#2579=CARTESIAN_POINT('',(-8.745927457,8.808235398,-8.439346536));
#2580=CARTESIAN_POINT('',(-8.574058965,8.911894973,-8.504175521));
#2581=CARTESIAN_POINT('',(-9.388508418,7.545103588,-6.617687248));
#2582=CARTESIAN_POINT('',(-9.451889515,7.702583492,-6.741844754));
#2583=CARTESIAN_POINT('',(-9.483503974,7.869746393,-6.869880104));
#2584=CARTESIAN_POINT('',(-9.480100556,8.207051426,-7.121156288));
#2585=CARTESIAN_POINT('',(-9.445083238,8.377138175,-7.24435587));
#2586=CARTESIAN_POINT('',(-9.311849959,8.703506801,-7.473801801));
#2587=CARTESIAN_POINT('',(-9.213655873,8.859735092,-7.580010482));
#2588=CARTESIAN_POINT('',(-8.963738345,9.142964861,-7.764988521));
#2589=CARTESIAN_POINT('',(-8.812055935,9.269919834,-7.84372751));
#2590=CARTESIAN_POINT('',(-8.641084272,9.375992338,-7.904857392));
#2591=CARTESIAN_POINT('',(-9.406975336,7.674840834,-6.443564322));
#2592=CARTESIAN_POINT('',(-9.470438118,7.834514804,-6.564574866));
#2593=CARTESIAN_POINT('',(-9.502175462,8.003858732,-6.689405134));
#2594=CARTESIAN_POINT('',(-9.499092683,8.345310227,-6.934486525));
#2595=CARTESIAN_POINT('',(-9.464273063,8.517361896,-7.054697529));
#2596=CARTESIAN_POINT('',(-9.33148563,8.847275774,-7.278693694));
#2597=CARTESIAN_POINT('',(-9.233539556,9.005083974,-7.382442186));
#2598=CARTESIAN_POINT('',(-8.984130031,9.290955839,-7.563284893));
#2599=CARTESIAN_POINT('',(-8.83270741,9.418972704,-7.640349505));
#2600=CARTESIAN_POINT('',(-8.661977853,9.525805046,-7.700285752));
#2601=CARTESIAN_POINT('',(-9.44074938,7.925938049,-6.084995933));
#2602=CARTESIAN_POINT('',(-9.504475611,8.089860799,-6.199661307));
#2603=CARTESIAN_POINT('',(-9.536531411,8.263436101,-6.318067045));
#2604=CARTESIAN_POINT('',(-9.534170478,8.612934333,-6.550792017));
#2605=CARTESIAN_POINT('',(-9.499754128,8.788800272,-6.665073305));
#2606=CARTESIAN_POINT('',(-9.367811917,9.125584565,-6.878309167));
#2607=CARTESIAN_POINT('',(-9.27030757,9.286447999,-6.977228972));
#2608=CARTESIAN_POINT('',(-9.021757964,9.577401904,-7.150008686));
#2609=CARTESIAN_POINT('',(-8.870753234,9.707444929,-7.223840422));
#2610=CARTESIAN_POINT('',(-8.700394698,9.815701766,-7.281507653));
#2611=CARTESIAN_POINT('',(-9.456056644,8.047362973,-5.900372457));
#2612=CARTESIAN_POINT('',(-9.519964476,8.213341521,-6.011836629));
#2613=CARTESIAN_POINT('',(-9.55221568,8.388968212,-6.127019939));
#2614=CARTESIAN_POINT('',(-9.550255632,8.742368624,-6.35357766));
#2615=CARTESIAN_POINT('',(-9.5160447,8.920084776,-6.464915164));
#2616=CARTESIAN_POINT('',(-9.384501578,9.260195691,-6.672835808));
#2617=CARTESIAN_POINT('',(-9.287190817,9.42253505,-6.769385079));
#2618=CARTESIAN_POINT('',(-9.0389929,9.715929775,-6.938233875));
#2619=CARTESIAN_POINT('',(-8.888146177,9.846937346,-7.010505895));
#2620=CARTESIAN_POINT('',(-8.717916478,9.955858941,-7.067097004));
#2621=CARTESIAN_POINT('',(-9.49596646,8.395216434,-5.337519917));
#2622=CARTESIAN_POINT('',(-9.560529696,8.567093556,-5.439419097));
#2623=CARTESIAN_POINT('',(-9.59343995,8.748616721,-5.545033003));
#2624=CARTESIAN_POINT('',(-9.592741365,9.113232465,-5.753378926));
#2625=CARTESIAN_POINT('',(-9.55913264,9.296265664,-5.856077014));
#2626=CARTESIAN_POINT('',(-9.428677638,9.645912617,-6.048496777));
#2627=CARTESIAN_POINT('',(-9.331852608,9.812469428,-6.138187116));
#2628=CARTESIAN_POINT('',(-9.084460794,10.11278827,-6.295772018));
#2629=CARTESIAN_POINT('',(-8.933934301,10.246501391,-6.363640918));
#2630=CARTESIAN_POINT('',(-8.763925391,10.357240803,-6.41727316));
#2631=CARTESIAN_POINT('',(-9.514841867,8.606736188,-4.948241965));
#2632=CARTESIAN_POINT('',(-9.579995641,8.782214427,-5.043777645));
#2633=CARTESIAN_POINT('',(-9.613448508,8.967352678,-5.143103194));
#2634=CARTESIAN_POINT('',(-9.613680968,9.33884401,-5.339618288));
#2635=CARTESIAN_POINT('',(-9.580460524,9.525136391,-5.436775707));
#2636=CARTESIAN_POINT('',(-9.450595294,9.880596414,-5.619386866));
#2637=CARTESIAN_POINT('',(-9.35397173,10.049705973,-5.704810755));
#2638=CARTESIAN_POINT('',(-9.106792351,10.354146262,-5.855539672));
#2639=CARTESIAN_POINT('',(-8.956276928,10.489427245,-5.920820062));
#2640=CARTESIAN_POINT('',(-8.786195825,10.601154143,-5.972823912));
#2641=CARTESIAN_POINT('',(-9.532216517,8.993260746,-4.14191051));
#2642=CARTESIAN_POINT('',(-9.598684674,9.175364536,-4.22474869));
#2643=CARTESIAN_POINT('',(-9.633286054,9.367177486,-4.311711424));
#2644=CARTESIAN_POINT('',(-9.635350523,9.751347565,-4.485326649));
#2645=CARTESIAN_POINT('',(-9.602813271,9.94364113,-4.571950402));
#2646=CARTESIAN_POINT('',(-9.473801692,10.309723778,-4.73630447));
#2647=CARTESIAN_POINT('',(-9.377348713,10.48345229,-4.814007581));
#2648=CARTESIAN_POINT('',(-9.130039755,10.795188816,-4.952818496));
#2649=CARTESIAN_POINT('',(-8.979224698,10.933145251,-5.013903325));
#2650=CARTESIAN_POINT('',(-8.80866944,11.046402332,-5.063661712));
#2651=CARTESIAN_POINT('',(-9.530756056,9.168235445,-3.724864116));
#2652=CARTESIAN_POINT('',(-9.597949099,9.353363321,-3.801367547));
#2653=CARTESIAN_POINT('',(-9.633156939,9.548235719,-3.882254797));
#2654=CARTESIAN_POINT('',(-9.636122407,9.938208962,-4.044798446));
#2655=CARTESIAN_POINT('',(-9.603879541,10.133244703,-4.126427686));
#2656=CARTESIAN_POINT('',(-9.475129769,10.504137511,-4.282329871));
#2657=CARTESIAN_POINT('',(-9.37864436,10.679932658,-4.356576772));
#2658=CARTESIAN_POINT('',(-9.130989512,10.994844999,-4.490321707));
#2659=CARTESIAN_POINT('',(-8.979861423,11.133909616,-4.549797403));
#2660=CARTESIAN_POINT('',(-8.808901671,11.247710014,-4.598936651));
#2661=CARTESIAN_POINT('',(-9.507366787,9.406560204,-3.077763901));
#2662=CARTESIAN_POINT('',(-9.575599423,9.595837081,-3.144805457));
#2663=CARTESIAN_POINT('',(-9.611649884,9.794917363,-3.216800492));
#2664=CARTESIAN_POINT('',(-9.615793858,10.192845406,-3.363521917));
#2665=CARTESIAN_POINT('',(-9.583886668,10.391625614,-3.438223394));
#2666=CARTESIAN_POINT('',(-9.455293733,10.769008934,-3.582862741));
#2667=CARTESIAN_POINT('',(-9.35862982,10.947547981,-3.652776051));
#2668=CARTESIAN_POINT('',(-9.110200305,11.266528458,-3.780822216));
#2669=CARTESIAN_POINT('',(-8.958476878,11.406915737,-3.838933331));
#2670=CARTESIAN_POINT('',(-8.786804893,11.521204841,-3.888236832));
#2671=CARTESIAN_POINT('',(-9.496010477,9.481982408,-2.858464746));
#2672=CARTESIAN_POINT('',(-9.564581433,9.672577609,-2.922359301));
#2673=CARTESIAN_POINT('',(-9.600901478,9.872996772,-2.991427601));
#2674=CARTESIAN_POINT('',(-9.605409544,10.273451002,-3.133007223));
#2675=CARTESIAN_POINT('',(-9.573596794,10.473417679,-3.20549436));
#2676=CARTESIAN_POINT('',(-9.445017522,10.852843314,-3.346617342));
#2677=CARTESIAN_POINT('',(-9.348272959,11.032237474,-3.415229081));
#2678=CARTESIAN_POINT('',(-9.099543825,11.352457808,-3.541694776));
#2679=CARTESIAN_POINT('',(-8.947601733,11.493229294,-3.599527132));
#2680=CARTESIAN_POINT('',(-8.775675589,11.60762691,-3.649068737));
#2681=CARTESIAN_POINT('',(-9.464749949,9.625431258,-2.412391841));
#2682=CARTESIAN_POINT('',(-9.533952117,9.818539832,-2.470014494));
#2683=CARTESIAN_POINT('',(-9.57076825,10.021512748,-2.53332318));
#2684=CARTESIAN_POINT('',(-9.575925414,10.426771852,-2.664943875));
#2685=CARTESIAN_POINT('',(-9.544265553,10.628987942,-2.733233111));
#2686=CARTESIAN_POINT('',(-9.415653442,11.01225386,-2.867899894));
#2687=CARTESIAN_POINT('',(-9.318723439,11.193237393,-2.934254144));
#2688=CARTESIAN_POINT('',(-9.069365113,11.515701822,-3.058329832));
#2689=CARTESIAN_POINT('',(-8.916979922,11.657126939,-3.116029806));
#2690=CARTESIAN_POINT('',(-8.744552421,11.771632464,-3.166490055));
#2691=CARTESIAN_POINT('',(-9.444794478,9.693518607,-2.185318351));
#2692=CARTESIAN_POINT('',(-9.514289689,9.887823325,-2.23981232));
#2693=CARTESIAN_POINT('',(-9.551332387,10.092012235,-2.300284938));
#2694=CARTESIAN_POINT('',(-9.556774476,10.499552097,-2.427083626));
#2695=CARTESIAN_POINT('',(-9.525172919,10.702832078,-2.493387608));
#2696=CARTESIAN_POINT('',(-9.396513847,11.087897474,-2.62511282));
#2697=CARTESIAN_POINT('',(-9.299478737,11.269615832,-2.690511107));
#2698=CARTESIAN_POINT('',(-9.049790115,11.593085086,-2.813778794));
#2699=CARTESIAN_POINT('',(-8.897180086,11.734779651,-2.871626726));
#2700=CARTESIAN_POINT('',(-8.724505004,11.849284285,-2.922769811));
#2701=CARTESIAN_POINT('',(-9.370226252,9.886020831,-1.499187149));
#2702=CARTESIAN_POINT('',(-9.440476801,10.083705109,-1.54444004));
#2703=CARTESIAN_POINT('',(-9.478098141,10.291326177,-1.596667529));
#2704=CARTESIAN_POINT('',(-9.484246839,10.705274675,-1.70974284));
#2705=CARTESIAN_POINT('',(-9.452773106,10.911528517,-1.770570537));
#2706=CARTESIAN_POINT('',(-9.323938559,11.301567357,-1.894601561));
#2707=CARTESIAN_POINT('',(-9.226600651,11.485283016,-1.957782824));
#2708=CARTESIAN_POINT('',(-8.976007887,11.811376297,-2.080033939));
#2709=CARTESIAN_POINT('',(-8.822797584,11.953695946,-2.139082054));
#2710=CARTESIAN_POINT('',(-8.649483793,12.068033373,-2.193042765));
#2711=CARTESIAN_POINT('',(-9.30111779,9.999284703,-1.033252147));
#2712=CARTESIAN_POINT('',(-9.37171099,10.198956644,-1.07250333));
#2713=CARTESIAN_POINT('',(-9.409583683,10.408592335,-1.119551014));
#2714=CARTESIAN_POINT('',(-9.41599871,10.826263638,-1.224404377));
#2715=CARTESIAN_POINT('',(-9.384539886,11.034223905,-1.282191122));
#2716=CARTESIAN_POINT('',(-9.255520303,11.427037904,-1.402548688));
#2717=CARTESIAN_POINT('',(-9.157982822,11.611820774,-1.465097792));
#2718=CARTESIAN_POINT('',(-8.906869263,11.939162265,-1.58851347));
#2719=CARTESIAN_POINT('',(-8.753338489,12.08166183,-1.649357789));
#2720=CARTESIAN_POINT('',(-8.579717294,12.195673087,-1.70621548));
#2721=CARTESIAN_POINT('',(-9.107194303,10.20580425,-0.08267806));
#2722=CARTESIAN_POINT('',(-9.177889052,10.408986649,-0.110442668));
#2723=CARTESIAN_POINT('',(-9.215880465,10.622125753,-0.148084029));
#2724=CARTESIAN_POINT('',(-9.222500497,11.046123802,-0.239197164));
#2725=CARTESIAN_POINT('',(-9.19112789,11.256904078,-0.292652015));
#2726=CARTESIAN_POINT('',(-9.062284382,11.654078954,-0.40979031));
#2727=CARTESIAN_POINT('',(-8.964837391,11.840399858,-0.473452014));
#2728=CARTESIAN_POINT('',(-8.714040419,12.169106989,-0.604331646));
#2729=CARTESIAN_POINT('',(-8.560736977,12.311432222,-0.671525297));
#2730=CARTESIAN_POINT('',(-8.387510597,12.424318711,-0.736975385));
#2731=CARTESIAN_POINT('',(-8.982751053,10.298932076,0.402032177));
#2732=CARTESIAN_POINT('',(-9.053203215,10.503638372,0.379756563));
#2733=CARTESIAN_POINT('',(-9.091056458,10.718268602,0.346344557));
#2734=CARTESIAN_POINT('',(-9.09759663,11.144877192,0.260752506));
#2735=CARTESIAN_POINT('',(-9.066282328,11.356775309,0.208588568));
#2736=CARTESIAN_POINT('',(-8.937767963,11.755545592,0.090993402));
#2737=CARTESIAN_POINT('',(-8.840592079,11.942342748,0.025584286));
#2738=CARTESIAN_POINT('',(-8.590590828,12.271178519,-0.111601961));
#2739=CARTESIAN_POINT('',(-8.437812495,12.413155276,-0.183353308));
#2740=CARTESIAN_POINT('',(-8.265265101,12.525248726,-0.254503806));
#2741=CARTESIAN_POINT('',(-8.731508834,10.434443409,1.145127964));
#2742=CARTESIAN_POINT('',(-8.800949991,10.641107485,1.1303903));
#2743=CARTESIAN_POINT('',(-8.838316516,10.857534155,1.102181207));
#2744=CARTESIAN_POINT('',(-8.844949969,11.287032828,1.021802863));
#2745=CARTESIAN_POINT('',(-8.814215627,11.500022652,0.969648992));
#2746=CARTESIAN_POINT('',(-8.687894017,11.899966681,0.846925421));
#2747=CARTESIAN_POINT('',(-8.592330918,12.086844363,0.7763792));
#2748=CARTESIAN_POINT('',(-8.346502961,12.414654872,0.624375335));
#2749=CARTESIAN_POINT('',(-8.19628514,12.555524976,0.54294677));
#2750=CARTESIAN_POINT('',(-8.026703912,12.665913676,0.4603953));
#2751=CARTESIAN_POINT('',(-8.636351245,10.479141812,1.396495948));
#2752=CARTESIAN_POINT('',(-8.705344574,10.686405113,1.384160328));
#2753=CARTESIAN_POINT('',(-8.742502768,10.903357474,1.357496232));
#2754=CARTESIAN_POINT('',(-8.749210666,11.333646939,1.278337339));
#2755=CARTESIAN_POINT('',(-8.71875908,11.546901291,1.225857765));
#2756=CARTESIAN_POINT('',(-8.593472311,11.947027723,1.100660206));
#2757=CARTESIAN_POINT('',(-8.498661224,12.133822851,1.027966295));
#2758=CARTESIAN_POINT('',(-8.254752338,12.461079594,0.87009204));
#2759=CARTESIAN_POINT('',(-8.105701448,12.601478271,0.78494205));
#2760=CARTESIAN_POINT('',(-7.937452789,12.711207184,0.698091011));
#2761=CARTESIAN_POINT('',(-8.421840631,10.568325984,1.895765833));
#2762=CARTESIAN_POINT('',(-8.489716629,10.776655553,1.887844123));
#2763=CARTESIAN_POINT('',(-8.526411716,10.994473657,1.863751386));
#2764=CARTESIAN_POINT('',(-8.533534873,11.425906508,1.785788125));
#2765=CARTESIAN_POINT('',(-8.503961562,11.639437587,1.731932719));
#2766=CARTESIAN_POINT('',(-8.381692491,12.039404791,1.600205581));
#2767=CARTESIAN_POINT('',(-8.289020445,12.22576335,1.522359391));
#2768=CARTESIAN_POINT('',(-8.05046386,12.551397782,1.350985713));
#2769=CARTESIAN_POINT('',(-7.904625587,12.690610504,1.257491454));
#2770=CARTESIAN_POINT('',(-7.739987671,12.798811056,1.161164217));
#2771=CARTESIAN_POINT('',(-8.302315831,10.612952614,2.14439508));
#2772=CARTESIAN_POINT('',(-8.36952208,10.821751484,2.138492687));
#2773=CARTESIAN_POINT('',(-8.405962515,11.039911785,2.11543151));
#2774=CARTESIAN_POINT('',(-8.413427427,11.471700866,2.037449837));
#2775=CARTESIAN_POINT('',(-8.384450452,11.685245636,1.982544514));
#2776=CARTESIAN_POINT('',(-8.264166481,12.084873196,1.846757274));
#2777=CARTESIAN_POINT('',(-8.172882889,12.270878232,1.765901774));
#2778=CARTESIAN_POINT('',(-7.937762908,12.595443885,1.586885283));
#2779=CARTESIAN_POINT('',(-7.793972268,12.733941351,1.488759119));
#2780=CARTESIAN_POINT('',(-7.631614676,12.841271965,1.387244549));
#2781=CARTESIAN_POINT('',(-8.100861182,10.681972185,2.513940144));
#2782=CARTESIAN_POINT('',(-8.166902466,10.891376797,2.510739535));
#2783=CARTESIAN_POINT('',(-8.202973863,11.109899311,2.488817802));
#2784=CARTESIAN_POINT('',(-8.211325899,11.541850707,2.409872466));
#2785=CARTESIAN_POINT('',(-8.183604907,11.75519528,2.352864272));
#2786=CARTESIAN_POINT('',(-8.067328417,12.153845528,2.209862984));
#2787=CARTESIAN_POINT('',(-7.978795615,12.339073393,2.123897801));
#2788=CARTESIAN_POINT('',(-7.750392698,12.661559685,1.932215893));
#2789=CARTESIAN_POINT('',(-7.610567165,12.798755168,1.82653658));
#2790=CARTESIAN_POINT('',(-7.452581472,12.904579489,1.716659996));
#2791=CARTESIAN_POINT('',(-8.030008804,10.705326395,2.636542544));
#2792=CARTESIAN_POINT('',(-8.09563519,10.914916509,2.634188095));
#2793=CARTESIAN_POINT('',(-8.131585898,11.133534529,2.612578525));
#2794=CARTESIAN_POINT('',(-8.140296407,11.565477913,2.533157059));
#2795=CARTESIAN_POINT('',(-8.113054506,11.778718904,2.475360676));
#2796=CARTESIAN_POINT('',(-7.998285852,12.176965275,2.329769262));
#2797=CARTESIAN_POINT('',(-7.910781516,12.361892866,2.242002669));
#2798=CARTESIAN_POINT('',(-7.684878345,12.683606525,2.045901165));
#2799=CARTESIAN_POINT('',(-7.546523637,12.820329752,1.937604559));
#2800=CARTESIAN_POINT('',(-7.390153987,12.925618329,1.824845123));
#2801=CARTESIAN_POINT('',(-7.880243842,10.753061249,2.880075308));
#2802=CARTESIAN_POINT('',(-7.944989589,10.962988842,2.879299344));
#2803=CARTESIAN_POINT('',(-7.980711957,11.181744861,2.858180623));
#2804=CARTESIAN_POINT('',(-7.990293074,11.613540137,2.777514167));
#2805=CARTESIAN_POINT('',(-7.96414995,11.826494975,2.717982201));
#2806=CARTESIAN_POINT('',(-7.852789685,12.223765278,2.566881637));
#2807=CARTESIAN_POINT('',(-7.767594317,12.408003074,2.475342581));
#2808=CARTESIAN_POINT('',(-7.547276078,12.727998533,2.270067625));
#2809=CARTESIAN_POINT('',(-7.412196283,12.863693633,2.156371859));
#2810=CARTESIAN_POINT('',(-7.259412323,12.967836733,2.037691846));
#2811=CARTESIAN_POINT('',(-7.800801775,10.777611664,3.001697995));
#2812=CARTESIAN_POINT('',(-7.865095666,10.98768703,3.001633896));
#2813=CARTESIAN_POINT('',(-7.900733593,11.206478484,2.980660516));
#2814=CARTESIAN_POINT('',(-7.910889432,11.638114637,2.8991363));
#2815=CARTESIAN_POINT('',(-7.885405359,11.850874935,2.838601405));
#2816=CARTESIAN_POINT('',(-7.776036317,12.24754551,2.684454498));
#2817=CARTESIAN_POINT('',(-7.692172734,12.431378222,2.590872628));
#2818=CARTESIAN_POINT('',(-7.47504866,12.750395084,2.380691749));
#2819=CARTESIAN_POINT('',(-7.341830625,12.885516855,2.26413384));
#2820=CARTESIAN_POINT('',(-7.191074077,12.989032759,2.142335862));
#2821=CARTESIAN_POINT('',(-7.553885243,10.851843674,3.357108854));
#2822=CARTESIAN_POINT('',(-7.616633078,11.062346939,3.359180996));
#2823=CARTESIAN_POINT('',(-7.651851099,11.281222028,3.338739496));
#2824=CARTESIAN_POINT('',(-7.663465414,11.71233492,3.255012834));
#2825=CARTESIAN_POINT('',(-7.639859439,11.924488476,3.191744032));
#2826=CARTESIAN_POINT('',(-7.536342864,12.319326897,3.029154102));
#2827=CARTESIAN_POINT('',(-7.456452492,12.501934605,2.929864747));
#2828=CARTESIAN_POINT('',(-7.248941667,12.818020294,2.705903742));
#2829=CARTESIAN_POINT('',(-7.121361764,12.951436507,2.581275858));
#2830=CARTESIAN_POINT('',(-6.976771579,13.053100128,2.450657224));
#2831=CARTESIAN_POINT('',(-7.378667827,10.901791711,3.581098007));
#2832=CARTESIAN_POINT('',(-7.440117054,11.112563109,3.58461034));
#2833=CARTESIAN_POINT('',(-7.4748069,11.33147078,3.564675418));
#2834=CARTESIAN_POINT('',(-7.486965419,11.762194123,3.480038671));
#2835=CARTESIAN_POINT('',(-7.46443172,11.973925771,3.415353357));
#2836=CARTESIAN_POINT('',(-7.364543362,12.36753045,3.248153025));
#2837=CARTESIAN_POINT('',(-7.287208186,12.549326698,3.145670627));
#2838=CARTESIAN_POINT('',(-7.086009667,12.863503575,2.913879954));
#2839=CARTESIAN_POINT('',(-6.96218557,12.995822915,2.784616901));
#2840=CARTESIAN_POINT('',(-6.821744389,13.096311852,2.648884704));
#2841=CARTESIAN_POINT('',(-7.103636074,10.97529733,3.899898132));
#2842=CARTESIAN_POINT('',(-7.162749309,11.186437148,3.905570594));
#2843=CARTESIAN_POINT('',(-7.196238689,11.405366331,3.886583435));
#2844=CARTESIAN_POINT('',(-7.208402877,11.835485686,3.801312137));
#2845=CARTESIAN_POINT('',(-7.187075322,12.046592307,3.735044562));
#2846=CARTESIAN_POINT('',(-7.091872442,12.438414874,3.562303638));
#2847=CARTESIAN_POINT('',(-7.01801561,12.619054708,3.455863844));
#2848=CARTESIAN_POINT('',(-6.82565743,12.930551893,3.214182396));
#2849=CARTESIAN_POINT('',(-6.707193447,13.061348735,3.078987691));
#2850=CARTESIAN_POINT('',(-6.572753195,13.16022838,2.936638747));
#2851=CARTESIAN_POINT('',(-7.010161887,10.99948889,4.00299657));
#2852=CARTESIAN_POINT('',(-7.068434469,11.21074555,4.009387225));
#2853=CARTESIAN_POINT('',(-7.101457445,11.429677367,3.990746399));
#2854=CARTESIAN_POINT('',(-7.113489957,11.859592769,3.90538549));
#2855=CARTESIAN_POINT('',(-7.092497162,12.070492984,3.838681961));
#2856=CARTESIAN_POINT('',(-6.998727475,12.461734632,3.664327322));
#2857=CARTESIAN_POINT('',(-6.925968768,12.642000195,3.556710025));
#2858=CARTESIAN_POINT('',(-6.736446447,12.952637119,3.312048127));
#2859=CARTESIAN_POINT('',(-6.619719584,13.082948241,3.175050971));
#2860=CARTESIAN_POINT('',(-6.487237923,13.181318245,3.030677256));
#2861=CARTESIAN_POINT('',(-6.821639007,11.046618435,4.201956021));
#2862=CARTESIAN_POINT('',(-6.878127259,11.258092568,4.209762841));
#2863=CARTESIAN_POINT('',(-6.910095396,11.477019065,4.191857636));
#2864=CARTESIAN_POINT('',(-6.921595924,11.906523041,4.106524979));
#2865=CARTESIAN_POINT('',(-6.901126095,12.117017549,4.039114011));
#2866=CARTESIAN_POINT('',(-6.809920471,12.507133501,3.861963031));
#2867=CARTESIAN_POINT('',(-6.739202293,12.686679584,3.752257242));
#2868=CARTESIAN_POINT('',(-6.555046589,12.995677128,3.502237806));
#2869=CARTESIAN_POINT('',(-6.441644635,13.125068898,3.361972457));
#2870=CARTESIAN_POINT('',(-6.312941112,13.222481877,3.213900854));
#2871=CARTESIAN_POINT('',(-6.726363957,11.069611541,4.298079789));
#2872=CARTESIAN_POINT('',(-6.781907217,11.281186796,4.306586773));
#2873=CARTESIAN_POINT('',(-6.813286503,11.500105662,4.289071942));
#2874=CARTESIAN_POINT('',(-6.824387731,11.929402407,4.203856994));
#2875=CARTESIAN_POINT('',(-6.804107534,12.139697534,4.136173304));
#2876=CARTESIAN_POINT('',(-6.714037317,12.529268122,3.95783504));
#2877=CARTESIAN_POINT('',(-6.644264659,12.70846849,3.847214844));
#2878=CARTESIAN_POINT('',(-6.462647309,13.0166855,3.59480969));
#2879=CARTESIAN_POINT('',(-6.350837625,13.145642731,3.453073386));
#2880=CARTESIAN_POINT('',(-6.223958578,13.24260726,3.303322847));
#2881=CARTESIAN_POINT('',(-6.438027862,11.13656667,4.577580009));
#2882=CARTESIAN_POINT('',(-6.49059293,11.348419983,4.588161201));
#2883=CARTESIAN_POINT('',(-6.520032829,11.567299744,4.571870382));
#2884=CARTESIAN_POINT('',(-6.529549755,11.995968735,4.487267044));
#2885=CARTESIAN_POINT('',(-6.509624961,12.205675915,4.418970719));
#2886=CARTESIAN_POINT('',(-6.422515567,12.593662176,4.237610225));
#2887=CARTESIAN_POINT('',(-6.355347637,12.771866995,4.124580771));
#2888=CARTESIAN_POINT('',(-6.180886946,13.07785754,3.865775109));
#2889=CARTESIAN_POINT('',(-6.073627571,13.205584697,3.720048442));
#2890=CARTESIAN_POINT('',(-5.952009376,13.301291173,3.565702529));
#2891=CARTESIAN_POINT('',(-6.242485294,11.178495041,4.752130839));
#2892=CARTESIAN_POINT('',(-6.292874388,11.390499962,4.764059332));
#2893=CARTESIAN_POINT('',(-6.320790981,11.609332128,4.748654142));
#2894=CARTESIAN_POINT('',(-6.328735864,12.0375749,4.664800601));
#2895=CARTESIAN_POINT('',(-6.308762645,12.246903987,4.596368212));
#2896=CARTESIAN_POINT('',(-6.223031177,12.633903715,4.413708444));
#2897=CARTESIAN_POINT('',(-6.157289246,12.811500689,4.299515836));
#2898=CARTESIAN_POINT('',(-5.986985198,13.11616125,4.037447159));
#2899=CARTESIAN_POINT('',(-5.882455495,13.243166844,3.88962098));
#2900=CARTESIAN_POINT('',(-5.76405912,13.338151417,3.732797432));
#2901=CARTESIAN_POINT('',(-5.648629978,11.294137367,5.248265638));
#2902=CARTESIAN_POINT('',(-5.692030655,11.506475334,5.26412729));
#2903=CARTESIAN_POINT('',(-5.714786947,11.725082744,5.251501269));
#2904=CARTESIAN_POINT('',(-5.716634358,12.151987289,5.170592427));
#2905=CARTESIAN_POINT('',(-5.695725142,12.360204608,5.10232473));
#2906=CARTESIAN_POINT('',(-5.612426723,12.744406533,4.91729818));
#2907=CARTESIAN_POINT('',(-5.550053091,12.920319309,4.800573926));
#2908=CARTESIAN_POINT('',(-5.390374999,13.221382454,4.530904741));
#2909=CARTESIAN_POINT('',(-5.293100378,13.346476538,4.378010243));
#2910=CARTESIAN_POINT('',(-5.183472346,13.439595995,4.215047293));
#2911=CARTESIAN_POINT('',(-5.243217248,11.357660335,5.542774407));
#2912=CARTESIAN_POINT('',(-5.281352067,11.570057157,5.561109985));
#2913=CARTESIAN_POINT('',(-5.29988728,11.788404875,5.550491184));
#2914=CARTESIAN_POINT('',(-5.295837923,12.214336851,5.472445602));
#2915=CARTESIAN_POINT('',(-5.273254119,12.421842581,5.405033202));
#2916=CARTESIAN_POINT('',(-5.189314381,12.804393973,5.220426029));
#2917=CARTESIAN_POINT('',(-5.127973932,12.979369105,5.10326529));
#2918=CARTESIAN_POINT('',(-4.972919289,13.278555603,4.831391218));
#2919=CARTESIAN_POINT('',(-4.879233678,13.402711809,4.676728014));
#2920=CARTESIAN_POINT('',(-4.774251381,13.494987237,4.511366379));
#2921=CARTESIAN_POINT('',(-4.625982034,11.426421013,5.950752291));
#2922=CARTESIAN_POINT('',(-4.655626455,11.638588768,5.972664272));
#2923=CARTESIAN_POINT('',(-4.667002772,11.856301717,5.965151054));
#2924=CARTESIAN_POINT('',(-4.652051572,12.280456054,5.892045554));
#2925=CARTESIAN_POINT('',(-4.625726757,12.486820892,5.826466463));
#2926=CARTESIAN_POINT('',(-4.53808306,12.866929623,5.643991225));
#2927=CARTESIAN_POINT('',(-4.476779998,13.040604916,5.52712801));
#2928=CARTESIAN_POINT('',(-4.325508083,13.337358746,5.254153762));
#2929=CARTESIAN_POINT('',(-4.235566531,13.460383725,5.098091996));
#2930=CARTESIAN_POINT('',(-4.135938255,13.551738685,4.930470485));
#2931=CARTESIAN_POINT('',(-4.418091774,11.444967248,6.081327015));
#2932=CARTESIAN_POINT('',(-4.444797253,11.657005321,6.104412873));
#2933=CARTESIAN_POINT('',(-4.453640595,11.874464944,6.097956033));
#2934=CARTESIAN_POINT('',(-4.434698878,12.297971424,6.0266174));
#2935=CARTESIAN_POINT('',(-4.406917217,12.503942401,5.961748387));
#2936=CARTESIAN_POINT('',(-4.317576201,12.883239812,5.780249728));
#2937=CARTESIAN_POINT('',(-4.256032854,13.056498289,5.6636526));
#2938=CARTESIAN_POINT('',(-4.105499325,13.352502735,5.39069578));
#2939=CARTESIAN_POINT('',(-4.016536113,13.475195671,5.234384994));
#2940=CARTESIAN_POINT('',(-3.918428807,13.566300849,5.066240687));
#2941=CARTESIAN_POINT('',(-4.003061518,11.472158346,6.331244642));
#2942=CARTESIAN_POINT('',(-4.023772999,11.683824674,6.356639175));
#2943=CARTESIAN_POINT('',(-4.027357312,11.900688799,6.352312575));
#2944=CARTESIAN_POINT('',(-3.999908287,12.322773763,6.284656421));
#2945=CARTESIAN_POINT('',(-3.968879803,12.527920051,6.221338814));
#2946=CARTESIAN_POINT('',(-3.875368772,12.90557223,6.042158963));
#2947=CARTESIAN_POINT('',(-3.812902744,13.078011419,5.926328366));
#2948=CARTESIAN_POINT('',(-3.662897987,13.372591873,5.653957069));
#2949=CARTESIAN_POINT('',(-3.575385754,13.494681108,5.497464476));
#2950=CARTESIAN_POINT('',(-3.479810285,13.585365697,5.328616797));
#2951=CARTESIAN_POINT('',(-3.79594497,11.480837689,6.450614354));
#2952=CARTESIAN_POINT('',(-3.813602235,11.692262396,6.477143808));
#2953=CARTESIAN_POINT('',(-3.814461625,11.908784701,6.473891002));
#2954=CARTESIAN_POINT('',(-3.782498562,12.330096495,6.408149929));
#2955=CARTESIAN_POINT('',(-3.749681721,12.534812091,6.345673191));
#2956=CARTESIAN_POINT('',(-3.65370157,12.911630406,6.167834299));
#2957=CARTESIAN_POINT('',(-3.590555098,13.083667035,6.052503336));
#2958=CARTESIAN_POINT('',(-3.440344768,13.377572487,5.780698239));
#2959=CARTESIAN_POINT('',(-3.353307255,13.499389761,5.624271777));
#2960=CARTESIAN_POINT('',(-3.258744684,13.589903149,5.455242363));
#2961=CARTESIAN_POINT('',(-3.176193079,11.491565426,6.795338307));
#2962=CARTESIAN_POINT('',(-3.184559772,11.702091904,6.825253067));
#2963=CARTESIAN_POINT('',(-3.177015755,11.91744616,6.825256883));
#2964=CARTESIAN_POINT('',(-3.13086647,12.336218298,6.765440782));
#2965=CARTESIAN_POINT('',(-3.092269155,12.539564215,6.705631136));
#2966=CARTESIAN_POINT('',(-2.987901729,12.913787919,6.532204259));
#2967=CARTESIAN_POINT('',(-2.922149566,13.084601396,6.418616826));
#2968=CARTESIAN_POINT('',(-2.770102139,13.376505571,6.14908201));
#2969=CARTESIAN_POINT('',(-2.683833009,13.497546104,5.993180946));
#2970=CARTESIAN_POINT('',(-2.591643168,13.587607207,5.823961803));
#2971=CARTESIAN_POINT('',(-2.765160385,11.478312167,7.007474209));
#2972=CARTESIAN_POINT('',(-2.767165311,11.688008816,7.039620294));
#2973=CARTESIAN_POINT('',(-2.753717534,11.902394137,7.041841009));
#2974=CARTESIAN_POINT('',(-2.697259779,12.319178738,6.986209223));
#2975=CARTESIAN_POINT('',(-2.654259404,12.521507275,6.928366158));
#2976=CARTESIAN_POINT('',(-2.543003184,12.893874919,6.758388812));
#2977=CARTESIAN_POINT('',(-2.474766239,13.063850822,6.646283376));
#2978=CARTESIAN_POINT('',(-2.319876195,13.35444878,6.379009705));
#2979=CARTESIAN_POINT('',(-2.233249396,13.47502151,6.223886834));
#2980=CARTESIAN_POINT('',(-2.141757359,13.56486045,6.055006851));
#2981=CARTESIAN_POINT('',(-1.949147245,11.40803483,7.408625717));
#2982=CARTESIAN_POINT('',(-1.938237577,11.615579386,7.445381509));
#2983=CARTESIAN_POINT('',(-1.912576926,11.827599824,7.452226223));
#2984=CARTESIAN_POINT('',(-1.834287831,12.239680175,7.405417181));
#2985=CARTESIAN_POINT('',(-1.781672421,12.439671581,7.3517712));
#2986=CARTESIAN_POINT('',(-1.654692103,12.807831053,7.189286688));
#2987=CARTESIAN_POINT('',(-1.58034832,12.975937914,7.080475165));
#2988=CARTESIAN_POINT('',(-1.417288047,13.263624939,6.818445502));
#2989=CARTESIAN_POINT('',(-1.328598674,13.383157275,6.665270922));
#2990=CARTESIAN_POINT('',(-1.237124316,13.47248346,6.497490625));
#2991=CARTESIAN_POINT('',(-1.544161046,11.351029256,7.597553877));
#2992=CARTESIAN_POINT('',(-1.526696993,11.557252081,7.636687802));
#2993=CARTESIAN_POINT('',(-1.494725478,11.767877161,7.64594037));
#2994=CARTESIAN_POINT('',(-1.404909839,12.17724211,7.603773224));
#2995=CARTESIAN_POINT('',(-1.347080535,12.375914481,7.552360458));
#2996=CARTESIAN_POINT('',(-1.211261095,12.741723402,7.39392631));
#2997=CARTESIAN_POINT('',(-1.133293364,12.908799636,7.286931047));
#2998=CARTESIAN_POINT('',(-0.964901876,13.194883704,7.02789402));
#2999=CARTESIAN_POINT('',(-0.874505891,13.313844369,6.875894964));
#3000=CARTESIAN_POINT('',(-0.782349853,13.402880875,6.708880799));
#3001=CARTESIAN_POINT('',(-0.942435765,11.230142907,7.869253412));
#3002=CARTESIAN_POINT('',(-0.91505472,11.433983762,7.912206917));
#3003=CARTESIAN_POINT('',(-0.873391678,11.642159091,7.925313423));
#3004=CARTESIAN_POINT('',(-0.765578382,12.046810673,7.890549913));
#3005=CARTESIAN_POINT('',(-0.699445766,12.243220742,7.842685581));
#3006=CARTESIAN_POINT('',(-0.549199454,12.604992529,7.690674716));
#3007=CARTESIAN_POINT('',(-0.465110335,12.770295076,7.586553045));
#3008=CARTESIAN_POINT('',(-0.287227819,13.053560149,7.332264492));
#3009=CARTESIAN_POINT('',(-0.193463518,13.171476344,7.182139202));
#3010=CARTESIAN_POINT('',(-0.099463255,13.259907688,7.01637708));
#3011=CARTESIAN_POINT('',(-0.742817693,11.183946012,7.95784472));
#3012=CARTESIAN_POINT('',(-0.712116421,11.386926102,8.00211335));
#3013=CARTESIAN_POINT('',(-0.667184869,11.594225226,8.016544969));
#3014=CARTESIAN_POINT('',(-0.55325329,11.99719879,7.984323471));
#3015=CARTESIAN_POINT('',(-0.484271864,12.192807448,7.937675613));
#3016=CARTESIAN_POINT('',(-0.329020599,12.553148466,7.787865286));
#3017=CARTESIAN_POINT('',(-0.242776105,12.717822003,7.684727272));
#3018=CARTESIAN_POINT('',(-0.061479628,13.000078879,7.432066885));
#3019=CARTESIAN_POINT('',(0.033542759,13.117616142,7.282585757));
#3020=CARTESIAN_POINT('',(0.128295197,13.205817801,7.11725932));
#3021=CARTESIAN_POINT('',(-0.345696419,11.079229654,8.131766559));
#3022=CARTESIAN_POINT('',(-0.30833238,11.280347492,8.178773241));
#3023=CARTESIAN_POINT('',(-0.256796149,11.485767309,8.195954606));
#3024=CARTESIAN_POINT('',(-0.130411447,11.885153886,8.168989053));
#3025=CARTESIAN_POINT('',(-0.055583562,12.079055595,8.124846525));
#3026=CARTESIAN_POINT('',(0.110036969,12.436343454,7.979551951));
#3027=CARTESIAN_POINT('',(0.200802639,12.59967141,7.87842357));
#3028=CARTESIAN_POINT('',(0.389382359,12.879748168,7.629078677));
#3029=CARTESIAN_POINT('',(0.487165694,12.996451352,7.480902779));
#3030=CARTESIAN_POINT('',(0.583668713,13.084121938,7.316457314));
#3031=CARTESIAN_POINT('',(-0.148478996,11.020737094,8.216965518));
#3032=CARTESIAN_POINT('',(-0.107776992,11.22085422,8.265393716));
#3033=CARTESIAN_POINT('',(-0.052908962,11.425271775,8.283998251));
#3034=CARTESIAN_POINT('',(0.079802654,11.82275102,8.259743735));
#3035=CARTESIAN_POINT('',(0.157624629,12.015747986,8.216888634));
#3036=CARTESIAN_POINT('',(0.328603482,12.371414845,8.073906608));
#3037=CARTESIAN_POINT('',(0.421732519,12.534026822,7.973802965));
#3038=CARTESIAN_POINT('',(0.614177973,12.812932515,7.726143278));
#3039=CARTESIAN_POINT('',(0.713463054,12.929180815,7.578627563));
#3040=CARTESIAN_POINT('',(0.81096406,13.01655007,7.414626751));
#3041=CARTESIAN_POINT('',(0.43256179,10.828654343,8.465489114));
#3042=CARTESIAN_POINT('',(0.483178288,11.025587114,8.518319595));
#3043=CARTESIAN_POINT('',(0.548007285,11.226835475,8.541313084));
#3044=CARTESIAN_POINT('',(0.699755383,11.61829652,8.525379259));
#3045=CARTESIAN_POINT('',(0.786649726,11.808445332,8.486454546));
#3046=CARTESIAN_POINT('',(0.973987761,12.158997384,8.350493551));
#3047=CARTESIAN_POINT('',(1.074400888,12.319343425,8.253479454));
#3048=CARTESIAN_POINT('',(1.278902942,12.594505848,8.010864762));
#3049=CARTESIAN_POINT('',(1.382958503,12.709277332,7.865303753));
#3050=CARTESIAN_POINT('',(1.483734357,12.795631115,7.702601498));
#3051=CARTESIAN_POINT('',(0.808154961,10.677887569,8.622862838));
#3052=CARTESIAN_POINT('',(0.865288654,10.872445188,8.678829813));
#3053=CARTESIAN_POINT('',(0.936751816,11.07135472,8.704926102));
#3054=CARTESIAN_POINT('',(1.101339007,11.45839012,8.694822215));
#3055=CARTESIAN_POINT('',(1.194436066,11.646452514,8.658623705));
#3056=CARTESIAN_POINT('',(1.393119524,11.993241979,8.527481015));
#3057=CARTESIAN_POINT('',(1.49867336,12.151912177,8.432558347));
#3058=CARTESIAN_POINT('',(1.711866901,12.424258416,8.193310476));
#3059=CARTESIAN_POINT('',(1.81947166,12.537889793,8.049024509));
#3060=CARTESIAN_POINT('',(1.922814437,12.623413138,7.887144327));
#3061=CARTESIAN_POINT('',(1.535777417,10.331101275,8.924771283));
#3062=CARTESIAN_POINT('',(1.605718819,10.520363565,8.987518494));
#3063=CARTESIAN_POINT('',(1.690381433,10.714098546,9.020261008));
#3064=CARTESIAN_POINT('',(1.880783954,11.09136408,9.022501841));
#3065=CARTESIAN_POINT('',(1.986492092,11.274831639,8.991999795));
#3066=CARTESIAN_POINT('',(2.20847673,11.613301484,8.870766829));
#3067=CARTESIAN_POINT('',(2.324716185,11.768247254,8.780056158));
#3068=CARTESIAN_POINT('',(2.556202647,12.034244905,8.547413161));
#3069=CARTESIAN_POINT('',(2.671411019,12.145252372,8.405519682));
#3070=CARTESIAN_POINT('',(2.780391789,12.228782227,8.245066827));
#3071=CARTESIAN_POINT('',(1.887803348,10.135085257,9.069286319));
#3072=CARTESIAN_POINT('',(1.964035547,10.321427711,9.135677978));
#3073=CARTESIAN_POINT('',(2.055264038,10.512327405,9.171964691));
#3074=CARTESIAN_POINT('',(2.258644416,10.884249635,9.180721901));
#3075=CARTESIAN_POINT('',(2.370761947,11.065209258,9.153190936));
#3076=CARTESIAN_POINT('',(2.604704615,11.399122941,9.037050994));
#3077=CARTESIAN_POINT('',(2.726490225,11.552020518,8.948461674));
#3078=CARTESIAN_POINT('',(2.967580564,11.81448635,8.719058194));
#3079=CARTESIAN_POINT('',(3.086844551,11.924010207,8.57828284));
#3080=CARTESIAN_POINT('',(3.198897441,12.006377078,8.418435841));
#3081=CARTESIAN_POINT('',(2.398280873,9.806609882,9.27766152));
#3082=CARTESIAN_POINT('',(2.483746797,9.988102252,9.349938369));
#3083=CARTESIAN_POINT('',(2.584734704,10.174313215,9.391907403));
#3084=CARTESIAN_POINT('',(2.807584149,10.537416159,9.411003429));
#3085=CARTESIAN_POINT('',(2.929407041,10.714245153,9.388127115));
#3086=CARTESIAN_POINT('',(3.181580283,11.040647061,9.279830623));
#3087=CARTESIAN_POINT('',(3.311886899,11.190163355,9.194429234));
#3088=CARTESIAN_POINT('',(3.567816582,11.446766591,8.9697224));
#3089=CARTESIAN_POINT('',(3.693395262,11.55380902,8.830455936));
#3090=CARTESIAN_POINT('',(3.810263958,11.63420133,8.671290119));
#3091=CARTESIAN_POINT('',(2.565514926,9.691369205,9.345705878));
#3092=CARTESIAN_POINT('',(2.654024967,9.871166129,9.420013724));
#3093=CARTESIAN_POINT('',(2.75825109,10.055741193,9.46393748));
#3094=CARTESIAN_POINT('',(2.987590619,10.415769732,9.486573253));
#3095=CARTESIAN_POINT('',(3.112663882,10.591160164,9.465281312));
#3096=CARTESIAN_POINT('',(3.370963038,10.914944975,9.359633124));
#3097=CARTESIAN_POINT('',(3.504143717,11.063282658,9.27529538));
#3098=CARTESIAN_POINT('',(3.765092344,11.317837784,9.052127201));
#3099=CARTESIAN_POINT('',(3.892814611,11.424010653,8.913335843));
#3100=CARTESIAN_POINT('',(4.011323344,11.503706826,8.754359418));
#3101=CARTESIAN_POINT('',(2.894177613,9.449212563,9.479015571));
#3102=CARTESIAN_POINT('',(2.988702279,9.625445986,9.557522754));
#3103=CARTESIAN_POINT('',(3.099367845,9.806587837,9.605476763));
#3104=CARTESIAN_POINT('',(3.341669865,10.160170636,9.63537747));
#3105=CARTESIAN_POINT('',(3.473263024,10.33254838,9.617318829));
#3106=CARTESIAN_POINT('',(3.743883469,10.650854796,9.517030408));
#3107=CARTESIAN_POINT('',(3.882862396,10.796726572,9.434818556));
#3108=CARTESIAN_POINT('',(4.153952308,11.046995158,9.214664068));
#3109=CARTESIAN_POINT('',(4.286014849,11.151347234,9.076760784));
#3110=CARTESIAN_POINT('',(4.407845616,11.229583262,8.918080023));
#3111=CARTESIAN_POINT('',(3.055895328,9.322054611,9.544397443));
#3112=CARTESIAN_POINT('',(3.153395977,9.496416449,9.625076989));
#3113=CARTESIAN_POINT('',(3.267268709,9.675757583,9.67511033));
#3114=CARTESIAN_POINT('',(3.516055185,10.025962626,9.708742929));
#3115=CARTESIAN_POINT('',(3.650923975,10.196763227,9.692336116));
#3116=CARTESIAN_POINT('',(3.927751354,10.512202803,9.594763765));
#3117=CARTESIAN_POINT('',(4.069659921,10.656784756,9.513615869));
#3118=CARTESIAN_POINT('',(4.345881677,10.904810437,9.294938564));
#3119=CARTESIAN_POINT('',(4.480144949,11.008209329,9.157448684));
#3120=CARTESIAN_POINT('',(4.603660761,11.085679729,8.998874058));
#3121=CARTESIAN_POINT('',(3.53053947,8.924294074,9.735535152));
#3122=CARTESIAN_POINT('',(3.636812756,9.092777787,9.822899797));
#3123=CARTESIAN_POINT('',(3.760201117,9.266468583,9.879318024));
#3124=CARTESIAN_POINT('',(4.028305538,9.6060863,9.924363772));
#3125=CARTESIAN_POINT('',(4.172971426,9.771949563,9.912982887));
#3126=CARTESIAN_POINT('',(4.468402044,10.078426441,9.823608501));
#3127=CARTESIAN_POINT('',(4.619111482,10.218982611,9.745631769));
#3128=CARTESIAN_POINT('',(4.910756947,10.460020604,9.531260593));
#3129=CARTESIAN_POINT('',(5.051638381,10.56045725,9.394906324));
#3130=CARTESIAN_POINT('',(5.180210948,10.635555945,9.236517273));
#3131=CARTESIAN_POINT('',(3.829147693,8.640783384,9.854786395));
#3132=CARTESIAN_POINT('',(3.940991376,8.80504711,9.94677902));
#3133=CARTESIAN_POINT('',(4.070505454,8.974688154,10.007599238));
#3134=CARTESIAN_POINT('',(4.351151629,9.306732198,10.060453155));
#3135=CARTESIAN_POINT('',(4.502229789,9.469071257,10.052476728));
#3136=CARTESIAN_POINT('',(4.80988769,9.769165843,9.968567923));
#3137=CARTESIAN_POINT('',(4.966408296,9.906863586,9.892651722));
#3138=CARTESIAN_POINT('',(5.268246371,10.142956079,9.680947677));
#3139=CARTESIAN_POINT('',(5.413505815,10.24130537,9.545200585));
#3140=CARTESIAN_POINT('',(5.545408342,10.314742371,9.38675502));
#3141=CARTESIAN_POINT('',(4.677407283,7.738713537,10.188315933));
#3142=CARTESIAN_POINT('',(4.805138547,7.889278544,10.294410328));
#3143=CARTESIAN_POINT('',(4.952327875,8.045769,10.368616026));
#3144=CARTESIAN_POINT('',(5.269387632,8.353275739,10.445074103));
#3145=CARTESIAN_POINT('',(5.439191976,8.50422748,10.447310656));
#3146=CARTESIAN_POINT('',(5.782616785,8.78381843,10.379572062));
#3147=CARTESIAN_POINT('',(5.956165641,8.91239897,10.309611214));
#3148=CARTESIAN_POINT('',(6.287786115,9.132898407,10.10525194));
#3149=CARTESIAN_POINT('',(6.44578855,9.224771037,9.970896339));
#3150=CARTESIAN_POINT('',(6.587263071,9.293182216,9.811792098));
#3151=CARTESIAN_POINT('',(5.17982042,7.069088141,10.378737104));
#3152=CARTESIAN_POINT('',(5.317034823,7.209124705,10.494573275));
#3153=CARTESIAN_POINT('',(5.475071762,7.355505299,10.577993178));
#3154=CARTESIAN_POINT('',(5.814802385,7.644225211,10.670515181));
#3155=CARTESIAN_POINT('',(5.996420624,7.78649989,10.679596848));
#3156=CARTESIAN_POINT('',(6.362488558,8.050623172,10.622385505));
#3157=CARTESIAN_POINT('',(6.546856935,8.172412676,10.556105366));
#3158=CARTESIAN_POINT('',(6.89727118,8.381535804,10.35576365));
#3159=CARTESIAN_POINT('',(7.063239168,8.46882266,10.221746764));
#3160=CARTESIAN_POINT('',(7.210516854,8.533850978,10.061524378));
#3161=CARTESIAN_POINT('',(5.631526967,6.334711881,10.531821812));
#3162=CARTESIAN_POINT('',(5.777227936,6.462465909,10.656318583));
#3163=CARTESIAN_POINT('',(5.945025625,6.596955937,10.747942294));
#3164=CARTESIAN_POINT('',(6.305138205,6.863637465,10.854699647));
#3165=CARTESIAN_POINT('',(6.497368072,6.995766,10.869808083));
#3166=CARTESIAN_POINT('',(6.883633763,7.242105001,10.821712833));
#3167=CARTESIAN_POINT('',(7.077578387,7.356257304,10.758520503));
#3168=CARTESIAN_POINT('',(7.444348924,7.553141827,10.561256472));
#3169=CARTESIAN_POINT('',(7.61708824,7.63582756,10.427231345));
#3170=CARTESIAN_POINT('',(7.769053752,7.697908833,10.265671113));
#3171=B_SPLINE_SURFACE_WITH_KNOTS('',3,3,((#1391,#1392,#1393,#1394,#1395,#1396,#1397,#1398,#1399,#1400),(#1401,#1402,#1403,#1404,#1405,#1406,#1407,#1408,#1409,#1410),(#1411,#1412,#1413,#1414,#1415,#1416,#1417,#1418,#1419,#1420),(#1421,#1422,#1423,#1424,#1425,#1426,#1427,#1428,#1429,#1430),(#1431,#1432,#1433,#1434,#1435,#1436,#1437,#1438,#1439,#1440),(#1441,#1442,#1443,#1444,#1445,#1446,#1447,#1448,#1449,#1450),(#1451,#1452,#1453,#1454,#1455,#1456,#1457,#1458,#1459,#1460),(#1461,#1462,#1463,#1464,#1465,#1466,#1467,#1468,#1469,#1470),(#1471,#1472,#1473,#1474,#1475,#1476,#1477,#1478,#1479,#1480),(#1481,#1482,#1483,#1484,#1485,#1486,#1487,#1488,#1489,#1490),(#1491,#1492,#1493,#1494,#1495,#1496,#1497,#1498,#1499,#1500),(#1501,#1502,#1503,#1504,#1505,#1506,#1507,#1508,#1509,#1510),(#1511,#1512,#1513,#1514,#1515,#1516,#1517,#1518,#1519,#1520),(#1521,#1522,#1523,#1524,#1525,#1526,#1527,#1528,#1529,#1530),(#1531,#1532,#1533,#1534,#1535,#1536,#1537,#1538,#1539,#1540),(#1541,#1542,#1543,#1544,#1545,#1546,#1547,#1548,#1549,#1550),(#1551,#1552,#1553,#1554,#1555,#1556,#1557,#1558,#1559,#1560),(#1561,#1562,#1563,#1564,#1565,#1566,#1567,#1568,#1569,#1570),(#1571,#1572,#1573,#1574,#1575,#1576,#1577,#1578,#1579,#1580),(#1581,#1582,#1583,#1584,#1585,#1586,#1587,#1588,#1589,#1590),(#1591,#1592,#1593,#1594,#1595,#1596,#1597,#1598,#1599,#1600),(#1601,#1602,#1603,#1604,#1605,#1606,#1607,#1608,#1609,#1610),(#1611,#1612,#1613,#1614,#1615,#1616,#1617,#1618,#1619,#1620),(#1621,#1622,#1623,#1624,#1625,#1626,#1627,#1628,#1629,#1630),(#1631,#1632,#1633,#1634,#1635,#1636,#1637,#1638,#1639,#1640),(#1641,#1642,#1643,#1644,#1645,#1646,#1647,#1648,#1649,#1650),
(#1651,#1652,#1653,#1654,#1655,#1656,#1657,#1658,#1659,#1660),(#1661,#1662,#1663,#1664,#1665,#1666,#1667,#1668,#1669,#1670),(#1671,#1672,#1673,#1674,#1675,#1676,#1677,#1678,#1679,#1680),(#1681,#1682,#1683,#1684,#1685,#1686,#1687,#1688,#1689,#1690),(#1691,#1692,#1693,#1694,#1695,#1696,#1697,#1698,#1699,#1700),(#1701,#1702,#1703,#1704,#1705,#1706,#1707,#1708,#1709,#1710),(#1711,#1712,#1713,#1714,#1715,#1716,#1717,#1718,#1719,#1720),(#1721,#1722,#1723,#1724,#1725,#1726,#1727,#1728,#1729,#1730),(#1731,#1732,#1733,#1734,#1735,#1736,#1737,#1738,#1739,#1740),(#1741,#1742,#1743,#1744,#1745,#1746,#1747,#1748,#1749,#1750),(#1751,#1752,#1753,#1754,#1755,#1756,#1757,#1758,#1759,#1760),(#1761,#1762,#1763,#1764,#1765,#1766,#1767,#1768,#1769,#1770),(#1771,#1772,#1773,#1774,#1775,#1776,#1777,#1778,#1779,#1780),(#1781,#1782,#1783,#1784,#1785,#1786,#1787,#1788,#1789,#1790),(#1791,#1792,#1793,#1794,#1795,#1796,#1797,#1798,#1799,#1800),(#1801,#1802,#1803,#1804,#1805,#1806,#1807,#1808,#1809,#1810),(#1811,#1812,#1813,#1814,#1815,#1816,#1817,#1818,#1819,#1820),(#1821,#1822,#1823,#1824,#1825,#1826,#1827,#1828,#1829,#1830),(#1831,#1832,#1833,#1834,#1835,#1836,#1837,#1838,#1839,#1840),(#1841,#1842,#1843,#1844,#1845,#1846,#1847,#1848,#1849,#1850),(#1851,#1852,#1853,#1854,#1855,#1856,#1857,#1858,#1859,#1860),(#1861,#1862,#1863,#1864,#1865,#1866,#1867,#1868,#1869,#1870),(#1871,#1872,#1873,#1874,#1875,#1876,#1877,#1878,#1879,#1880),(#1881,#1882,#1883,#1884,#1885,#1886,#1887,#1888,#1889,#1890),(#1891,#1892,#1893,#1894,#1895,#1896,#1897,#1898,#1899,#1900),
(#1901,#1902,#1903,#1904,#1905,#1906,#1907,#1908,#1909,#1910),(#1911,#1912,#1913,#1914,#1915,#1916,#1917,#1918,#1919,#1920),(#1921,#1922,#1923,#1924,#1925,#1926,#1927,#1928,#1929,#1930),(#1931,#1932,#1933,#1934,#1935,#1936,#1937,#1938,#1939,#1940),(#1941,#1942,#1943,#1944,#1945,#1946,#1947,#1948,#1949,#1950),(#1951,#1952,#1953,#1954,#1955,#1956,#1957,#1958,#1959,#1960),(#1961,#1962,#1963,#1964,#1965,#1966,#1967,#1968,#1969,#1970),(#1971,#1972,#1973,#1974,#1975,#1976,#1977,#1978,#1979,#1980),(#1981,#1982,#1983,#1984,#1985,#1986,#1987,#1988,#1989,#1990),(#1991,#1992,#1993,#1994,#1995,#1996,#1997,#1998,#1999,#2000),(#2001,#2002,#2003,#2004,#2005,#2006,#2007,#2008,#2009,#2010),(#2011,#2012,#2013,#2014,#2015,#2016,#2017,#2018,#2019,#2020),(#2021,#2022,#2023,#2024,#2025,#2026,#2027,#2028,#2029,#2030),(#2031,#2032,#2033,#2034,#2035,#2036,#2037,#2038,#2039,#2040),(#2041,#2042,#2043,#2044,#2045,#2046,#2047,#2048,#2049,#2050),(#2051,#2052,#2053,#2054,#2055,#2056,#2057,#2058,#2059,#2060),(#2061,#2062,#2063,#2064,#2065,#2066,#2067,#2068,#2069,#2070),(#2071,#2072,#2073,#2074,#2075,#2076,#2077,#2078,#2079,#2080),(#2081,#2082,#2083,#2084,#2085,#2086,#2087,#2088,#2089,#2090),(#2091,#2092,#2093,#2094,#2095,#2096,#2097,#2098,#2099,#2100),(#2101,#2102,#2103,#2104,#2105,#2106,#2107,#2108,#2109,#2110),(#2111,#2112,#2113,#2114,#2115,#2116,#2117,#2118,#2119,#2120),(#2121,#2122,#2123,#2124,#2125,#2126,#2127,#2128,#2129,#2130),(#2131,#2132,#2133,#2134,#2135,#2136,#2137,#2138,#2139,#2140),(#2141,#2142,#2143,#2144,#2145,#2146,#2147,#2148,#2149,#2150),
(#2151,#2152,#2153,#2154,#2155,#2156,#2157,#2158,#2159,#2160),(#2161,#2162,#2163,#2164,#2165,#2166,#2167,#2168,#2169,#2170),(#2171,#2172,#2173,#2174,#2175,#2176,#2177,#2178,#2179,#2180),(#2181,#2182,#2183,#2184,#2185,#2186,#2187,#2188,#2189,#2190),(#2191,#2192,#2193,#2194,#2195,#2196,#2197,#2198,#2199,#2200),(#2201,#2202,#2203,#2204,#2205,#2206,#2207,#2208,#2209,#2210),(#2211,#2212,#2213,#2214,#2215,#2216,#2217,#2218,#2219,#2220),(#2221,#2222,#2223,#2224,#2225,#2226,#2227,#2228,#2229,#2230),(#2231,#2232,#2233,#2234,#2235,#2236,#2237,#2238,#2239,#2240),(#2241,#2242,#2243,#2244,#2245,#2246,#2247,#2248,#2249,#2250),(#2251,#2252,#2253,#2254,#2255,#2256,#2257,#2258,#2259,#2260),(#2261,#2262,#2263,#2264,#2265,#2266,#2267,#2268,#2269,#2270),(#2271,#2272,#2273,#2274,#2275,#2276,#2277,#2278,#2279,#2280),(#2281,#2282,#2283,#2284,#2285,#2286,#2287,#2288,#2289,#2290),(#2291,#2292,#2293,#2294,#2295,#2296,#2297,#2298,#2299,#2300),(#2301,#2302,#2303,#2304,#2305,#2306,#2307,#2308,#2309,#2310),(#2311,#2312,#2313,#2314,#2315,#2316,#2317,#2318,#2319,#2320),(#2321,#2322,#2323,#2324,#2325,#2326,#2327,#2328,#2329,#2330),(#2331,#2332,#2333,#2334,#2335,#2336,#2337,#2338,#2339,#2340),(#2341,#2342,#2343,#2344,#2345,#2346,#2347,#2348,#2349,#2350),(#2351,#2352,#2353,#2354,#2355,#2356,#2357,#2358,#2359,#2360),(#2361,#2362,#2363,#2364,#2365,#2366,#2367,#2368,#2369,#2370),(#2371,#2372,#2373,#2374,#2375,#2376,#2377,#2378,#2379,#2380),(#2381,#2382,#2383,#2384,#2385,#2386,#2387,#2388,#2389,#2390),(#2391,#2392,#2393,#2394,#2395,#2396,#2397,#2398,#2399,#2400),
(#2401,#2402,#2403,#2404,#2405,#2406,#2407,#2408,#2409,#2410),(#2411,#2412,#2413,#2414,#2415,#2416,#2417,#2418,#2419,#2420),(#2421,#2422,#2423,#2424,#2425,#2426,#2427,#2428,#2429,#2430),(#2431,#2432,#2433,#2434,#2435,#2436,#2437,#2438,#2439,#2440),(#2441,#2442,#2443,#2444,#2445,#2446,#2447,#2448,#2449,#2450),(#2451,#2452,#2453,#2454,#2455,#2456,#2457,#2458,#2459,#2460),(#2461,#2462,#2463,#2464,#2465,#2466,#2467,#2468,#2469,#2470),(#2471,#2472,#2473,#2474,#2475,#2476,#2477,#2478,#2479,#2480),(#2481,#2482,#2483,#2484,#2485,#2486,#2487,#2488,#2489,#2490),(#2491,#2492,#2493,#2494,#2495,#2496,#2497,#2498,#2499,#2500),(#2501,#2502,#2503,#2504,#2505,#2506,#2507,#2508,#2509,#2510),(#2511,#2512,#2513,#2514,#2515,#2516,#2517,#2518,#2519,#2520),(#2521,#2522,#2523,#2524,#2525,#2526,#2527,#2528,#2529,#2530),(#2531,#2532,#2533,#2534,#2535,#2536,#2537,#2538,#2539,#2540),(#2541,#2542,#2543,#2544,#2545,#2546,#2547,#2548,#2549,#2550),(#2551,#2552,#2553,#2554,#2555,#2556,#2557,#2558,#2559,#2560),(#2561,#2562,#2563,#2564,#2565,#2566,#2567,#2568,#2569,#2570),(#2571,#2572,#2573,#2574,#2575,#2576,#2577,#2578,#2579,#2580),(#2581,#2582,#2583,#2584,#2585,#2586,#2587,#2588,#2589,#2590),(#2591,#2592,#2593,#2594,#2595,#2596,#2597,#2598,#2599,#2600),(#2601,#2602,#2603,#2604,#2605,#2606,#2607,#2608,#2609,#2610),(#2611,#2612,#2613,#2614,#2615,#2616,#2617,#2618,#2619,#2620),(#2621,#2622,#2623,#2624,#2625,#2626,#2627,#2628,#2629,#2630),(#2631,#2632,#2633,#2634,#2635,#2636,#2637,#2638,#2639,#2640),(#2641,#2642,#2643,#2644,#2645,#2646,#2647,#2648,#2649,#2650),
(#2651,#2652,#2653,#2654,#2655,#2656,#2657,#2658,#2659,#2660),(#2661,#2662,#2663,#2664,#2665,#2666,#2667,#2668,#2669,#2670),(#2671,#2672,#2673,#2674,#2675,#2676,#2677,#2678,#2679,#2680),(#2681,#2682,#2683,#2684,#2685,#2686,#2687,#2688,#2689,#2690),(#2691,#2692,#2693,#2694,#2695,#2696,#2697,#2698,#2699,#2700),(#2701,#2702,#2703,#2704,#2705,#2706,#2707,#2708,#2709,#2710),(#2711,#2712,#2713,#2714,#2715,#2716,#2717,#2718,#2719,#2720),(#2721,#2722,#2723,#2724,#2725,#2726,#2727,#2728,#2729,#2730),(#2731,#2732,#2733,#2734,#2735,#2736,#2737,#2738,#2739,#2740),(#2741,#2742,#2743,#2744,#2745,#2746,#2747,#2748,#2749,#2750),(#2751,#2752,#2753,#2754,#2755,#2756,#2757,#2758,#2759,#2760),(#2761,#2762,#2763,#2764,#2765,#2766,#2767,#2768,#2769,#2770),(#2771,#2772,#2773,#2774,#2775,#2776,#2777,#2778,#2779,#2780),(#2781,#2782,#2783,#2784,#2785,#2786,#2787,#2788,#2789,#2790),(#2791,#2792,#2793,#2794,#2795,#2796,#2797,#2798,#2799,#2800),(#2801,#2802,#2803,#2804,#2805,#2806,#2807,#2808,#2809,#2810),(#2811,#2812,#2813,#2814,#2815,#2816,#2817,#2818,#2819,#2820),(#2821,#2822,#2823,#2824,#2825,#2826,#2827,#2828,#2829,#2830),(#2831,#2832,#2833,#2834,#2835,#2836,#2837,#2838,#2839,#2840),(#2841,#2842,#2843,#2844,#2845,#2846,#2847,#2848,#2849,#2850),(#2851,#2852,#2853,#2854,#2855,#2856,#2857,#2858,#2859,#2860),(#2861,#2862,#2863,#2864,#2865,#2866,#2867,#2868,#2869,#2870),(#2871,#2872,#2873,#2874,#2875,#2876,#2877,#2878,#2879,#2880),(#2881,#2882,#2883,#2884,#2885,#2886,#2887,#2888,#2889,#2890),(#2891,#2892,#2893,#2894,#2895,#2896,#2897,#2898,#2899,#2900),
(#2901,#2902,#2903,#2904,#2905,#2906,#2907,#2908,#2909,#2910),(#2911,#2912,#2913,#2914,#2915,#2916,#2917,#2918,#2919,#2920),(#2921,#2922,#2923,#2924,#2925,#2926,#2927,#2928,#2929,#2930),(#2931,#2932,#2933,#2934,#2935,#2936,#2937,#2938,#2939,#2940),(#2941,#2942,#2943,#2944,#2945,#2946,#2947,#2948,#2949,#2950),(#2951,#2952,#2953,#2954,#2955,#2956,#2957,#2958,#2959,#2960),(#2961,#2962,#2963,#2964,#2965,#2966,#2967,#2968,#2969,#2970),(#2971,#2972,#2973,#2974,#2975,#2976,#2977,#2978,#2979,#2980),(#2981,#2982,#2983,#2984,#2985,#2986,#2987,#2988,#2989,#2990),(#2991,#2992,#2993,#2994,#2995,#2996,#2997,#2998,#2999,#3000),(#3001,#3002,#3003,#3004,#3005,#3006,#3007,#3008,#3009,#3010),(#3011,#3012,#3013,#3014,#3015,#3016,#3017,#3018,#3019,#3020),(#3021,#3022,#3023,#3024,#3025,#3026,#3027,#3028,#3029,#3030),(#3031,#3032,#3033,#3034,#3035,#3036,#3037,#3038,#3039,#3040),(#3041,#3042,#3043,#3044,#3045,#3046,#3047,#3048,#3049,#3050),(#3051,#3052,#3053,#3054,#3055,#3056,#3057,#3058,#3059,#3060),(#3061,#3062,#3063,#3064,#3065,#3066,#3067,#3068,#3069,#3070),(#3071,#3072,#3073,#3074,#3075,#3076,#3077,#3078,#3079,#3080),(#3081,#3082,#3083,#3084,#3085,#3086,#3087,#3088,#3089,#3090),(#3091,#3092,#3093,#3094,#3095,#3096,#3097,#3098,#3099,#3100),(#3101,#3102,#3103,#3104,#3105,#3106,#3107,#3108,#3109,#3110),(#3111,#3112,#3113,#3114,#3115,#3116,#3117,#3118,#3119,#3120),(#3121,#3122,#3123,#3124,#3125,#3126,#3127,#3128,#3129,#3130),(#3131,#3132,#3133,#3134,#3135,#3136,#3137,#3138,#3139,#3140),(#3141,#3142,#3143,#3144,#3145,#3146,#3147,#3148,#3149,#3150),
(#3151,#3152,#3153,#3154,#3155,#3156,#3157,#3158,#3159,#3160),(#3161,#3162,#3163,#3164,#3165,#3166,#3167,#3168,#3169,#3170)),.UNSPECIFIED.,.T.,.F.,.U.,(4,2,2,2,2,2,2,2,2,2,2,2,2,2,2,2,2,2,2,2,2,2,2,2,2,2,
2,2,2,2,2,2,2,2,2,2,2,2,2,2,2,2,2,2,2,2,2,2,2,2,2,
2,2,2,2,2,2,2,2,2,2,2,2,2,2,2,2,2,2,2,2,2,2,2,2,2,
2,2,2,2,2,2,2,2,2,2,2,2,4),(4,2,2,2,4),(0.,0.001313806,0.002627613,0.003941419,0.004598322,0.005255226,0.006569032,0.007882838,0.008539742,0.009196645,0.010510451,0.011824258,0.012481161,0.013138064,0.014451871,0.015765677,0.01642258,0.017079483,0.01839329,0.019707096,0.020363999,0.021020903,0.022334709,0.023648515,0.024305419,0.024962322,
0.025290773,0.025619225,0.026276128,0.02660458,0.026933031,0.027589935,0.028903741,0.029560644,0.030217547,0.031531354,0.03284516,0.033502063,0.034158967,0.035472773,0.03678658,0.038100386,0.039414192,0.042041805,0.042698708,0.043355612,0.044669418,0.045983224,0.046640128,0.047297031,0.048610837,
0.049924644,0.050581547,0.05123845,0.052552256,0.053866063,0.054522966,0.055179869,0.056493676,0.057807482,0.058464385,0.059121288,0.060435095,0.061748901,0.062405805,0.063062708,0.064376514,0.065690321,0.066347224,0.067004127,0.067332579,0.06766103,0.068317933,0.068646385,0.068974837,0.06963174,
0.070945546,0.071602449,0.072259353,0.073573159,0.074886965,0.075543869,0.076200772,0.077514578,0.078828385,0.079485288,0.080142191,0.081455997,0.08408361),(0.,0.25,0.5,0.75,1.),.UNSPECIFIED.);
#3172=CARTESIAN_POINT('',(5.631526967,6.334711881,10.531821812));
#3173=VERTEX_POINT('',#3172);
#3174=CARTESIAN_POINT('',(7.769053752,7.697908833,10.265671113));
#3175=CARTESIAN_POINT('',(7.61708824,7.63582756,10.427231345));
#3176=CARTESIAN_POINT('',(7.444348924,7.553141827,10.561256472));
#3177=CARTESIAN_POINT('',(7.077578387,7.356257304,10.758520503));
#3178=CARTESIAN_POINT('',(6.883633763,7.242105001,10.821712833));
#3179=CARTESIAN_POINT('',(6.497368072,6.995766,10.869808083));
#3180=CARTESIAN_POINT('',(6.305138205,6.863637465,10.854699647));
#3181=CARTESIAN_POINT('',(5.945025625,6.596955937,10.747942294));
#3182=CARTESIAN_POINT('',(5.777227936,6.462465909,10.656318583));
#3183=CARTESIAN_POINT('',(5.631526967,6.334711881,10.531821812));
#3184=B_SPLINE_CURVE_WITH_KNOTS('',3,(#3174,#3175,#3176,#3177,#3178,#3179,#3180,#3181,#3182,#3183),.UNSPECIFIED.,.F.,.F.,(4,2,2,2,4),(0.,0.25,0.5,0.75,1.),.UNSPECIFIED.);
#3185=EDGE_CURVE('',#1061,#3173,#3184,.T.);
#3186=ORIENTED_EDGE('',*,*,#3185,.T.);
#3187=CARTESIAN_POINT('',(5.631526967,6.334711881,10.531821812));
#3188=CARTESIAN_POINT('',(5.17982042,7.069088141,10.378737104));
#3189=CARTESIAN_POINT('',(4.677407283,7.738713537,10.188315933));
#3190=CARTESIAN_POINT('',(4.111900889,8.340093435,9.965962908));
#3191=CARTESIAN_POINT('',(3.829147693,8.640783384,9.854786395));
#3192=CARTESIAN_POINT('',(3.53053947,8.924294074,9.735535152));
#3193=CARTESIAN_POINT('',(3.214110042,9.189467766,9.608110012));
#3194=CARTESIAN_POINT('',(2.897680614,9.454641457,9.480684873));
#3195=CARTESIAN_POINT('',(2.568440048,9.697118091,9.34711992));
#3196=CARTESIAN_POINT('',(2.228121698,9.916101674,9.20820312));
#3197=CARTESIAN_POINT('',(1.547484999,10.35406884,8.930369519));
#3198=CARTESIAN_POINT('',(0.819943337,10.700635915,8.631187017));
#3199=CARTESIAN_POINT('',(0.045222898,10.956746567,8.2998224));
#3200=CARTESIAN_POINT('',(-0.148457212,11.02077423,8.216981245));
#3201=CARTESIAN_POINT('',(-0.345696419,11.079229654,8.131766559));
#3202=CARTESIAN_POINT('',(-0.544257056,11.131587833,8.04480564));
#3203=CARTESIAN_POINT('',(-0.742817693,11.183946012,7.95784472));
#3204=CARTESIAN_POINT('',(-0.942404469,11.230145437,7.869268692));
#3205=CARTESIAN_POINT('',(-1.142979505,11.270440865,7.778702353));
#3206=CARTESIAN_POINT('',(-1.544129577,11.351031722,7.597569673));
#3207=CARTESIAN_POINT('',(-1.949147245,11.40803483,7.408625717));
#3208=CARTESIAN_POINT('',(-2.357153815,11.443173499,7.208049963));
#3209=CARTESIAN_POINT('',(-2.765160385,11.478312167,7.007474209));
#3210=CARTESIAN_POINT('',(-3.176193079,11.491565426,6.795338307));
#3211=CARTESIAN_POINT('',(-3.589361007,11.484413601,6.565522338));
#3212=CARTESIAN_POINT('',(-3.79594497,11.480837689,6.450614354));
#3213=CARTESIAN_POINT('',(-4.00304951,11.472161044,6.331251873));
#3214=CARTESIAN_POINT('',(-4.210564697,11.458565394,6.206293351));
#3215=CARTESIAN_POINT('',(-4.418079885,11.444969744,6.081334828));
#3216=CARTESIAN_POINT('',(-4.625958056,11.426496558,5.95078072));
#3217=CARTESIAN_POINT('',(-4.831703484,11.403575703,5.814789401));
#3218=CARTESIAN_POINT('',(-5.243194341,11.357733993,5.542806762));
#3219=CARTESIAN_POINT('',(-5.648629978,11.294137367,5.248265638));
#3220=CARTESIAN_POINT('',(-6.044533522,11.217042483,4.917509105));
#3221=CARTESIAN_POINT('',(-6.242485294,11.178495041,4.752130839));
#3222=CARTESIAN_POINT('',(-6.438027862,11.13656667,4.577580009));
#3223=CARTESIAN_POINT('',(-6.630251925,11.091929917,4.391246529));
#3224=CARTESIAN_POINT('',(-6.822475989,11.047293164,4.204913049));
#3225=CARTESIAN_POINT('',(-7.011958823,10.999799203,4.00616484));
#3226=CARTESIAN_POINT('',(-7.195313325,10.950795457,3.793631423));
#3227=CARTESIAN_POINT('',(-7.378667827,10.901791711,3.581098007));
#3228=CARTESIAN_POINT('',(-7.553885243,10.851843674,3.357108854));
#3229=CARTESIAN_POINT('',(-7.718496264,10.802355667,3.120168281));
#3230=CARTESIAN_POINT('',(-7.800801775,10.777611664,3.001697995));
#3231=CARTESIAN_POINT('',(-7.880243842,10.753061249,2.880075308));
#3232=CARTESIAN_POINT('',(-7.955126323,10.729193822,2.758308926));
#3233=CARTESIAN_POINT('',(-8.030008804,10.705326395,2.636542544));
#3234=CARTESIAN_POINT('',(-8.100861182,10.681972185,2.513940144));
#3235=CARTESIAN_POINT('',(-8.168012732,10.658965661,2.390758456));
#3236=CARTESIAN_POINT('',(-8.302315831,10.612952614,2.14439508));
#3237=CARTESIAN_POINT('',(-8.421870635,10.568405035,1.895755177));
#3238=CARTESIAN_POINT('',(-8.529125447,10.523813313,1.646120086));
#3239=CARTESIAN_POINT('',(-8.63638026,10.479221591,1.396484996));
#3240=CARTESIAN_POINT('',(-8.73154971,10.434474743,1.145057185));
#3241=CARTESIAN_POINT('',(-8.815294289,10.389305956,0.897358367));
#3242=CARTESIAN_POINT('',(-8.982783449,10.298968382,0.401960731));
#3243=CARTESIAN_POINT('',(-9.107194303,10.20580425,-0.08267806));
#3244=CARTESIAN_POINT('',(-9.204156047,10.102544477,-0.557965104));
#3245=CARTESIAN_POINT('',(-9.30111779,9.999284703,-1.033252147));
#3246=CARTESIAN_POINT('',(-9.370240403,9.88604486,-1.499216347));
#3247=CARTESIAN_POINT('',(-9.419951636,9.757710757,-1.956637103));
#3248=CARTESIAN_POINT('',(-9.444807252,9.693543706,-2.185347482));
#3249=CARTESIAN_POINT('',(-9.464751004,9.625427928,-2.412403167));
#3250=CARTESIAN_POINT('',(-9.480381126,9.553703593,-2.635439599));
#3251=CARTESIAN_POINT('',(-9.496011249,9.481979258,-2.858476031));
#3252=CARTESIAN_POINT('',(-9.507371246,9.406540937,-3.07782873));
#3253=CARTESIAN_POINT('',(-9.51516706,9.327099739,-3.293528664));
#3254=CARTESIAN_POINT('',(-9.530758687,9.168217344,-3.724928532));
#3255=CARTESIAN_POINT('',(-9.532221875,8.993247736,-4.14197984));
#3256=CARTESIAN_POINT('',(-9.523533946,8.799985836,-4.545145168));
#3257=CARTESIAN_POINT('',(-9.514846016,8.606723936,-4.948310496));
#3258=CARTESIAN_POINT('',(-9.49596646,8.395216434,-5.337519917));
#3259=CARTESIAN_POINT('',(-9.469359916,8.163314126,-5.712754943));
#3260=CARTESIAN_POINT('',(-9.456056644,8.047362973,-5.900372457));
#3261=CARTESIAN_POINT('',(-9.44074938,7.925938049,-6.084995933));
#3262=CARTESIAN_POINT('',(-9.423862358,7.800389442,-6.264280128));
#3263=CARTESIAN_POINT('',(-9.406975336,7.674840834,-6.443564322));
#3264=CARTESIAN_POINT('',(-9.388545901,7.545188993,-6.61778177));
#3265=CARTESIAN_POINT('',(-9.368722165,7.411257158,-6.786880734));
#3266=CARTESIAN_POINT('',(-9.289427223,6.875529819,-7.46327659));
#3267=CARTESIAN_POINT('',(-9.189513833,6.272765926,-8.059503665));
#3268=CARTESIAN_POINT('',(-9.07239894,5.600115928,-8.579176987));
#3269=CARTESIAN_POINT('',(-9.013841494,5.263790929,-8.839013648));
#3270=CARTESIAN_POINT('',(-8.950446727,4.908539801,-9.079988277));
#3271=CARTESIAN_POINT('',(-8.883586852,4.545089542,-9.29657513));
#3272=CARTESIAN_POINT('',(-8.816726978,4.181639282,-9.513161984));
#3273=CARTESIAN_POINT('',(-8.746021368,3.807918991,-9.707110011));
#3274=CARTESIAN_POINT('',(-8.670625597,3.42454838,-9.880399446));
#3275=CARTESIAN_POINT('',(-8.595229826,3.041177769,-10.053688882));
#3276=CARTESIAN_POINT('',(-8.515134266,2.648158772,-10.206321428));
#3277=CARTESIAN_POINT('',(-8.429181966,2.245849637,-10.339658523));
#3278=CARTESIAN_POINT('',(-8.386205816,2.04469507,-10.40632707));
#3279=CARTESIAN_POINT('',(-8.341768427,1.841222297,-10.468177104));
#3280=CARTESIAN_POINT('',(-8.295691462,1.635430783,-10.525284159));
#3281=CARTESIAN_POINT('',(-8.249614497,1.429639269,-10.582391215));
#3282=CARTESIAN_POINT('',(-8.201873829,1.221420153,-10.634781051));
#3283=CARTESIAN_POINT('',(-8.152939681,1.013444984,-10.681973117));
#3284=CARTESIAN_POINT('',(-7.957203088,0.181544307,-10.87074138));
#3285=CARTESIAN_POINT('',(-7.740027997,-0.656298753,-10.981087564));
#3286=CARTESIAN_POINT('',(-7.496886962,-1.498269078,-11.022062977));
#3287=CARTESIAN_POINT('',(-7.375316445,-1.91925424,-11.042550684));
#3288=CARTESIAN_POINT('',(-7.247008082,-2.342210165,-11.045374114));
#3289=CARTESIAN_POINT('',(-7.112573334,-2.764365891,-11.030005951));
#3290=CARTESIAN_POINT('',(-6.978138585,-3.186521618,-11.014637789));
#3291=CARTESIAN_POINT('',(-6.839256686,-3.602701798,-10.981340615));
#3292=CARTESIAN_POINT('',(-6.696456554,-4.013183937,-10.930072938));
#3293=CARTESIAN_POINT('',(-6.553656422,-4.423666076,-10.878805261));
#3294=CARTESIAN_POINT('',(-6.406939904,-4.82844955,-10.809559894));
#3295=CARTESIAN_POINT('',(-6.257073057,-5.227719193,-10.721173736));
#3296=CARTESIAN_POINT('',(-6.107206209,-5.626988835,-10.632787578));
#3297=CARTESIAN_POINT('',(-5.953973122,-6.02129453,-10.525082265));
#3298=CARTESIAN_POINT('',(-5.799011341,-6.409034045,-10.396347296));
#3299=CARTESIAN_POINT('',(-5.489087778,-7.184513075,-10.138877357));
#3300=CARTESIAN_POINT('',(-5.181412344,-7.911889429,-9.80538944));
#3301=CARTESIAN_POINT('',(-4.884931352,-8.59404969,-9.385447867));
#3302=CARTESIAN_POINT('',(-4.736690855,-8.935129821,-9.17547708));
#3303=CARTESIAN_POINT('',(-4.591229362,-9.264807141,-8.943754696));
#3304=CARTESIAN_POINT('',(-4.449333941,-9.582752954,-8.688135792));
#3305=CARTESIAN_POINT('',(-4.30743852,-9.900698766,-8.432516888));
#3306=CARTESIAN_POINT('',(-4.171866452,-10.200776442,-8.15789008));
#3307=CARTESIAN_POINT('',(-4.042554257,-10.483331626,-7.864633914));
#3308=CARTESIAN_POINT('',(-3.783929867,-11.048441994,-7.278121582));
#3309=CARTESIAN_POINT('',(-3.550898237,-11.54476756,-6.617040605));
#3310=CARTESIAN_POINT('',(-3.333428498,-11.970074928,-5.877536073));
#3311=CARTESIAN_POINT('',(-3.279061064,-12.07640177,-5.69265994));
#3312=CARTESIAN_POINT('',(-3.225442543,-12.178503077,-5.502210941));
#3313=CARTESIAN_POINT('',(-3.172910078,-12.275089354,-5.308586646));
#3314=CARTESIAN_POINT('',(-3.120377612,-12.371675631,-5.114962351));
#3315=CARTESIAN_POINT('',(-3.068922982,-12.462776695,-4.918171325));
#3316=CARTESIAN_POINT('',(-3.018105138,-12.548498049,-4.718182662));
#3317=CARTESIAN_POINT('',(-2.91646945,-12.719940756,-4.318205337));
#3318=CARTESIAN_POINT('',(-2.817487297,-12.869896735,-3.905579405));
#3319=CARTESIAN_POINT('',(-2.716884882,-12.998485213,-3.480253265));
#3320=CARTESIAN_POINT('',(-2.616282468,-13.127073691,-3.054927124));
#3321=CARTESIAN_POINT('',(-2.514140315,-13.234310747,-2.616882905));
#3322=CARTESIAN_POINT('',(-2.404194362,-13.319468248,-2.165218611));
#3323=CARTESIAN_POINT('',(-2.349221385,-13.362046999,-1.939386464));
#3324=CARTESIAN_POINT('',(-2.292262133,-13.399091905,-1.710144676));
#3325=CARTESIAN_POINT('',(-2.232196646,-13.43040591,-1.477258784));
#3326=CARTESIAN_POINT('',(-2.172131159,-13.461719916,-1.244372891));
#3327=CARTESIAN_POINT('',(-2.109007734,-13.487299384,-1.008190562));
#3328=CARTESIAN_POINT('',(-2.042163925,-13.506664069,-0.770783737));
#3329=CARTESIAN_POINT('',(-1.908476308,-13.545393438,-0.295970087));
#3330=CARTESIAN_POINT('',(-1.759756558,-13.559997966,0.186062802));
#3331=CARTESIAN_POINT('',(-1.581323948,-13.549175388,0.675697176));
#3332=CARTESIAN_POINT('',(-1.492107643,-13.543764099,0.920514363));
#3333=CARTESIAN_POINT('',(-1.395352465,-13.531945377,1.167253022));
#3334=CARTESIAN_POINT('',(-1.288246531,-13.513250763,1.415806584));
#3335=CARTESIAN_POINT('',(-1.181140597,-13.49455615,1.664360146));
#3336=CARTESIAN_POINT('',(-1.063179927,-13.468869645,1.915727218));
#3337=CARTESIAN_POINT('',(-0.932279451,-13.435832944,2.166168312));
#3338=CARTESIAN_POINT('',(-0.801378974,-13.402796244,2.416609406));
#3339=CARTESIAN_POINT('',(-0.658685207,-13.362735184,2.663959715));
#3340=CARTESIAN_POINT('',(-0.501758337,-13.3155567,2.9061273));
#3341=CARTESIAN_POINT('',(-0.423294901,-13.291967458,3.027211092));
#3342=CARTESIAN_POINT('',(-0.341316997,-13.26662452,3.146694306));
#3343=CARTESIAN_POINT('',(-0.257915892,-13.240135619,3.261974516));
#3344=CARTESIAN_POINT('',(-0.174514787,-13.213646718,3.377254726));
#3345=CARTESIAN_POINT('',(-0.089254624,-13.185871264,3.489080362));
#3346=CARTESIAN_POINT('',(-0.002500759,-13.156855781,3.59770196));
#3347=CARTESIAN_POINT('',(0.171006971,-13.098824816,3.814945156));
#3348=CARTESIAN_POINT('',(0.350463559,-13.035919328,4.019384986));
#3349=CARTESIAN_POINT('',(0.533615982,-12.968092401,4.213180049));
#3350=CARTESIAN_POINT('',(0.716768405,-12.900265474,4.406975111));
#3351=CARTESIAN_POINT('',(0.904103377,-12.827340195,4.590476504));
#3352=CARTESIAN_POINT('',(1.090453605,-12.750796448,4.762537791));
#3353=CARTESIAN_POINT('',(1.463154062,-12.597708954,5.106660366));
#3354=CARTESIAN_POINT('',(1.835012335,-12.428900849,5.40941898));
#3355=CARTESIAN_POINT('',(2.201028247,-12.243407728,5.687205494));
#3356=CARTESIAN_POINT('',(2.56704416,-12.057914608,5.964992009));
#3357=CARTESIAN_POINT('',(2.927354369,-11.855675124,6.217428815));
#3358=CARTESIAN_POINT('',(3.278829318,-11.635104726,6.453715178));
#3359=CARTESIAN_POINT('',(3.454566792,-11.524819527,6.571858359));
#3360=CARTESIAN_POINT('',(3.628358557,-11.409724185,6.686044129));
#3361=CARTESIAN_POINT('',(3.798034184,-11.291019576,6.795893448));
#3362=CARTESIAN_POINT('',(3.967709812,-11.172314967,6.905742767));
#3363=CARTESIAN_POINT('',(4.133689065,-11.049728299,7.011544552));
#3364=CARTESIAN_POINT('',(4.29572708,-10.923258659,7.11401545));
#3365=CARTESIAN_POINT('',(4.619803111,-10.670319378,7.318957247));
#3366=CARTESIAN_POINT('',(4.928288432,-10.401757837,7.510798761));
#3367=CARTESIAN_POINT('',(5.219860138,-10.116955609,7.693856384));
#3368=CARTESIAN_POINT('',(5.511431844,-9.832153381,7.876914006));
#3369=CARTESIAN_POINT('',(5.78604698,-9.531159166,8.051111417));
#3370=CARTESIAN_POINT('',(6.042298315,-9.212971092,8.219234909));
#3371=CARTESIAN_POINT('',(6.170423983,-9.053877055,8.303296655));
#3372=CARTESIAN_POINT('',(6.294220193,-8.890074928,8.386006762));
#3373=CARTESIAN_POINT('',(6.411915359,-8.723679741,8.466519923));
#3374=CARTESIAN_POINT('',(6.529610525,-8.557284555,8.547033084));
#3375=CARTESIAN_POINT('',(6.641489827,-8.387986147,8.625528653));
#3376=CARTESIAN_POINT('',(6.747630184,-8.215828767,8.702257722));
#3377=CARTESIAN_POINT('',(7.172191611,-7.527199247,9.009173997));
#3378=CARTESIAN_POINT('',(7.504888003,-6.793253195,9.288854623));
#3379=CARTESIAN_POINT('',(7.746581972,-6.011467635,9.546238634));
#3380=CARTESIAN_POINT('',(7.807005464,-5.816021245,9.610584637));
#3381=CARTESIAN_POINT('',(7.861844106,-5.616881126,9.673648483));
#3382=CARTESIAN_POINT('',(7.910623934,-5.41628976,9.73472251));
#3383=CARTESIAN_POINT('',(7.959403762,-5.215698393,9.795796536));
#3384=CARTESIAN_POINT('',(8.002034798,-5.014019419,9.854758958));
#3385=CARTESIAN_POINT('',(8.038855812,-4.811239659,9.9116387));
#3386=CARTESIAN_POINT('',(8.112497838,-4.405680138,10.025398182));
#3387=CARTESIAN_POINT('',(8.162901108,-3.995719145,10.130839329));
#3388=CARTESIAN_POINT('',(8.192229923,-3.581044569,10.227701537));
#3389=CARTESIAN_POINT('',(8.221558738,-3.166369994,10.324563744));
#3390=CARTESIAN_POINT('',(8.229817753,-2.746979544,10.412838584));
#3391=CARTESIAN_POINT('',(8.218598572,-2.322378999,10.49184568));
#3392=CARTESIAN_POINT('',(8.212988981,-2.110078726,10.531349228));
#3393=CARTESIAN_POINT('',(8.202513163,-1.896478409,10.568537571));
#3394=CARTESIAN_POINT('',(8.187281608,-1.681490933,10.603278446));
#3395=CARTESIAN_POINT('',(8.172050053,-1.466503458,10.638019321));
#3396=CARTESIAN_POINT('',(8.152030417,-1.250162457,10.670284842));
#3397=CARTESIAN_POINT('',(8.127739263,-1.035005138,10.699664165));
#3398=CARTESIAN_POINT('',(8.030574646,-0.174375863,10.817181457));
#3399=CARTESIAN_POINT('',(7.865673613,0.678240109,10.89042599));
#3400=CARTESIAN_POINT('',(7.642796111,1.525408692,10.917830357));
#3401=CARTESIAN_POINT('',(7.531357359,1.948992984,10.931532541));
#3402=CARTESIAN_POINT('',(7.404824678,2.372125622,10.933706289));
#3403=CARTESIAN_POINT('',(7.263708347,2.791744952,10.923957937));
#3404=CARTESIAN_POINT('',(7.122592016,3.211364283,10.914209586));
#3405=CARTESIAN_POINT('',(6.968649596,3.622447652,10.892713817));
#3406=CARTESIAN_POINT('',(6.801637605,4.025039207,10.860010297));
#3407=CARTESIAN_POINT('',(6.467613624,4.830222318,10.794603257));
#3408=CARTESIAN_POINT('',(6.082275692,5.601892831,10.684581911));
#3409=CARTESIAN_POINT('',(5.631526967,6.334711881,10.531821812));
#3410=B_SPLINE_CURVE_WITH_KNOTS('',3,(#3187,#3188,#3189,#3190,#3191,#3192,#3193,#3194,#3195,#3196,#3197,#3198,#3199,#3200,#3201,#3202,#3203,#3204,#3205,#3206,#3207,#3208,#3209,#3210,#3211,#3212,
#3213,#3214,#3215,#3216,#3217,#3218,#3219,#3220,#3221,#3222,#3223,#3224,#3225,#3226,#3227,#3228,#3229,#3230,#3231,#3232,#3233,#3234,#3235,#3236,#3237,
#3238,#3239,#3240,#3241,#3242,#3243,#3244,#3245,#3246,#3247,#3248,#3249,#3250,#3251,#3252,#3253,#3254,#3255,#3256,#3257,#3258,#3259,#3260,#3261,#3262,
#3263,#3264,#3265,#3266,#3267,#3268,#3269,#3270,#3271,#3272,#3273,#3274,#3275,#3276,#3277,#3278,#3279,#3280,#3281,#3282,#3283,#3284,#3285,#3286,#3287,
#3288,#3289,#3290,#3291,#3292,#3293,#3294,#3295,#3296,#3297,#3298,#3299,#3300,#3301,#3302,#3303,#3304,#3305,#3306,#3307,#3308,#3309,#3310,#3311,#3312,
#3313,#3314,#3315,#3316,#3317,#3318,#3319,#3320,#3321,#3322,#3323,#3324,#3325,#3326,#3327,#3328,#3329,#3330,#3331,#3332,#3333,#3334,#3335,#3336,#3337,
#3338,#3339,#3340,#3341,#3342,#3343,#3344,#3345,#3346,#3347,#3348,#3349,#3350,#3351,#3352,#3353,#3354,#3355,#3356,#3357,#3358,#3359,#3360,#3361,#3362,
#3363,#3364,#3365,#3366,#3367,#3368,#3369,#3370,#3371,#3372,#3373,#3374,#3375,#3376,#3377,#3378,#3379,#3380,#3381,#3382,#3383,#3384,#3385,#3386,#3387,
#3388,#3389,#3390,#3391,#3392,#3393,#3394,#3395,#3396,#3397,#3398,#3399,#3400,#3401,#3402,#3403,#3404,#3405,#3406,#3407,#3408,#3409),.UNSPECIFIED.,.T.,.F.,(4,3,3,3,3,3,3,3,3,3,3,3,3,3,3,3,3,3,3,3,3,3,3,3,3,3,
3,3,3,3,3,3,3,3,3,3,3,3,3,3,3,3,3,3,3,3,3,3,3,3,3,
3,3,3,3,3,3,3,3,3,3,3,3,3,3,3,3,3,3,3,3,3,3,3,4),(0.,0.002627613,0.003941419,0.005255226,0.007882838,0.008539742,0.009196645,0.010510451,0.011824258,0.012481161,0.013138064,0.014451871,0.015108774,0.015765677,0.01642258,0.016751032,0.017079483,0.017736387,0.01839329,0.019707096,0.021020903,0.021677806,0.022334709,0.023648515,0.024962322,0.025619225,
0.026276128,0.028903741,0.030217547,0.031531354,0.03284516,0.033502063,0.034158967,0.03678658,0.038100386,0.039414192,0.040727999,0.042041805,0.044669418,0.045983224,0.047297031,0.049924644,0.050581547,0.05123845,0.052552256,0.053866063,0.054522966,0.055179869,0.056493676,0.057150579,0.057807482,
0.058464385,0.058792837,0.059121288,0.059778192,0.060435095,0.061748901,0.063062708,0.063719611,0.064376514,0.065690321,0.067004127,0.06766103,0.068317933,0.070945546,0.071602449,0.072259353,0.073573159,0.074886965,0.075543869,0.076200772,0.078828385,0.080142191,0.081455997,0.08408361),.UNSPECIFIED.);
#3411=EDGE_CURVE('',#3173,#3173,#3410,.T.);
#3412=ORIENTED_EDGE('',*,*,#3411,.F.);
#3413=ORIENTED_EDGE('',*,*,#3185,.F.);
#3414=ORIENTED_EDGE('',*,*,#1223,.F.);
#3415=CARTESIAN_POINT('',(-8.726610417,9.744566733,-7.340218547));
#3416=VERTEX_POINT('',#3415);
#3417=CARTESIAN_POINT('',(-8.69654277,9.788412203,-7.31827373));
#3418=CARTESIAN_POINT('',(-8.706550765,9.77386897,-7.325832926));
#3419=CARTESIAN_POINT('',(-8.716573142,9.759254661,-7.333150745));
#3420=CARTESIAN_POINT('',(-8.726610417,9.744566733,-7.340218547));
#3421=B_SPLINE_CURVE_WITH_KNOTS('',3,(#3417,#3418,#3419,#3420),.UNSPECIFIED.,.F.,.F.,(4,4),(0.,0.000057096),.UNSPECIFIED.);
#3422=EDGE_CURVE('',#1052,#3416,#3421,.T.);
#3423=ORIENTED_EDGE('',*,*,#3422,.T.);
#3424=CARTESIAN_POINT('',(-8.726610417,9.744566733,-7.340218547));
#3425=CARTESIAN_POINT('',(-8.715154625,9.747845092,-7.349981757));
#3426=CARTESIAN_POINT('',(-8.703641176,9.750901284,-7.359809411));
#3427=CARTESIAN_POINT('',(-8.692070923,9.753738608,-7.369700552));
#3428=B_SPLINE_CURVE_WITH_KNOTS('',3,(#3424,#3425,#3426,#3427),.UNSPECIFIED.,.F.,.F.,(4,4),(0.000463656,0.000509327),.UNSPECIFIED.);
#3429=EDGE_CURVE('',#3416,#965,#3428,.T.);
#3430=ORIENTED_EDGE('',*,*,#3429,.T.);
#3431=ORIENTED_EDGE('',*,*,#1022,.F.);
#3432=CARTESIAN_POINT('',(-1.785595352,-12.958470567,-7.340218547));
#3433=VERTEX_POINT('',#3432);
#3434=CARTESIAN_POINT('',(-1.751831967,-12.946760156,-7.369700552));
#3435=CARTESIAN_POINT('',(-1.763010759,-12.950877892,-7.359809416));
#3436=CARTESIAN_POINT('',(-1.774264832,-12.954782463,-7.349981753));
#3437=CARTESIAN_POINT('',(-1.785595352,-12.958470567,-7.340218547));
#3438=B_SPLINE_CURVE_WITH_KNOTS('',3,(#3434,#3435,#3436,#3437),.UNSPECIFIED.,.F.,.F.,(4,4),(0.,0.000045671),.UNSPECIFIED.);
#3439=EDGE_CURVE('',#956,#3433,#3438,.T.);
#3440=ORIENTED_EDGE('',*,*,#3439,.T.);
#3441=CARTESIAN_POINT('',(-1.785595352,-12.958470567,-7.340218547));
#3442=CARTESIAN_POINT('',(-1.769060685,-12.965034642,-7.333150765));
#3443=CARTESIAN_POINT('',(-1.752579546,-12.971546005,-7.32583292));
#3444=CARTESIAN_POINT('',(-1.736150068,-12.978006494,-7.31827373));
#3445=B_SPLINE_CURVE_WITH_KNOTS('',3,(#3441,#3442,#3443,#3444),.UNSPECIFIED.,.F.,.F.,(4,4),(0.000454555,0.000511651),.UNSPECIFIED.);
#3446=EDGE_CURVE('',#3433,#764,#3445,.T.);
#3447=ORIENTED_EDGE('',*,*,#3446,.T.);
#3448=ORIENTED_EDGE('',*,*,#926,.F.);
#3449=ORIENTED_EDGE('',*,*,#1386,.F.);
#3450=EDGE_LOOP('',(#3186,#3412,#3413,#3414,#3423,#3430,#3431,#3440,#3447,#3448,#3449));
#3451=FACE_BOUND('',#3450,.T.);
#3452=ADVANCED_FACE('',(#3451),#3171,.T.);
#3453=CARTESIAN_POINT('',(3.754872974,14.310535979,10.933711665));
#3454=CARTESIAN_POINT('',(11.115280133,-9.76427105,10.933711665));
#3455=CARTESIAN_POINT('',(0.600442656,13.346129849,8.303685068));
#3456=CARTESIAN_POINT('',(7.960849815,-10.728677181,8.303685068));
#3457=CARTESIAN_POINT('',(-11.046797611,9.785211145,5.393880237));
#3458=CARTESIAN_POINT('',(-3.686390452,-14.289595884,5.393880237));
#3459=CARTESIAN_POINT('',(-9.678110311,10.203660846,-7.046203034));
#3460=CARTESIAN_POINT('',(-2.317703152,-13.871146184,-7.046203034));
#3461=CARTESIAN_POINT('',(-10.962612309,9.810949174,-11.045363232));
#3462=CARTESIAN_POINT('',(-3.60220515,-14.263857855,-11.045363232));
#3463=B_SPLINE_SURFACE_WITH_KNOTS('',3,1,((#3453,#3454),(#3455,#3456),(#3457,#3458),(#3459,#3460),(#3461,#3462)),.UNSPECIFIED.,.F.,.F.,.U.,(4,1,4),(2,2),(0.19022141,0.5,0.809775818),(0.416611773,0.583388208),.UNSPECIFIED.);
#3464=CARTESIAN_POINT('',(7.81335886,-0.,10.701117854));
#3465=VERTEX_POINT('',#3464);
#3466=CARTESIAN_POINT('',(7.81335886,-0.,10.701117854));
#3467=CARTESIAN_POINT('',(7.681157585,0.878072678,10.797643845));
#3468=CARTESIAN_POINT('',(7.47339009,1.734444939,10.838789078));
#3469=CARTESIAN_POINT('',(7.19710691,2.57119353,10.8237293));
#3470=CARTESIAN_POINT('',(7.05896532,2.989567825,10.816199411));
#3471=CARTESIAN_POINT('',(6.903368699,3.402940358,10.794631944));
#3472=CARTESIAN_POINT('',(6.729225187,3.810990744,10.7590138));
#3473=CARTESIAN_POINT('',(6.642153431,4.015015936,10.741204728));
#3474=CARTESIAN_POINT('',(6.550292251,4.217897377,10.719834715));
#3475=CARTESIAN_POINT('',(6.454750005,4.416927335,10.695300617));
#3476=CARTESIAN_POINT('',(6.359207758,4.615957293,10.67076652));
#3477=CARTESIAN_POINT('',(6.259734991,4.81175302,10.643025018));
#3478=CARTESIAN_POINT('',(6.156257147,5.004305113,10.612253685));
#3479=CARTESIAN_POINT('',(5.742345772,5.774513483,10.489168352));
#3480=CARTESIAN_POINT('',(5.265177401,6.493460199,10.31808686));
#3481=CARTESIAN_POINT('',(4.71272389,7.155178151,10.107233012));
#3482=CARTESIAN_POINT('',(4.574610512,7.320607639,10.054519551));
#3483=CARTESIAN_POINT('',(4.431305293,7.482880284,9.999115119));
#3484=CARTESIAN_POINT('',(4.284003526,7.640259237,9.941642349));
#3485=CARTESIAN_POINT('',(4.136701758,7.797638189,9.884169579));
#3486=CARTESIAN_POINT('',(3.985993136,7.949550344,9.824863762));
#3487=CARTESIAN_POINT('',(3.831870703,8.096060905,9.763865256));
#3488=CARTESIAN_POINT('',(3.523625837,8.389082028,9.641868244));
#3489=CARTESIAN_POINT('',(3.201724486,8.660524704,9.513156266));
#3490=CARTESIAN_POINT('',(2.866096513,8.910536965,9.378183288));
#3491=CARTESIAN_POINT('',(2.53046854,9.160549226,9.24321031));
#3492=CARTESIAN_POINT('',(2.181108549,9.38912617,9.101980517));
#3493=CARTESIAN_POINT('',(1.817988543,9.595981915,8.954024165));
#3494=CARTESIAN_POINT('',(1.454868537,9.802837659,8.806067814));
#3495=CARTESIAN_POINT('',(1.076304025,9.988326127,8.650666532));
#3496=CARTESIAN_POINT('',(0.694374589,10.147746119,8.491383435));
#3497=CARTESIAN_POINT('',(-0.069484284,10.466586102,8.172817241));
#3498=CARTESIAN_POINT('',(-0.855507081,10.687174179,7.836218658));
#3499=CARTESIAN_POINT('',(-1.652422227,10.821916162,7.464457875));
#3500=CARTESIAN_POINT('',(-1.851651013,10.855601658,7.371517679));
#3501=CARTESIAN_POINT('',(-2.051992828,10.883935565,7.276077424));
#3502=CARTESIAN_POINT('',(-2.250896203,10.906871987,7.178865492));
#3503=CARTESIAN_POINT('',(-2.449799578,10.929808409,7.081653559));
#3504=CARTESIAN_POINT('',(-2.647568733,10.947422929,6.982537698));
#3505=CARTESIAN_POINT('',(-2.843981157,10.960121296,6.881134525));
#3506=CARTESIAN_POINT('',(-3.236806006,10.985518029,6.67832818));
#3507=CARTESIAN_POINT('',(-3.624240392,10.991247299,6.466434978));
#3508=CARTESIAN_POINT('',(-4.004128552,10.980439929,6.241746029));
#3509=CARTESIAN_POINT('',(-4.384016712,10.96963256,6.01705708));
#3510=CARTESIAN_POINT('',(-4.756379995,10.942266347,5.779609055));
#3511=CARTESIAN_POINT('',(-5.118344097,10.901622036,5.524462931));
#3512=CARTESIAN_POINT('',(-5.299326148,10.881299881,5.39688987));
#3513=CARTESIAN_POINT('',(-5.478193851,10.857576966,5.264460243));
#3514=CARTESIAN_POINT('',(-5.652383358,10.831243005,5.128083204));
#3515=CARTESIAN_POINT('',(-5.826572864,10.804909043,4.991706165));
#3516=CARTESIAN_POINT('',(-5.996185867,10.775976058,4.851354211));
#3517=CARTESIAN_POINT('',(-6.160796632,10.745053207,4.706476012));
#3518=CARTESIAN_POINT('',(-6.490018162,10.683207505,4.416719614));
#3519=CARTESIAN_POINT('',(-6.799313063,10.613420048,4.108935935));
#3520=CARTESIAN_POINT('',(-7.084456562,10.540406212,3.777937545));
#3521=CARTESIAN_POINT('',(-7.227028312,10.503899295,3.61243835));
#3522=CARTESIAN_POINT('',(-7.363543598,10.466582208,3.441117819));
#3523=CARTESIAN_POINT('',(-7.493329706,10.429001785,3.263193478));
#3524=CARTESIAN_POINT('',(-7.623115814,10.391421362,3.085269137));
#3525=CARTESIAN_POINT('',(-7.745697272,10.353787292,2.900884478));
#3526=CARTESIAN_POINT('',(-7.859099092,10.316706173,2.713417625));
#3527=CARTESIAN_POINT('',(-8.312706374,10.168381697,1.963550215));
#3528=CARTESIAN_POINT('',(-8.634112312,10.024224309,1.151984789));
#3529=CARTESIAN_POINT('',(-8.863474557,9.844110937,0.307893871));
#3530=CARTESIAN_POINT('',(-9.092836801,9.663997566,-0.536197047));
#3531=CARTESIAN_POINT('',(-9.222941963,9.453249215,-1.383181261));
#3532=CARTESIAN_POINT('',(-9.29297608,9.18045946,-2.218616615));
#3533=CARTESIAN_POINT('',(-9.327993139,9.044064582,-2.636334292));
#3534=CARTESIAN_POINT('',(-9.34756986,8.892304577,-3.051261348));
#3535=CARTESIAN_POINT('',(-9.354738698,8.721605414,-3.461930516));
#3536=CARTESIAN_POINT('',(-9.358323117,8.636255832,-3.6672651));
#3537=CARTESIAN_POINT('',(-9.358772372,8.545984593,-3.871868888));
#3538=CARTESIAN_POINT('',(-9.356461253,8.45165224,-4.072923672));
#3539=CARTESIAN_POINT('',(-9.354150134,8.357319886,-4.273978457));
#3540=CARTESIAN_POINT('',(-9.349099491,8.258722725,-4.472025845));
#3541=CARTESIAN_POINT('',(-9.341685902,8.155663209,-4.66696498));
#3542=CARTESIAN_POINT('',(-9.312031547,7.743425147,-5.44672152));
#3543=CARTESIAN_POINT('',(-9.245747075,7.259975744,-6.176958139));
#3544=CARTESIAN_POINT('',(-9.156882356,6.692379178,-6.850260321));
#3545=CARTESIAN_POINT('',(-9.112449996,6.408580895,-7.186911412));
#3546=CARTESIAN_POINT('',(-9.061737813,6.101392734,-7.511123235));
#3547=CARTESIAN_POINT('',(-9.007111037,5.780180807,-7.811783446));
#3548=CARTESIAN_POINT('',(-8.952484261,5.45896888,-8.112443656));
#3549=CARTESIAN_POINT('',(-8.893805228,5.122718167,-8.391299409));
#3550=CARTESIAN_POINT('',(-8.831135892,4.77181032,-8.648893867));
#3551=CARTESIAN_POINT('',(-8.768466556,4.420902474,-8.906488324));
#3552=CARTESIAN_POINT('',(-8.7017997,4.055339816,-9.142822902));
#3553=CARTESIAN_POINT('',(-8.630328871,3.67533037,-9.357984304));
#3554=CARTESIAN_POINT('',(-8.558858043,3.295320924,-9.573145706));
#3555=CARTESIAN_POINT('',(-8.48203682,2.898304631,-9.768039178));
#3556=CARTESIAN_POINT('',(-8.400733357,2.496084616,-9.93779355));
#3557=CARTESIAN_POINT('',(-8.238126432,1.691644585,-10.277302295));
#3558=CARTESIAN_POINT('',(-8.056975644,0.862727795,-10.521027621));
#3559=CARTESIAN_POINT('',(-7.84599917,0.014330913,-10.677199616));
#3560=CARTESIAN_POINT('',(-7.740510933,-0.409867528,-10.755285614));
#3561=CARTESIAN_POINT('',(-7.627171487,-0.840021051,-10.811076623));
#3562=CARTESIAN_POINT('',(-7.507912185,-1.265404129,-10.844007885));
#3563=CARTESIAN_POINT('',(-7.388652884,-1.690787207,-10.876939147));
#3564=CARTESIAN_POINT('',(-7.262938177,-2.113688039,-10.887557449));
#3565=CARTESIAN_POINT('',(-7.13068337,-2.534089638,-10.876315754));
#3566=CARTESIAN_POINT('',(-6.998428562,-2.954491237,-10.865074059));
#3567=CARTESIAN_POINT('',(-6.859635357,-3.372394134,-10.831972372));
#3568=CARTESIAN_POINT('',(-6.714732471,-3.787915359,-10.776203649));
#3569=CARTESIAN_POINT('',(-6.569829586,-4.203436583,-10.720434925));
#3570=CARTESIAN_POINT('',(-6.418149833,-4.618191014,-10.641349334));
#3571=CARTESIAN_POINT('',(-6.264982195,-5.021292984,-10.540356487));
#3572=CARTESIAN_POINT('',(-5.958646918,-5.827496925,-10.338370792));
#3573=CARTESIAN_POINT('',(-5.643671667,-6.596076265,-10.049125251));
#3574=CARTESIAN_POINT('',(-5.332543723,-7.329068625,-9.664948553));
#3575=CARTESIAN_POINT('',(-5.254761737,-7.512316716,-9.568904378));
#3576=CARTESIAN_POINT('',(-5.177214036,-7.693313247,-9.466863406));
#3577=CARTESIAN_POINT('',(-5.100069849,-7.872028916,-9.358576188));
#3578=CARTESIAN_POINT('',(-5.022925661,-8.050744586,-9.250288971));
#3579=CARTESIAN_POINT('',(-4.946141622,-8.227270436,-9.135621629));
#3580=CARTESIAN_POINT('',(-4.870997916,-8.398982307,-9.016261726));
#3581=CARTESIAN_POINT('',(-4.720710505,-8.742406047,-8.77754192));
#3582=CARTESIAN_POINT('',(-4.575899625,-9.069238373,-8.518578938));
#3583=CARTESIAN_POINT('',(-4.436880579,-9.379952932,-8.239725342));
#3584=CARTESIAN_POINT('',(-4.297861533,-9.690667492,-7.960871746));
#3585=CARTESIAN_POINT('',(-4.164639305,-9.98526265,-7.662123417));
#3586=CARTESIAN_POINT('',(-4.036858142,-10.263537752,-7.343437148));
#3587=CARTESIAN_POINT('',(-3.972967561,-10.402675303,-7.184094013));
#3588=CARTESIAN_POINT('',(-3.910426765,-10.5377214,-7.019759247));
#3589=CARTESIAN_POINT('',(-3.849118523,-10.668590803,-6.8503983));
#3590=CARTESIAN_POINT('',(-3.787810282,-10.799460207,-6.681037354));
#3591=CARTESIAN_POINT('',(-3.727664586,-10.926283446,-6.50636869));
#3592=CARTESIAN_POINT('',(-3.669329664,-11.047270545,-6.329007294));
#3593=CARTESIAN_POINT('',(-3.435989975,-11.531218943,-5.61956171));
#3594=CARTESIAN_POINT('',(-3.229257177,-11.929517279,-4.858823274));
#3595=CARTESIAN_POINT('',(-3.026251259,-12.24583273,-4.055105927));
#3596=CARTESIAN_POINT('',(-2.924748299,-12.403990455,-3.653247254));
#3597=CARTESIAN_POINT('',(-2.823576818,-12.54181503,-3.238794097));
#3598=CARTESIAN_POINT('',(-2.720905505,-12.656711814,-2.822555452));
#3599=CARTESIAN_POINT('',(-2.618234193,-12.771608599,-2.406316807));
#3600=CARTESIAN_POINT('',(-2.513716829,-12.864317587,-1.986914347));
#3601=CARTESIAN_POINT('',(-2.402390412,-12.935955254,-1.565912505));
#3602=CARTESIAN_POINT('',(-2.291063994,-13.007592922,-1.144910663));
#3603=CARTESIAN_POINT('',(-2.172970159,-13.058157878,-0.722297635));
#3604=CARTESIAN_POINT('',(-2.04192789,-13.088280749,-0.299895874));
#3605=CARTESIAN_POINT('',(-1.976406756,-13.103342184,-0.088694993));
#3606=CARTESIAN_POINT('',(-1.90762521,-13.11328591,0.122447785));
#3607=CARTESIAN_POINT('',(-1.834633279,-13.118138428,0.333264035));
#3608=CARTESIAN_POINT('',(-1.761641348,-13.122990946,0.544080285));
#3609=CARTESIAN_POINT('',(-1.684601412,-13.122708029,0.753997798));
#3610=CARTESIAN_POINT('',(-1.603377654,-13.11749644,0.960711847));
#3611=CARTESIAN_POINT('',(-1.440930137,-13.10707326,1.374139945));
#3612=CARTESIAN_POINT('',(-1.261044876,-13.07707277,1.777030758));
#3613=CARTESIAN_POINT('',(-1.056730034,-13.028967455,2.166062949));
#3614=CARTESIAN_POINT('',(-0.954572612,-13.004914797,2.360579044));
#3615=CARTESIAN_POINT('',(-0.846293204,-12.976322067,2.55162191));
#3616=CARTESIAN_POINT('',(-0.730917356,-12.943249294,2.738714577));
#3617=CARTESIAN_POINT('',(-0.615541508,-12.910176521,2.925807244));
#3618=CARTESIAN_POINT('',(-0.492286859,-12.872465226,3.10963609));
#3619=CARTESIAN_POINT('',(-0.362948507,-12.83060804,3.287288504));
#3620=CARTESIAN_POINT('',(0.1544049,-12.663179297,3.997898161));
#3621=CARTESIAN_POINT('',(0.756748591,-12.433279728,4.604269135));
#3622=CARTESIAN_POINT('',(1.39467803,-12.128873257,5.148573269));
#3623=CARTESIAN_POINT('',(1.55416039,-12.05277164,5.284649302));
#3624=CARTESIAN_POINT('',(1.715931844,-11.971915402,5.416715843));
#3625=CARTESIAN_POINT('',(1.877453409,-11.887085132,5.543904379));
#3626=CARTESIAN_POINT('',(2.038974973,-11.802254863,5.671092914));
#3627=CARTESIAN_POINT('',(2.200726064,-11.713233787,5.793822246));
#3628=CARTESIAN_POINT('',(2.362153192,-11.619896075,5.912761411));
#3629=CARTESIAN_POINT('',(2.685007448,-11.433220652,6.15063974));
#3630=CARTESIAN_POINT('',(3.006527674,-11.229298323,6.373431459));
#3631=CARTESIAN_POINT('',(3.322930731,-11.006957288,6.585402237));
#3632=CARTESIAN_POINT('',(3.639333787,-10.784616252,6.797373016));
#3633=CARTESIAN_POINT('',(3.950647034,-10.543868737,6.998495701));
#3634=CARTESIAN_POINT('',(4.253563319,-10.283211606,7.192027404));
#3635=CARTESIAN_POINT('',(4.556479604,-10.022554474,7.385559106));
#3636=CARTESIAN_POINT('',(4.851942456,-9.740678127,7.572096878));
#3637=CARTESIAN_POINT('',(5.12945742,-9.444415892,7.749462888));
#3638=CARTESIAN_POINT('',(5.684487348,-8.851891422,8.104194907));
#3639=CARTESIAN_POINT('',(6.17446982,-8.197406711,8.427390399));
#3640=CARTESIAN_POINT('',(6.585813879,-7.478161196,8.733078534));
#3641=CARTESIAN_POINT('',(6.688649894,-7.298349817,8.809500568));
#3642=CARTESIAN_POINT('',(6.786570073,-7.114456843,8.884760559));
#3643=CARTESIAN_POINT('',(6.879343784,-6.926359538,8.958943724));
#3644=CARTESIAN_POINT('',(6.972117496,-6.738262234,9.033126889));
#3645=CARTESIAN_POINT('',(7.060023845,-6.545236938,9.106490025));
#3646=CARTESIAN_POINT('',(7.141528592,-6.350373519,9.177898754));
#3647=CARTESIAN_POINT('',(7.304538088,-5.96064668,9.320716213));
#3648=CARTESIAN_POINT('',(7.442669207,-5.562648346,9.456239778));
#3649=CARTESIAN_POINT('',(7.556799447,-5.156657385,9.584683966));
#3650=CARTESIAN_POINT('',(7.670929687,-4.750666425,9.713128154));
#3651=CARTESIAN_POINT('',(7.761062342,-4.33668105,9.834484363));
#3652=CARTESIAN_POINT('',(7.827773494,-3.914636117,9.948069471));
#3653=CARTESIAN_POINT('',(7.861129069,-3.70361365,10.004862026));
#3654=CARTESIAN_POINT('',(7.888625324,-3.49057146,10.059698958));
#3655=CARTESIAN_POINT('',(7.910297465,-3.275469222,10.112417881));
#3656=CARTESIAN_POINT('',(7.931969606,-3.060366983,10.165136804));
#3657=CARTESIAN_POINT('',(7.947833833,-2.842595349,10.215865892));
#3658=CARTESIAN_POINT('',(7.957817872,-2.624847263,10.263810772));
#3659=CARTESIAN_POINT('',(7.997754031,-1.753854918,10.455590292));
#3660=CARTESIAN_POINT('',(7.945790643,-0.879603699,10.604423559));
#3661=CARTESIAN_POINT('',(7.81335886,-0.,10.701117854));
#3662=B_SPLINE_CURVE_WITH_KNOTS('',3,(#3466,#3467,#3468,#3469,#3470,#3471,#3472,#3473,#3474,#3475,#3476,#3477,#3478,#3479,#3480,#3481,#3482,#3483,#3484,#3485,#3486,#3487,#3488,#3489,#3490,#3491,
#3492,#3493,#3494,#3495,#3496,#3497,#3498,#3499,#3500,#3501,#3502,#3503,#3504,#3505,#3506,#3507,#3508,#3509,#3510,#3511,#3512,#3513,#3514,#3515,#3516,
#3517,#3518,#3519,#3520,#3521,#3522,#3523,#3524,#3525,#3526,#3527,#3528,#3529,#3530,#3531,#3532,#3533,#3534,#3535,#3536,#3537,#3538,#3539,#3540,#3541,
#3542,#3543,#3544,#3545,#3546,#3547,#3548,#3549,#3550,#3551,#3552,#3553,#3554,#3555,#3556,#3557,#3558,#3559,#3560,#3561,#3562,#3563,#3564,#3565,#3566,
#3567,#3568,#3569,#3570,#3571,#3572,#3573,#3574,#3575,#3576,#3577,#3578,#3579,#3580,#3581,#3582,#3583,#3584,#3585,#3586,#3587,#3588,#3589,#3590,#3591,
#3592,#3593,#3594,#3595,#3596,#3597,#3598,#3599,#3600,#3601,#3602,#3603,#3604,#3605,#3606,#3607,#3608,#3609,#3610,#3611,#3612,#3613,#3614,#3615,#3616,
#3617,#3618,#3619,#3620,#3621,#3622,#3623,#3624,#3625,#3626,#3627,#3628,#3629,#3630,#3631,#3632,#3633,#3634,#3635,#3636,#3637,#3638,#3639,#3640,#3641,
#3642,#3643,#3644,#3645,#3646,#3647,#3648,#3649,#3650,#3651,#3652,#3653,#3654,#3655,#3656,#3657,#3658,#3659,#3660,#3661),.UNSPECIFIED.,.T.,.F.,(4,3,3,3,3,3,3,3,3,3,3,3,3,3,3,3,3,3,3,3,3,3,3,3,3,3,
3,3,3,3,3,3,3,3,3,3,3,3,3,3,3,3,3,3,3,3,3,3,3,3,3,
3,3,3,3,3,3,3,3,3,3,3,3,3,3,4),(0.,0.002641602,0.003962402,0.004622803,0.005283203,0.007924805,0.008585205,0.009245605,0.010566406,0.011887207,0.013208008,0.015849609,0.016510009,0.01717041,0.018491211,0.019812011,0.020472412,0.021132812,0.022453613,0.023114013,0.023774414,0.026416015,0.029057617,0.030378417,0.031038818,0.031699218,
0.03434082,0.03566162,0.036982421,0.038303222,0.039624023,0.042265624,0.043586425,0.044907226,0.046228026,0.047548827,0.050190429,0.050850829,0.051511229,0.05283203,0.054152831,0.054813231,0.055473632,0.058115233,0.059436034,0.060756835,0.062077635,0.062738036,0.063398436,0.064719237,0.065379637,
0.066040038,0.068681639,0.069342039,0.07000244,0.071323241,0.072644041,0.073964842,0.076606444,0.077266844,0.077927244,0.079248045,0.080568846,0.081229246,0.081889647,0.084531248),.UNSPECIFIED.);
#3663=EDGE_CURVE('',#3465,#3465,#3662,.T.);
#3664=ORIENTED_EDGE('',*,*,#3663,.F.);
#3665=EDGE_LOOP('',(#3664));
#3666=FACE_BOUND('',#3665,.T.);
#3667=ORIENTED_EDGE('',*,*,#3411,.T.);
#3668=EDGE_LOOP('',(#3667));
#3669=FACE_BOUND('',#3668,.T.);
#3670=ADVANCED_FACE('',(#3666,#3669),#3463,.T.);
#3671=CARTESIAN_POINT('',(0.1265644,-3.417822174,-18.));
#3672=DIRECTION('',(0.866025404,0.5,0.));
#3673=DIRECTION('',(0.,0.,-1.));
#3674=AXIS2_PLACEMENT_3D('',#3671,#3672,#3673);
#3675=PLANE('',#3674);
#3676=ORIENTED_EDGE('',*,*,#571,.F.);
#3677=ORIENTED_EDGE('',*,*,#280,.T.);
#3678=CARTESIAN_POINT('',(3.6265644,-9.48,-18.));
#3679=VERTEX_POINT('',#3678);
#3680=CARTESIAN_POINT('',(1.876792465,-6.449306107,-18.));
#3681=DIRECTION('',(0.5,-0.866025404,0.));
#3682=VECTOR('',#3681,3.49954387);
#3683=LINE('',#3680,#3682);
#3684=EDGE_CURVE('',#259,#3679,#3683,.T.);
#3685=ORIENTED_EDGE('',*,*,#3684,.T.);
#3686=CARTESIAN_POINT('',(3.6265644,-9.48,-18.));
#3687=DIRECTION('',(-0.,0.,1.));
#3688=VECTOR('',#3687,6.955651642);
#3689=LINE('',#3686,#3688);
#3690=EDGE_CURVE('',#3679,#565,#3689,.T.);
#3691=ORIENTED_EDGE('',*,*,#3690,.T.);
#3692=EDGE_LOOP('',(#3676,#3677,#3685,#3691));
#3693=FACE_BOUND('',#3692,.T.);
#3694=ADVANCED_FACE('',(#3693),#3675,.F.);
#3695=CARTESIAN_POINT('',(5.322716823,-0.417822174,-18.));
#3696=DIRECTION('',(-0.866025404,-0.5,0.));
#3697=DIRECTION('',(0.,0.,1.));
#3698=AXIS2_PLACEMENT_3D('',#3695,#3696,#3697);
#3699=PLANE('',#3698);
#3700=CARTESIAN_POINT('',(8.822716823,-6.48,-18.));
#3701=VERTEX_POINT('',#3700);
#3702=CARTESIAN_POINT('',(7.156081986,-3.593303786,-18.));
#3703=DIRECTION('',(0.5,-0.866025404,0.));
#3704=VECTOR('',#3703,3.333269673);
#3705=LINE('',#3702,#3704);
#3706=EDGE_CURVE('',#78,#3701,#3705,.T.);
#3707=ORIENTED_EDGE('',*,*,#3706,.F.);
#3708=ORIENTED_EDGE('',*,*,#98,.T.);
#3709=CARTESIAN_POINT('',(8.822716823,-6.48,-10.28491431));
#3710=DIRECTION('',(0.,-0.,-1.));
#3711=VECTOR('',#3710,7.71508569);
#3712=LINE('',#3709,#3711);
#3713=EDGE_CURVE('',#80,#3701,#3712,.T.);
#3714=ORIENTED_EDGE('',*,*,#3713,.T.);
#3715=EDGE_LOOP('',(#3707,#3708,#3714));
#3716=FACE_BOUND('',#3715,.T.);
#3717=ADVANCED_FACE('',(#3716),#3699,.F.);
#3718=CARTESIAN_POINT('',(6.224640612,-7.98,-18.));
#3719=DIRECTION('',(-0.,0.,1.));
#3720=DIRECTION('',(0.5,-0.866025404,0.));
#3721=AXIS2_PLACEMENT_3D('',#3718,#3719,#3720);
#3722=CYLINDRICAL_SURFACE('',#3721,3.);
#3723=CARTESIAN_POINT('',(7.724640612,-10.578076211,-18.));
#3724=VERTEX_POINT('',#3723);
#3725=CARTESIAN_POINT('',(7.724640612,-10.578076211,-7.309892413));
#3726=DIRECTION('',(0.,-0.,-1.));
#3727=VECTOR('',#3726,10.690107587);
#3728=LINE('',#3725,#3727);
#3729=EDGE_CURVE('',#574,#3724,#3728,.T.);
#3730=ORIENTED_EDGE('',*,*,#3729,.T.);
#3731=CARTESIAN_POINT('',(6.224640612,-7.98,-18.));
#3732=DIRECTION('',(0.,-0.,1.));
#3733=DIRECTION('',(0.866025404,0.5,0.));
#3734=AXIS2_PLACEMENT_3D('',#3731,#3732,#3733);
#3735=CIRCLE('',#3734,3.);
#3736=EDGE_CURVE('',#3724,#3701,#3735,.T.);
#3737=ORIENTED_EDGE('',*,*,#3736,.T.);
#3738=ORIENTED_EDGE('',*,*,#3713,.F.);
#3739=ORIENTED_EDGE('',*,*,#225,.F.);
#3740=ORIENTED_EDGE('',*,*,#689,.T.);
#3741=EDGE_LOOP('',(#3730,#3737,#3738,#3739,#3740));
#3742=FACE_BOUND('',#3741,.T.);
#3743=ADVANCED_FACE('',(#3742),#3722,.T.);
#3744=CARTESIAN_POINT('',(-6.656802367,0.,-12.081708316));
#3745=CARTESIAN_POINT('',(-6.656802367,4.692276109,-12.081708316));
#3746=CARTESIAN_POINT('',(-3.272473694,9.260793446,-12.081708316));
#3747=CARTESIAN_POINT('',(2.987449415,8.373020373,-12.081708316));
#3748=CARTESIAN_POINT('',(-5.59937165,0.,-13.995131866));
#3749=CARTESIAN_POINT('',(-5.59937165,4.10555826,-13.995131866));
#3750=CARTESIAN_POINT('',(-2.638216292,8.102832431,-13.995131866));
#3751=CARTESIAN_POINT('',(2.838971842,7.326065679,-13.995131866));
#3752=CARTESIAN_POINT('',(-4.93035862,0.,-15.96789576));
#3753=CARTESIAN_POINT('',(-4.93035862,3.734354853,-15.96789576));
#3754=CARTESIAN_POINT('',(-2.236935661,7.370216105,-15.96789576));
#3755=CARTESIAN_POINT('',(2.745033366,6.663680597,-15.96789576));
#3756=CARTESIAN_POINT('',(-4.649763278,0.,-18.));
#3757=CARTESIAN_POINT('',(-4.649763278,3.578665886,-18.));
#3758=CARTESIAN_POINT('',(-2.0686318,7.062944468,-18.));
#3759=CARTESIAN_POINT('',(2.705633985,6.385865128,-18.));
#3760=(BOUNDED_SURFACE()
B_SPLINE_SURFACE(3,3,((#3744,#3745,#3746,#3747),(#3748,#3749,#3750,#3751),(#3752,#3753,#3754,#3755),(#3756,#3757,#3758,#3759)),.UNSPECIFIED.,.F.,.F.,.U.)
B_SPLINE_SURFACE_WITH_KNOTS((4,4),(4,4),(0.118855765,0.745876433),(0.,0.267639066),.UNSPECIFIED.)
GEOMETRIC_REPRESENTATION_ITEM()
RATIONAL_B_SPLINE_SURFACE(((1.,0.643147912,0.477310943,0.502489093),(1.,0.643147912,0.477310943,0.502489093),(1.,0.643147912,0.477310943,0.502489093),(1.,0.643147912,0.477310943,0.502489093)))
REPRESENTATION_ITEM('')
SURFACE()
);
#3761=CARTESIAN_POINT('',(1.876792465,6.449306107,-18.));
#3762=VERTEX_POINT('',#3761);
#3763=CARTESIAN_POINT('',(2.987449415,8.373020373,-12.081708316));
#3764=CARTESIAN_POINT('',(2.717752645,7.905891865,-12.987128576));
#3765=CARTESIAN_POINT('',(2.483472872,7.500107396,-13.929571225));
#3766=CARTESIAN_POINT('',(2.293785412,7.171559077,-14.91862748));
#3767=CARTESIAN_POINT('',(2.198941682,7.007284918,-15.413155607));
#3768=CARTESIAN_POINT('',(2.115067351,6.862010315,-15.921690076));
#3769=CARTESIAN_POINT('',(2.045029358,6.740700953,-16.436318307));
#3770=CARTESIAN_POINT('',(1.974991365,6.61939159,-16.950946539));
#3771=CARTESIAN_POINT('',(1.91859883,6.521716855,-17.472025532));
#3772=CARTESIAN_POINT('',(1.876792465,6.449306107,-18.));
#3773=B_SPLINE_CURVE_WITH_KNOTS('',3,(#3763,#3764,#3765,#3766,#3767,#3768,#3769,#3770,#3771,#3772),.UNSPECIFIED.,.F.,.F.,(4,3,3,4),(0.002321924,0.005478764,0.007057184,0.008635603),.UNSPECIFIED.);
#3774=EDGE_CURVE('',#512,#3762,#3773,.T.);
#3775=ORIENTED_EDGE('',*,*,#3774,.T.);
#3776=CARTESIAN_POINT('',(1.8,-0.,-18.));
#3777=DIRECTION('',(-0.,0.,1.));
#3778=DIRECTION('',(0.,1.,-0.));
#3779=AXIS2_PLACEMENT_3D('',#3776,#3777,#3778);
#3780=CIRCLE('',#3779,6.449763278);
#3781=EDGE_CURVE('',#3762,#250,#3780,.T.);
#3782=ORIENTED_EDGE('',*,*,#3781,.T.);
#3783=ORIENTED_EDGE('',*,*,#256,.F.);
#3784=ORIENTED_EDGE('',*,*,#561,.F.);
#3785=EDGE_LOOP('',(#3775,#3782,#3783,#3784));
#3786=FACE_BOUND('',#3785,.T.);
#3787=ADVANCED_FACE('',(#3786),#3760,.F.);
#3788=CARTESIAN_POINT('',(15.463306547,-9.,-18.));
#3789=DIRECTION('',(0.,0.,1.));
#3790=DIRECTION('',(1.,0.,-0.));
#3791=AXIS2_PLACEMENT_3D('',#3788,#3789,#3790);
#3792=CYLINDRICAL_SURFACE('',#3791,4.);
#3793=CARTESIAN_POINT('',(11.463306547,-9.,5.2));
#3794=VERTEX_POINT('',#3793);
#3795=CARTESIAN_POINT('',(11.463306547,-9.,3.548605785));
#3796=DIRECTION('',(0.,0.,1.));
#3797=VECTOR('',#3796,1.651394215);
#3798=LINE('',#3795,#3797);
#3799=EDGE_CURVE('',#702,#3794,#3798,.T.);
#3800=ORIENTED_EDGE('',*,*,#3799,.F.);
#3801=ORIENTED_EDGE('',*,*,#726,.T.);
#3802=CARTESIAN_POINT('',(11.463306547,-9.,-18.));
#3803=VERTEX_POINT('',#3802);
#3804=CARTESIAN_POINT('',(11.463306547,-9.,-18.));
#3805=DIRECTION('',(0.,0.,1.));
#3806=VECTOR('',#3805,14.451394215);
#3807=LINE('',#3804,#3806);
#3808=EDGE_CURVE('',#3803,#693,#3807,.T.);
#3809=ORIENTED_EDGE('',*,*,#3808,.F.);
#3810=CARTESIAN_POINT('',(15.463306547,-13.,-18.));
#3811=VERTEX_POINT('',#3810);
#3812=CARTESIAN_POINT('',(15.463306547,-9.,-18.));
#3813=DIRECTION('',(0.,0.,-1.));
#3814=DIRECTION('',(-1.,0.,0.));
#3815=AXIS2_PLACEMENT_3D('',#3812,#3813,#3814);
#3816=CIRCLE('',#3815,4.);
#3817=EDGE_CURVE('',#3811,#3803,#3816,.T.);
#3818=ORIENTED_EDGE('',*,*,#3817,.F.);
#3819=CARTESIAN_POINT('',(15.463306547,-13.,5.2));
#3820=VERTEX_POINT('',#3819);
#3821=CARTESIAN_POINT('',(15.463306547,-13.,5.2));
#3822=DIRECTION('',(-0.,-0.,-1.));
#3823=VECTOR('',#3822,23.2);
#3824=LINE('',#3821,#3823);
#3825=EDGE_CURVE('',#3820,#3811,#3824,.T.);
#3826=ORIENTED_EDGE('',*,*,#3825,.F.);
#3827=CARTESIAN_POINT('',(15.463306547,-9.,5.2));
#3828=DIRECTION('',(0.,0.,-1.));
#3829=DIRECTION('',(-1.,0.,0.));
#3830=AXIS2_PLACEMENT_3D('',#3827,#3828,#3829);
#3831=CIRCLE('',#3830,4.);
#3832=EDGE_CURVE('',#3820,#3794,#3831,.T.);
#3833=ORIENTED_EDGE('',*,*,#3832,.T.);
#3834=EDGE_LOOP('',(#3800,#3801,#3809,#3818,#3826,#3833));
#3835=FACE_BOUND('',#3834,.T.);
#3836=ADVANCED_FACE('',(#3835),#3792,.T.);
#3837=CARTESIAN_POINT('',(15.463306547,-5.,5.2));
#3838=DIRECTION('',(-1.,0.,0.));
#3839=DIRECTION('',(0.,0.,1.));
#3840=AXIS2_PLACEMENT_3D('',#3837,#3838,#3839);
#3841=DEGENERATE_TOROIDAL_SURFACE('',#3840,4.,4.,.T.);
#3842=CARTESIAN_POINT('',(15.463306547,-5.,13.2));
#3843=VERTEX_POINT('',#3842);
#3844=CARTESIAN_POINT('',(11.463306547,-5.,9.2));
#3845=VERTEX_POINT('',#3844);
#3846=CARTESIAN_POINT('',(15.463306547,-5.,9.2));
#3847=DIRECTION('',(0.,-1.,0.));
#3848=DIRECTION('',(0.,0.,-1.));
#3849=AXIS2_PLACEMENT_3D('',#3846,#3847,#3848);
#3850=CIRCLE('',#3849,4.);
#3851=EDGE_CURVE('',#3843,#3845,#3850,.T.);
#3852=ORIENTED_EDGE('',*,*,#3851,.T.);
#3853=CARTESIAN_POINT('',(11.463306547,-5.,5.2));
#3854=DIRECTION('',(-1.,0.,0.));
#3855=DIRECTION('',(0.,0.,1.));
#3856=AXIS2_PLACEMENT_3D('',#3853,#3854,#3855);
#3857=CIRCLE('',#3856,4.);
#3858=EDGE_CURVE('',#3794,#3845,#3857,.T.);
#3859=ORIENTED_EDGE('',*,*,#3858,.F.);
#3860=ORIENTED_EDGE('',*,*,#3832,.F.);
#3861=CARTESIAN_POINT('',(15.463306547,-5.,5.2));
#3862=DIRECTION('',(1.,-0.,-0.));
#3863=DIRECTION('',(0.,0.,1.));
#3864=AXIS2_PLACEMENT_3D('',#3861,#3862,#3863);
#3865=CIRCLE('',#3864,8.);
#3866=EDGE_CURVE('',#3843,#3820,#3865,.T.);
#3867=ORIENTED_EDGE('',*,*,#3866,.F.);
#3868=EDGE_LOOP('',(#3852,#3859,#3860,#3867));
#3869=FACE_BOUND('',#3868,.T.);
#3870=ADVANCED_FACE('',(#3869),#3841,.T.);
#3871=CARTESIAN_POINT('',(15.463306547,0.,9.2));
#3872=DIRECTION('',(0.,1.,0.));
#3873=DIRECTION('',(0.,-0.,1.));
#3874=AXIS2_PLACEMENT_3D('',#3871,#3872,#3873);
#3875=CYLINDRICAL_SURFACE('',#3874,4.);
#3876=CARTESIAN_POINT('',(11.463306547,5.,9.2));
#3877=VERTEX_POINT('',#3876);
#3878=CARTESIAN_POINT('',(11.463306547,2.992090075,9.2));
#3879=DIRECTION('',(0.,1.,0.));
#3880=VECTOR('',#3879,2.007909925);
#3881=LINE('',#3878,#3880);
#3882=EDGE_CURVE('',#738,#3877,#3881,.T.);
#3883=ORIENTED_EDGE('',*,*,#3882,.F.);
#3884=ORIENTED_EDGE('',*,*,#753,.T.);
#3885=CARTESIAN_POINT('',(11.463306547,-5.,9.2));
#3886=DIRECTION('',(0.,1.,0.));
#3887=VECTOR('',#3886,2.007909925);
#3888=LINE('',#3885,#3887);
#3889=EDGE_CURVE('',#3845,#729,#3888,.T.);
#3890=ORIENTED_EDGE('',*,*,#3889,.F.);
#3891=ORIENTED_EDGE('',*,*,#3851,.F.);
#3892=CARTESIAN_POINT('',(15.463306547,5.,13.2));
#3893=VERTEX_POINT('',#3892);
#3894=CARTESIAN_POINT('',(15.463306547,5.,13.2));
#3895=DIRECTION('',(-0.,-1.,-0.));
#3896=VECTOR('',#3895,10.);
#3897=LINE('',#3894,#3896);
#3898=EDGE_CURVE('',#3893,#3843,#3897,.T.);
#3899=ORIENTED_EDGE('',*,*,#3898,.F.);
#3900=CARTESIAN_POINT('',(15.463306547,5.,9.2));
#3901=DIRECTION('',(0.,-1.,0.));
#3902=DIRECTION('',(0.,0.,-1.));
#3903=AXIS2_PLACEMENT_3D('',#3900,#3901,#3902);
#3904=CIRCLE('',#3903,4.);
#3905=EDGE_CURVE('',#3893,#3877,#3904,.T.);
#3906=ORIENTED_EDGE('',*,*,#3905,.T.);
#3907=EDGE_LOOP('',(#3883,#3884,#3890,#3891,#3899,#3906));
#3908=FACE_BOUND('',#3907,.T.);
#3909=ADVANCED_FACE('',(#3908),#3875,.T.);
#3910=CARTESIAN_POINT('',(15.463306547,5.,5.2));
#3911=DIRECTION('',(-1.,0.,0.));
#3912=DIRECTION('',(0.,0.,1.));
#3913=AXIS2_PLACEMENT_3D('',#3910,#3911,#3912);
#3914=DEGENERATE_TOROIDAL_SURFACE('',#3913,4.,4.,.T.);
#3915=CARTESIAN_POINT('',(15.463306547,13.,5.2));
#3916=VERTEX_POINT('',#3915);
#3917=CARTESIAN_POINT('',(11.463306547,9.,5.2));
#3918=VERTEX_POINT('',#3917);
#3919=CARTESIAN_POINT('',(15.463306547,9.,5.2));
#3920=DIRECTION('',(0.,0.,1.));
#3921=DIRECTION('',(1.,0.,-0.));
#3922=AXIS2_PLACEMENT_3D('',#3919,#3920,#3921);
#3923=CIRCLE('',#3922,4.);
#3924=EDGE_CURVE('',#3916,#3918,#3923,.T.);
#3925=ORIENTED_EDGE('',*,*,#3924,.T.);
#3926=CARTESIAN_POINT('',(11.463306547,5.,5.2));
#3927=DIRECTION('',(-1.,0.,0.));
#3928=DIRECTION('',(0.,0.,1.));
#3929=AXIS2_PLACEMENT_3D('',#3926,#3927,#3928);
#3930=CIRCLE('',#3929,4.);
#3931=EDGE_CURVE('',#3877,#3918,#3930,.T.);
#3932=ORIENTED_EDGE('',*,*,#3931,.F.);
#3933=ORIENTED_EDGE('',*,*,#3905,.F.);
#3934=CARTESIAN_POINT('',(15.463306547,5.,5.2));
#3935=DIRECTION('',(1.,-0.,-0.));
#3936=DIRECTION('',(0.,0.,1.));
#3937=AXIS2_PLACEMENT_3D('',#3934,#3935,#3936);
#3938=CIRCLE('',#3937,8.);
#3939=EDGE_CURVE('',#3916,#3893,#3938,.T.);
#3940=ORIENTED_EDGE('',*,*,#3939,.F.);
#3941=EDGE_LOOP('',(#3925,#3932,#3933,#3940));
#3942=FACE_BOUND('',#3941,.T.);
#3943=ADVANCED_FACE('',(#3942),#3914,.T.);
#3944=CARTESIAN_POINT('',(15.463306547,9.,-18.));
#3945=DIRECTION('',(0.,0.,1.));
#3946=DIRECTION('',(1.,0.,-0.));
#3947=AXIS2_PLACEMENT_3D('',#3944,#3945,#3946);
#3948=CYLINDRICAL_SURFACE('',#3947,4.);
#3949=CARTESIAN_POINT('',(11.463306547,9.,-18.));
#3950=VERTEX_POINT('',#3949);
#3951=CARTESIAN_POINT('',(11.463306547,9.,-3.548605785));
#3952=DIRECTION('',(-0.,-0.,-1.));
#3953=VECTOR('',#3952,14.451394215);
#3954=LINE('',#3951,#3953);
#3955=EDGE_CURVE('',#351,#3950,#3954,.T.);
#3956=ORIENTED_EDGE('',*,*,#3955,.F.);
#3957=ORIENTED_EDGE('',*,*,#375,.T.);
#3958=CARTESIAN_POINT('',(11.463306547,9.,5.2));
#3959=DIRECTION('',(-0.,-0.,-1.));
#3960=VECTOR('',#3959,1.651394215);
#3961=LINE('',#3958,#3960);
#3962=EDGE_CURVE('',#3918,#342,#3961,.T.);
#3963=ORIENTED_EDGE('',*,*,#3962,.F.);
#3964=ORIENTED_EDGE('',*,*,#3924,.F.);
#3965=CARTESIAN_POINT('',(15.463306547,13.,-18.));
#3966=VERTEX_POINT('',#3965);
#3967=CARTESIAN_POINT('',(15.463306547,13.,-18.));
#3968=DIRECTION('',(0.,0.,1.));
#3969=VECTOR('',#3968,23.2);
#3970=LINE('',#3967,#3969);
#3971=EDGE_CURVE('',#3966,#3916,#3970,.T.);
#3972=ORIENTED_EDGE('',*,*,#3971,.F.);
#3973=CARTESIAN_POINT('',(15.463306547,9.,-18.));
#3974=DIRECTION('',(0.,0.,-1.));
#3975=DIRECTION('',(-1.,0.,0.));
#3976=AXIS2_PLACEMENT_3D('',#3973,#3974,#3975);
#3977=CIRCLE('',#3976,4.);
#3978=EDGE_CURVE('',#3950,#3966,#3977,.T.);
#3979=ORIENTED_EDGE('',*,*,#3978,.F.);
#3980=EDGE_LOOP('',(#3956,#3957,#3963,#3964,#3972,#3979));
#3981=FACE_BOUND('',#3980,.T.);
#3982=ADVANCED_FACE('',(#3981),#3948,.T.);
#3983=CARTESIAN_POINT('',(16.963306547,-5.,2.2));
#3984=DIRECTION('',(0.,-1.,0.));
#3985=DIRECTION('',(0.,0.,-1.));
#3986=AXIS2_PLACEMENT_3D('',#3983,#3984,#3985);
#3987=DEGENERATE_TOROIDAL_SURFACE('',#3986,3.,8.,.T.);
#3988=CARTESIAN_POINT('',(19.963306547,-13.,2.2));
#3989=VERTEX_POINT('',#3988);
#3990=CARTESIAN_POINT('',(27.963306547,-5.,2.2));
#3991=VERTEX_POINT('',#3990);
#3992=CARTESIAN_POINT('',(19.963306547,-5.,2.2));
#3993=DIRECTION('',(0.,0.,1.));
#3994=DIRECTION('',(1.,0.,-0.));
#3995=AXIS2_PLACEMENT_3D('',#3992,#3993,#3994);
#3996=CIRCLE('',#3995,8.);
#3997=EDGE_CURVE('',#3989,#3991,#3996,.T.);
#3998=ORIENTED_EDGE('',*,*,#3997,.T.);
#3999=CARTESIAN_POINT('',(16.963306547,-5.,13.2));
#4000=VERTEX_POINT('',#3999);
#4001=CARTESIAN_POINT('',(16.963306547,-5.,2.2));
#4002=DIRECTION('',(-0.,1.,-0.));
#4003=DIRECTION('',(0.,0.,-1.));
#4004=AXIS2_PLACEMENT_3D('',#4001,#4002,#4003);
#4005=CIRCLE('',#4004,11.);
#4006=EDGE_CURVE('',#4000,#3991,#4005,.T.);
#4007=ORIENTED_EDGE('',*,*,#4006,.F.);
#4008=CARTESIAN_POINT('',(16.963306547,-13.,5.2));
#4009=VERTEX_POINT('',#4008);
#4010=CARTESIAN_POINT('',(16.963306547,-5.,5.2));
#4011=DIRECTION('',(1.,0.,0.));
#4012=DIRECTION('',(0.,0.,-1.));
#4013=AXIS2_PLACEMENT_3D('',#4010,#4011,#4012);
#4014=CIRCLE('',#4013,8.);
#4015=EDGE_CURVE('',#4000,#4009,#4014,.T.);
#4016=ORIENTED_EDGE('',*,*,#4015,.T.);
#4017=CARTESIAN_POINT('',(16.963306547,-13.,2.2));
#4018=DIRECTION('',(0.,-1.,0.));
#4019=DIRECTION('',(0.,0.,-1.));
#4020=AXIS2_PLACEMENT_3D('',#4017,#4018,#4019);
#4021=CIRCLE('',#4020,3.);
#4022=EDGE_CURVE('',#3989,#4009,#4021,.T.);
#4023=ORIENTED_EDGE('',*,*,#4022,.F.);
#4024=EDGE_LOOP('',(#3998,#4007,#4016,#4023));
#4025=FACE_BOUND('',#4024,.T.);
#4026=ADVANCED_FACE('',(#4025),#3987,.T.);
#4027=CARTESIAN_POINT('',(20.463306547,-5.,5.2));
#4028=DIRECTION('',(-1.,0.,0.));
#4029=DIRECTION('',(0.,0.,1.));
#4030=AXIS2_PLACEMENT_3D('',#4027,#4028,#4029);
#4031=CYLINDRICAL_SURFACE('',#4030,8.);
#4032=CARTESIAN_POINT('',(15.463306547,-5.,13.2));
#4033=DIRECTION('',(1.,-0.,-0.));
#4034=VECTOR('',#4033,1.5);
#4035=LINE('',#4032,#4034);
#4036=EDGE_CURVE('',#3843,#4000,#4035,.T.);
#4037=ORIENTED_EDGE('',*,*,#4036,.F.);
#4038=ORIENTED_EDGE('',*,*,#3866,.T.);
#4039=CARTESIAN_POINT('',(16.963306547,-13.,5.2));
#4040=DIRECTION('',(-1.,0.,0.));
#4041=VECTOR('',#4040,1.5);
#4042=LINE('',#4039,#4041);
#4043=EDGE_CURVE('',#4009,#3820,#4042,.T.);
#4044=ORIENTED_EDGE('',*,*,#4043,.F.);
#4045=ORIENTED_EDGE('',*,*,#4015,.F.);
#4046=EDGE_LOOP('',(#4037,#4038,#4044,#4045));
#4047=FACE_BOUND('',#4046,.T.);
#4048=ADVANCED_FACE('',(#4047),#4031,.T.);
#4049=CARTESIAN_POINT('',(20.463306547,5.,5.2));
#4050=DIRECTION('',(1.,0.,0.));
#4051=DIRECTION('',(0.,0.,-1.));
#4052=AXIS2_PLACEMENT_3D('',#4049,#4050,#4051);
#4053=CYLINDRICAL_SURFACE('',#4052,8.);
#4054=CARTESIAN_POINT('',(16.963306547,13.,5.2));
#4055=VERTEX_POINT('',#4054);
#4056=CARTESIAN_POINT('',(15.463306547,13.,5.2));
#4057=DIRECTION('',(1.,0.,-0.));
#4058=VECTOR('',#4057,1.5);
#4059=LINE('',#4056,#4058);
#4060=EDGE_CURVE('',#3916,#4055,#4059,.T.);
#4061=ORIENTED_EDGE('',*,*,#4060,.F.);
#4062=ORIENTED_EDGE('',*,*,#3939,.T.);
#4063=CARTESIAN_POINT('',(16.963306547,5.,13.2));
#4064=VERTEX_POINT('',#4063);
#4065=CARTESIAN_POINT('',(16.963306547,5.,13.2));
#4066=DIRECTION('',(-1.,-0.,0.));
#4067=VECTOR('',#4066,1.5);
#4068=LINE('',#4065,#4067);
#4069=EDGE_CURVE('',#4064,#3893,#4068,.T.);
#4070=ORIENTED_EDGE('',*,*,#4069,.F.);
#4071=CARTESIAN_POINT('',(16.963306547,5.,5.2));
#4072=DIRECTION('',(-1.,0.,0.));
#4073=DIRECTION('',(0.,0.,1.));
#4074=AXIS2_PLACEMENT_3D('',#4071,#4072,#4073);
#4075=CIRCLE('',#4074,8.);
#4076=EDGE_CURVE('',#4064,#4055,#4075,.T.);
#4077=ORIENTED_EDGE('',*,*,#4076,.T.);
#4078=EDGE_LOOP('',(#4061,#4062,#4070,#4077));
#4079=FACE_BOUND('',#4078,.T.);
#4080=ADVANCED_FACE('',(#4079),#4053,.T.);
#4081=CARTESIAN_POINT('',(16.963306547,5.,2.2));
#4082=DIRECTION('',(0.,1.,0.));
#4083=DIRECTION('',(0.,-0.,1.));
#4084=AXIS2_PLACEMENT_3D('',#4081,#4082,#4083);
#4085=DEGENERATE_TOROIDAL_SURFACE('',#4084,3.,8.,.T.);
#4086=CARTESIAN_POINT('',(27.963306547,5.,2.2));
#4087=VERTEX_POINT('',#4086);
#4088=CARTESIAN_POINT('',(19.963306547,13.,2.2));
#4089=VERTEX_POINT('',#4088);
#4090=CARTESIAN_POINT('',(19.963306547,5.,2.2));
#4091=DIRECTION('',(0.,0.,1.));
#4092=DIRECTION('',(1.,0.,-0.));
#4093=AXIS2_PLACEMENT_3D('',#4090,#4091,#4092);
#4094=CIRCLE('',#4093,8.);
#4095=EDGE_CURVE('',#4087,#4089,#4094,.T.);
#4096=ORIENTED_EDGE('',*,*,#4095,.T.);
#4097=CARTESIAN_POINT('',(16.963306547,13.,2.2));
#4098=DIRECTION('',(0.,1.,0.));
#4099=DIRECTION('',(0.,-0.,1.));
#4100=AXIS2_PLACEMENT_3D('',#4097,#4098,#4099);
#4101=CIRCLE('',#4100,3.);
#4102=EDGE_CURVE('',#4055,#4089,#4101,.T.);
#4103=ORIENTED_EDGE('',*,*,#4102,.F.);
#4104=ORIENTED_EDGE('',*,*,#4076,.F.);
#4105=CARTESIAN_POINT('',(16.963306547,5.,2.2));
#4106=DIRECTION('',(-0.,-1.,-0.));
#4107=DIRECTION('',(0.,-0.,1.));
#4108=AXIS2_PLACEMENT_3D('',#4105,#4106,#4107);
#4109=CIRCLE('',#4108,11.);
#4110=EDGE_CURVE('',#4087,#4064,#4109,.T.);
#4111=ORIENTED_EDGE('',*,*,#4110,.F.);
#4112=EDGE_LOOP('',(#4096,#4103,#4104,#4111));
#4113=FACE_BOUND('',#4112,.T.);
#4114=ADVANCED_FACE('',(#4113),#4085,.T.);
#4115=CARTESIAN_POINT('',(16.963306547,0.,2.2));
#4116=DIRECTION('',(0.,-1.,0.));
#4117=DIRECTION('',(0.,0.,-1.));
#4118=AXIS2_PLACEMENT_3D('',#4115,#4116,#4117);
#4119=CYLINDRICAL_SURFACE('',#4118,11.);
#4120=CARTESIAN_POINT('',(27.963306547,5.,2.2));
#4121=DIRECTION('',(0.,-1.,0.));
#4122=VECTOR('',#4121,10.);
#4123=LINE('',#4120,#4122);
#4124=EDGE_CURVE('',#4087,#3991,#4123,.T.);
#4125=ORIENTED_EDGE('',*,*,#4124,.F.);
#4126=ORIENTED_EDGE('',*,*,#4110,.T.);
#4127=CARTESIAN_POINT('',(16.963306547,-5.,13.2));
#4128=DIRECTION('',(-0.,1.,-0.));
#4129=VECTOR('',#4128,10.);
#4130=LINE('',#4127,#4129);
#4131=EDGE_CURVE('',#4000,#4064,#4130,.T.);
#4132=ORIENTED_EDGE('',*,*,#4131,.F.);
#4133=ORIENTED_EDGE('',*,*,#4006,.T.);
#4134=EDGE_LOOP('',(#4125,#4126,#4132,#4133));
#4135=FACE_BOUND('',#4134,.T.);
#4136=ADVANCED_FACE('',(#4135),#4119,.T.);
#4137=CARTESIAN_POINT('',(20.463306547,0.,-18.));
#4138=DIRECTION('',(0.,0.,-1.));
#4139=DIRECTION('',(-1.,0.,0.));
#4140=AXIS2_PLACEMENT_3D('',#4137,#4138,#4139);
#4141=PLANE('',#4140);
#4142=CARTESIAN_POINT('',(19.9,11.4,-18.));
#4143=VERTEX_POINT('',#4142);
#4144=CARTESIAN_POINT('',(19.9,13.,-18.));
#4145=VERTEX_POINT('',#4144);
#4146=CARTESIAN_POINT('',(19.9,11.4,-18.));
#4147=DIRECTION('',(0.,1.,0.));
#4148=VECTOR('',#4147,1.6);
#4149=LINE('',#4146,#4148);
#4150=EDGE_CURVE('',#4143,#4145,#4149,.T.);
#4151=ORIENTED_EDGE('',*,*,#4150,.F.);
#4152=CARTESIAN_POINT('',(18.2,11.4,-18.));
#4153=VERTEX_POINT('',#4152);
#4154=CARTESIAN_POINT('',(19.9,11.4,-18.));
#4155=DIRECTION('',(-1.,0.,0.));
#4156=VECTOR('',#4155,1.7);
#4157=LINE('',#4154,#4156);
#4158=EDGE_CURVE('',#4143,#4153,#4157,.T.);
#4159=ORIENTED_EDGE('',*,*,#4158,.T.);
#4160=CARTESIAN_POINT('',(18.2,10.,-18.));
#4161=VERTEX_POINT('',#4160);
#4162=CARTESIAN_POINT('',(18.2,11.4,-18.));
#4163=DIRECTION('',(0.,-1.,0.));
#4164=VECTOR('',#4163,1.4);
#4165=LINE('',#4162,#4164);
#4166=EDGE_CURVE('',#4153,#4161,#4165,.T.);
#4167=ORIENTED_EDGE('',*,*,#4166,.T.);
#4168=CARTESIAN_POINT('',(14.9,10.,-18.));
#4169=VERTEX_POINT('',#4168);
#4170=CARTESIAN_POINT('',(14.9,10.,-18.));
#4171=DIRECTION('',(1.,0.,-0.));
#4172=VECTOR('',#4171,3.3);
#4173=LINE('',#4170,#4172);
#4174=EDGE_CURVE('',#4169,#4161,#4173,.T.);
#4175=ORIENTED_EDGE('',*,*,#4174,.F.);
#4176=CARTESIAN_POINT('',(14.9,2.4,-18.));
#4177=VERTEX_POINT('',#4176);
#4178=CARTESIAN_POINT('',(14.9,2.4,-18.));
#4179=DIRECTION('',(0.,1.,0.));
#4180=VECTOR('',#4179,7.6);
#4181=LINE('',#4178,#4180);
#4182=EDGE_CURVE('',#4177,#4169,#4181,.T.);
#4183=ORIENTED_EDGE('',*,*,#4182,.F.);
#4184=CARTESIAN_POINT('',(13.9,2.4,-18.));
#4185=VERTEX_POINT('',#4184);
#4186=CARTESIAN_POINT('',(13.9,2.4,-18.));
#4187=DIRECTION('',(1.,0.,-0.));
#4188=VECTOR('',#4187,1.);
#4189=LINE('',#4186,#4188);
#4190=EDGE_CURVE('',#4185,#4177,#4189,.T.);
#4191=ORIENTED_EDGE('',*,*,#4190,.F.);
#4192=CARTESIAN_POINT('',(13.9,-2.4,-18.));
#4193=VERTEX_POINT('',#4192);
#4194=CARTESIAN_POINT('',(13.9,-2.4,-18.));
#4195=DIRECTION('',(0.,1.,0.));
#4196=VECTOR('',#4195,4.8);
#4197=LINE('',#4194,#4196);
#4198=EDGE_CURVE('',#4193,#4185,#4197,.T.);
#4199=ORIENTED_EDGE('',*,*,#4198,.F.);
#4200=CARTESIAN_POINT('',(14.9,-2.4,-18.));
#4201=VERTEX_POINT('',#4200);
#4202=CARTESIAN_POINT('',(13.9,-2.4,-18.));
#4203=DIRECTION('',(1.,0.,-0.));
#4204=VECTOR('',#4203,1.);
#4205=LINE('',#4202,#4204);
#4206=EDGE_CURVE('',#4193,#4201,#4205,.T.);
#4207=ORIENTED_EDGE('',*,*,#4206,.T.);
#4208=CARTESIAN_POINT('',(14.9,-10.,-18.));
#4209=VERTEX_POINT('',#4208);
#4210=CARTESIAN_POINT('',(14.9,-10.,-18.));
#4211=DIRECTION('',(0.,1.,0.));
#4212=VECTOR('',#4211,7.6);
#4213=LINE('',#4210,#4212);
#4214=EDGE_CURVE('',#4209,#4201,#4213,.T.);
#4215=ORIENTED_EDGE('',*,*,#4214,.F.);
#4216=CARTESIAN_POINT('',(18.2,-10.,-18.));
#4217=VERTEX_POINT('',#4216);
#4218=CARTESIAN_POINT('',(14.9,-10.,-18.));
#4219=DIRECTION('',(1.,0.,-0.));
#4220=VECTOR('',#4219,3.3);
#4221=LINE('',#4218,#4220);
#4222=EDGE_CURVE('',#4209,#4217,#4221,.T.);
#4223=ORIENTED_EDGE('',*,*,#4222,.T.);
#4224=CARTESIAN_POINT('',(18.2,-11.4,-18.));
#4225=VERTEX_POINT('',#4224);
#4226=CARTESIAN_POINT('',(18.2,-10.,-18.));
#4227=DIRECTION('',(0.,-1.,0.));
#4228=VECTOR('',#4227,1.4);
#4229=LINE('',#4226,#4228);
#4230=EDGE_CURVE('',#4217,#4225,#4229,.T.);
#4231=ORIENTED_EDGE('',*,*,#4230,.T.);
#4232=CARTESIAN_POINT('',(19.9,-11.4,-18.));
#4233=VERTEX_POINT('',#4232);
#4234=CARTESIAN_POINT('',(19.9,-11.4,-18.));
#4235=DIRECTION('',(-1.,0.,0.));
#4236=VECTOR('',#4235,1.7);
#4237=LINE('',#4234,#4236);
#4238=EDGE_CURVE('',#4233,#4225,#4237,.T.);
#4239=ORIENTED_EDGE('',*,*,#4238,.F.);
#4240=CARTESIAN_POINT('',(19.9,-13.,-18.));
#4241=VERTEX_POINT('',#4240);
#4242=CARTESIAN_POINT('',(19.9,-13.,-18.));
#4243=DIRECTION('',(0.,1.,0.));
#4244=VECTOR('',#4243,1.6);
#4245=LINE('',#4242,#4244);
#4246=EDGE_CURVE('',#4241,#4233,#4245,.T.);
#4247=ORIENTED_EDGE('',*,*,#4246,.F.);
#4248=CARTESIAN_POINT('',(15.463306547,-13.,-18.));
#4249=DIRECTION('',(1.,0.,-0.));
#4250=VECTOR('',#4249,4.436693453);
#4251=LINE('',#4248,#4250);
#4252=EDGE_CURVE('',#3811,#4241,#4251,.T.);
#4253=ORIENTED_EDGE('',*,*,#4252,.F.);
#4254=ORIENTED_EDGE('',*,*,#3817,.T.);
#4255=CARTESIAN_POINT('',(11.463306547,9.,-18.));
#4256=DIRECTION('',(0.,-1.,0.));
#4257=VECTOR('',#4256,18.);
#4258=LINE('',#4255,#4257);
#4259=EDGE_CURVE('',#3950,#3803,#4258,.T.);
#4260=ORIENTED_EDGE('',*,*,#4259,.F.);
#4261=ORIENTED_EDGE('',*,*,#3978,.T.);
#4262=CARTESIAN_POINT('',(19.9,13.,-18.));
#4263=DIRECTION('',(-1.,0.,0.));
#4264=VECTOR('',#4263,4.436693453);
#4265=LINE('',#4262,#4264);
#4266=EDGE_CURVE('',#4145,#3966,#4265,.T.);
#4267=ORIENTED_EDGE('',*,*,#4266,.F.);
#4268=EDGE_LOOP('',(#4151,#4159,#4167,#4175,#4183,#4191,#4199,#4207,#4215,#4223,#4231,#4239,#4247,#4253,#4254,#4260,#4261,#4267));
#4269=FACE_BOUND('',#4268,.T.);
#4270=ADVANCED_FACE('',(#4269),#4141,.T.);
#4271=CARTESIAN_POINT('',(20.463306547,0.,13.2));
#4272=DIRECTION('',(0.,0.,1.));
#4273=DIRECTION('',(1.,0.,0.));
#4274=AXIS2_PLACEMENT_3D('',#4271,#4272,#4273);
#4275=PLANE('',#4274);
#4276=ORIENTED_EDGE('',*,*,#4069,.T.);
#4277=ORIENTED_EDGE('',*,*,#3898,.T.);
#4278=ORIENTED_EDGE('',*,*,#4036,.T.);
#4279=ORIENTED_EDGE('',*,*,#4131,.T.);
#4280=EDGE_LOOP('',(#4276,#4277,#4278,#4279));
#4281=FACE_BOUND('',#4280,.T.);
#4282=ADVANCED_FACE('',(#4281),#4275,.T.);
#4283=CARTESIAN_POINT('',(20.463306547,-13.,-18.));
#4284=DIRECTION('',(0.,-1.,0.));
#4285=DIRECTION('',(0.,0.,-1.));
#4286=AXIS2_PLACEMENT_3D('',#4283,#4284,#4285);
#4287=PLANE('',#4286);
#4288=CARTESIAN_POINT('',(19.9,-13.,-14.3));
#4289=VERTEX_POINT('',#4288);
#4290=CARTESIAN_POINT('',(19.9,-13.,-14.3));
#4291=DIRECTION('',(0.,0.,-1.));
#4292=VECTOR('',#4291,3.7);
#4293=LINE('',#4290,#4292);
#4294=EDGE_CURVE('',#4289,#4241,#4293,.T.);
#4295=ORIENTED_EDGE('',*,*,#4294,.F.);
#4296=CARTESIAN_POINT('',(19.963306547,-13.,-14.3));
#4297=VERTEX_POINT('',#4296);
#4298=CARTESIAN_POINT('',(19.963306547,-13.,-14.3));
#4299=DIRECTION('',(-1.,0.,0.));
#4300=VECTOR('',#4299,0.063306547);
#4301=LINE('',#4298,#4300);
#4302=EDGE_CURVE('',#4297,#4289,#4301,.T.);
#4303=ORIENTED_EDGE('',*,*,#4302,.F.);
#4304=CARTESIAN_POINT('',(19.963306547,-13.,-14.3));
#4305=DIRECTION('',(0.,0.,1.));
#4306=VECTOR('',#4305,16.5);
#4307=LINE('',#4304,#4306);
#4308=EDGE_CURVE('',#4297,#3989,#4307,.T.);
#4309=ORIENTED_EDGE('',*,*,#4308,.T.);
#4310=ORIENTED_EDGE('',*,*,#4022,.T.);
#4311=ORIENTED_EDGE('',*,*,#4043,.T.);
#4312=ORIENTED_EDGE('',*,*,#3825,.T.);
#4313=ORIENTED_EDGE('',*,*,#4252,.T.);
#4314=EDGE_LOOP('',(#4295,#4303,#4309,#4310,#4311,#4312,#4313));
#4315=FACE_BOUND('',#4314,.T.);
#4316=ADVANCED_FACE('',(#4315),#4287,.T.);
#4317=CARTESIAN_POINT('',(20.463306547,13.,-18.));
#4318=DIRECTION('',(0.,1.,0.));
#4319=DIRECTION('',(0.,0.,1.));
#4320=AXIS2_PLACEMENT_3D('',#4317,#4318,#4319);
#4321=PLANE('',#4320);
#4322=CARTESIAN_POINT('',(19.9,13.,-14.3));
#4323=VERTEX_POINT('',#4322);
#4324=CARTESIAN_POINT('',(19.9,13.,-18.));
#4325=DIRECTION('',(0.,0.,1.));
#4326=VECTOR('',#4325,3.7);
#4327=LINE('',#4324,#4326);
#4328=EDGE_CURVE('',#4145,#4323,#4327,.T.);
#4329=ORIENTED_EDGE('',*,*,#4328,.F.);
#4330=ORIENTED_EDGE('',*,*,#4266,.T.);
#4331=ORIENTED_EDGE('',*,*,#3971,.T.);
#4332=ORIENTED_EDGE('',*,*,#4060,.T.);
#4333=ORIENTED_EDGE('',*,*,#4102,.T.);
#4334=CARTESIAN_POINT('',(19.963306547,13.,-14.3));
#4335=VERTEX_POINT('',#4334);
#4336=CARTESIAN_POINT('',(19.963306547,13.,2.2));
#4337=DIRECTION('',(-0.,-0.,-1.));
#4338=VECTOR('',#4337,16.5);
#4339=LINE('',#4336,#4338);
#4340=EDGE_CURVE('',#4089,#4335,#4339,.T.);
#4341=ORIENTED_EDGE('',*,*,#4340,.T.);
#4342=CARTESIAN_POINT('',(19.9,13.,-14.3));
#4343=DIRECTION('',(1.,0.,-0.));
#4344=VECTOR('',#4343,0.063306547);
#4345=LINE('',#4342,#4344);
#4346=EDGE_CURVE('',#4323,#4335,#4345,.T.);
#4347=ORIENTED_EDGE('',*,*,#4346,.F.);
#4348=EDGE_LOOP('',(#4329,#4330,#4331,#4332,#4333,#4341,#4347));
#4349=FACE_BOUND('',#4348,.T.);
#4350=ADVANCED_FACE('',(#4349),#4321,.T.);
#4351=CARTESIAN_POINT('',(19.963306547,5.,-18.));
#4352=DIRECTION('',(0.,0.,1.));
#4353=DIRECTION('',(1.,0.,-0.));
#4354=AXIS2_PLACEMENT_3D('',#4351,#4352,#4353);
#4355=CYLINDRICAL_SURFACE('',#4354,8.);
#4356=CARTESIAN_POINT('',(27.963306547,5.,-14.3));
#4357=VERTEX_POINT('',#4356);
#4358=CARTESIAN_POINT('',(19.963306547,5.,-14.3));
#4359=DIRECTION('',(-0.,-0.,-1.));
#4360=DIRECTION('',(1.,0.,-0.));
#4361=AXIS2_PLACEMENT_3D('',#4358,#4359,#4360);
#4362=CIRCLE('',#4361,8.);
#4363=EDGE_CURVE('',#4335,#4357,#4362,.T.);
#4364=ORIENTED_EDGE('',*,*,#4363,.F.);
#4365=ORIENTED_EDGE('',*,*,#4340,.F.);
#4366=ORIENTED_EDGE('',*,*,#4095,.F.);
#4367=CARTESIAN_POINT('',(27.963306547,5.,-14.3));
#4368=DIRECTION('',(0.,0.,1.));
#4369=VECTOR('',#4368,16.5);
#4370=LINE('',#4367,#4369);
#4371=EDGE_CURVE('',#4357,#4087,#4370,.T.);
#4372=ORIENTED_EDGE('',*,*,#4371,.F.);
#4373=EDGE_LOOP('',(#4364,#4365,#4366,#4372));
#4374=FACE_BOUND('',#4373,.T.);
#4375=ADVANCED_FACE('',(#4374),#4355,.T.);
#4376=CARTESIAN_POINT('',(27.963306547,0.,-18.));
#4377=DIRECTION('',(1.,0.,0.));
#4378=DIRECTION('',(0.,0.,-1.));
#4379=AXIS2_PLACEMENT_3D('',#4376,#4377,#4378);
#4380=PLANE('',#4379);
#4381=CARTESIAN_POINT('',(27.963306547,-5.,-14.3));
#4382=VERTEX_POINT('',#4381);
#4383=CARTESIAN_POINT('',(27.963306547,5.,-14.3));
#4384=DIRECTION('',(0.,-1.,0.));
#4385=VECTOR('',#4384,10.);
#4386=LINE('',#4383,#4385);
#4387=EDGE_CURVE('',#4357,#4382,#4386,.T.);
#4388=ORIENTED_EDGE('',*,*,#4387,.F.);
#4389=ORIENTED_EDGE('',*,*,#4371,.T.);
#4390=ORIENTED_EDGE('',*,*,#4124,.T.);
#4391=CARTESIAN_POINT('',(27.963306547,-5.,2.2));
#4392=DIRECTION('',(-0.,-0.,-1.));
#4393=VECTOR('',#4392,16.5);
#4394=LINE('',#4391,#4393);
#4395=EDGE_CURVE('',#3991,#4382,#4394,.T.);
#4396=ORIENTED_EDGE('',*,*,#4395,.T.);
#4397=EDGE_LOOP('',(#4388,#4389,#4390,#4396));
#4398=FACE_BOUND('',#4397,.T.);
#4399=ADVANCED_FACE('',(#4398),#4380,.T.);
#4400=CARTESIAN_POINT('',(19.963306547,-5.,-18.));
#4401=DIRECTION('',(0.,0.,1.));
#4402=DIRECTION('',(1.,0.,-0.));
#4403=AXIS2_PLACEMENT_3D('',#4400,#4401,#4402);
#4404=CYLINDRICAL_SURFACE('',#4403,8.);
#4405=CARTESIAN_POINT('',(19.963306547,-5.,-14.3));
#4406=DIRECTION('',(-0.,-0.,-1.));
#4407=DIRECTION('',(1.,0.,-0.));
#4408=AXIS2_PLACEMENT_3D('',#4405,#4406,#4407);
#4409=CIRCLE('',#4408,8.);
#4410=EDGE_CURVE('',#4382,#4297,#4409,.T.);
#4411=ORIENTED_EDGE('',*,*,#4410,.F.);
#4412=ORIENTED_EDGE('',*,*,#4395,.F.);
#4413=ORIENTED_EDGE('',*,*,#3997,.F.);
#4414=ORIENTED_EDGE('',*,*,#4308,.F.);
#4415=EDGE_LOOP('',(#4411,#4412,#4413,#4414));
#4416=FACE_BOUND('',#4415,.T.);
#4417=ADVANCED_FACE('',(#4416),#4404,.T.);
#4418=CARTESIAN_POINT('',(11.463306547,0.,-18.));
#4419=DIRECTION('',(-1.,0.,0.));
#4420=DIRECTION('',(0.,0.,1.));
#4421=AXIS2_PLACEMENT_3D('',#4418,#4419,#4420);
#4422=PLANE('',#4421);
#4423=ORIENTED_EDGE('',*,*,#3962,.T.);
#4424=ORIENTED_EDGE('',*,*,#348,.T.);
#4425=ORIENTED_EDGE('',*,*,#760,.T.);
#4426=ORIENTED_EDGE('',*,*,#3882,.T.);
#4427=ORIENTED_EDGE('',*,*,#3931,.T.);
#4428=EDGE_LOOP('',(#4423,#4424,#4425,#4426,#4427));
#4429=FACE_BOUND('',#4428,.T.);
#4430=ADVANCED_FACE('',(#4429),#4422,.T.);
#4431=CARTESIAN_POINT('',(6.224640612,7.98,-18.));
#4432=DIRECTION('',(-0.,0.,1.));
#4433=DIRECTION('',(0.866025404,-0.5,0.));
#4434=AXIS2_PLACEMENT_3D('',#4431,#4432,#4433);
#4435=PLANE('',#4434);
#4436=CARTESIAN_POINT('',(8.822716823,6.48,-18.));
#4437=VERTEX_POINT('',#4436);
#4438=CARTESIAN_POINT('',(7.156081986,3.593303786,-18.));
#4439=DIRECTION('',(0.5,0.866025404,-0.));
#4440=VECTOR('',#4439,3.333269673);
#4441=LINE('',#4438,#4440);
#4442=EDGE_CURVE('',#101,#4437,#4441,.T.);
#4443=ORIENTED_EDGE('',*,*,#4442,.F.);
#4444=ORIENTED_EDGE('',*,*,#107,.F.);
#4445=ORIENTED_EDGE('',*,*,#3706,.T.);
#4446=ORIENTED_EDGE('',*,*,#3736,.F.);
#4447=CARTESIAN_POINT('',(6.224640612,-7.98,-18.));
#4448=DIRECTION('',(0.,-0.,1.));
#4449=DIRECTION('',(0.866025404,0.5,0.));
#4450=AXIS2_PLACEMENT_3D('',#4447,#4448,#4449);
#4451=CIRCLE('',#4450,3.);
#4452=EDGE_CURVE('',#3679,#3724,#4451,.T.);
#4453=ORIENTED_EDGE('',*,*,#4452,.F.);
#4454=ORIENTED_EDGE('',*,*,#3684,.F.);
#4455=ORIENTED_EDGE('',*,*,#265,.F.);
#4456=ORIENTED_EDGE('',*,*,#3781,.F.);
#4457=CARTESIAN_POINT('',(3.6265644,9.48,-18.));
#4458=VERTEX_POINT('',#4457);
#4459=CARTESIAN_POINT('',(1.876792465,6.449306107,-18.));
#4460=DIRECTION('',(0.5,0.866025404,-0.));
#4461=VECTOR('',#4460,3.49954387);
#4462=LINE('',#4459,#4461);
#4463=EDGE_CURVE('',#3762,#4458,#4462,.T.);
#4464=ORIENTED_EDGE('',*,*,#4463,.T.);
#4465=CARTESIAN_POINT('',(7.724640612,10.578076211,-18.));
#4466=VERTEX_POINT('',#4465);
#4467=CARTESIAN_POINT('',(6.224640612,7.98,-18.));
#4468=DIRECTION('',(0.,-0.,-1.));
#4469=DIRECTION('',(0.866025404,-0.5,0.));
#4470=AXIS2_PLACEMENT_3D('',#4467,#4468,#4469);
#4471=CIRCLE('',#4470,3.);
#4472=EDGE_CURVE('',#4458,#4466,#4471,.T.);
#4473=ORIENTED_EDGE('',*,*,#4472,.T.);
#4474=CARTESIAN_POINT('',(6.224640612,7.98,-18.));
#4475=DIRECTION('',(0.,-0.,-1.));
#4476=DIRECTION('',(0.866025404,-0.5,0.));
#4477=AXIS2_PLACEMENT_3D('',#4474,#4475,#4476);
#4478=CIRCLE('',#4477,3.);
#4479=EDGE_CURVE('',#4466,#4437,#4478,.T.);
#4480=ORIENTED_EDGE('',*,*,#4479,.T.);
#4481=EDGE_LOOP('',(#4443,#4444,#4445,#4446,#4453,#4454,#4455,#4456,#4464,#4473,#4480));
#4482=FACE_BOUND('',#4481,.T.);
#4483=CARTESIAN_POINT('',(1.7652653,-2.42566247,-18.));
#4484=VERTEX_POINT('',#4483);
#4485=CARTESIAN_POINT('',(1.760598427,2.429051909,-18.));
#4486=VERTEX_POINT('',#4485);
#4487=CARTESIAN_POINT('',(-0.,-0.,-18.));
#4488=DIRECTION('',(-0.,-0.,-1.));
#4489=DIRECTION('',(1.,0.,-0.));
#4490=AXIS2_PLACEMENT_3D('',#4487,#4488,#4489);
#4491=CIRCLE('',#4490,3.);
#4492=EDGE_CURVE('',#4484,#4486,#4491,.T.);
#4493=ORIENTED_EDGE('',*,*,#4492,.F.);
#4494=CARTESIAN_POINT('',(5.657613445,-7.415659506,-18.));
#4495=VERTEX_POINT('',#4494);
#4496=CARTESIAN_POINT('',(1.7652653,-2.42566247,-18.));
#4497=DIRECTION('',(0.61504658,-0.788490776,0.));
#4498=VECTOR('',#4497,6.328542052);
#4499=LINE('',#4496,#4498);
#4500=EDGE_CURVE('',#4484,#4495,#4499,.T.);
#4501=ORIENTED_EDGE('',*,*,#4500,.T.);
#4502=CARTESIAN_POINT('',(6.224640612,-7.18,-18.));
#4503=VERTEX_POINT('',#4502);
#4504=CARTESIAN_POINT('',(6.224640612,-7.98,-18.));
#4505=DIRECTION('',(-0.,-0.,-1.));
#4506=DIRECTION('',(1.,0.,-0.));
#4507=AXIS2_PLACEMENT_3D('',#4504,#4505,#4506);
#4508=CIRCLE('',#4507,0.8);
#4509=EDGE_CURVE('',#4503,#4495,#4508,.T.);
#4510=ORIENTED_EDGE('',*,*,#4509,.F.);
#4511=CARTESIAN_POINT('',(5.815311601,-7.29265019,-18.));
#4512=VERTEX_POINT('',#4511);
#4513=CARTESIAN_POINT('',(6.224640612,-7.98,-18.));
#4514=DIRECTION('',(-0.,-0.,-1.));
#4515=DIRECTION('',(1.,0.,-0.));
#4516=AXIS2_PLACEMENT_3D('',#4513,#4514,#4515);
#4517=CIRCLE('',#4516,0.8);
#4518=EDGE_CURVE('',#4512,#4503,#4517,.T.);
#4519=ORIENTED_EDGE('',*,*,#4518,.F.);
#4520=CARTESIAN_POINT('',(1.922963455,-2.302653154,-18.));
#4521=VERTEX_POINT('',#4520);
#4522=CARTESIAN_POINT('',(1.922963455,-2.302653154,-18.));
#4523=DIRECTION('',(0.61504658,-0.788490776,0.));
#4524=VECTOR('',#4523,6.328542052);
#4525=LINE('',#4522,#4524);
#4526=EDGE_CURVE('',#4521,#4512,#4525,.T.);
#4527=ORIENTED_EDGE('',*,*,#4526,.F.);
#4528=CARTESIAN_POINT('',(3.,-0.,-18.));
#4529=VERTEX_POINT('',#4528);
#4530=CARTESIAN_POINT('',(-0.,-0.,-18.));
#4531=DIRECTION('',(-0.,-0.,-1.));
#4532=DIRECTION('',(1.,0.,-0.));
#4533=AXIS2_PLACEMENT_3D('',#4530,#4531,#4532);
#4534=CIRCLE('',#4533,3.);
#4535=EDGE_CURVE('',#4529,#4521,#4534,.T.);
#4536=ORIENTED_EDGE('',*,*,#4535,.F.);
#4537=CARTESIAN_POINT('',(1.91853279,2.306346013,-18.));
#4538=VERTEX_POINT('',#4537);
#4539=CARTESIAN_POINT('',(-0.,-0.,-18.));
#4540=DIRECTION('',(-0.,-0.,-1.));
#4541=DIRECTION('',(1.,0.,-0.));
#4542=AXIS2_PLACEMENT_3D('',#4539,#4540,#4541);
#4543=CIRCLE('',#4542,3.);
#4544=EDGE_CURVE('',#4538,#4529,#4543,.T.);
#4545=ORIENTED_EDGE('',*,*,#4544,.F.);
#4546=CARTESIAN_POINT('',(5.791993253,7.29186448,-18.));
#4547=VERTEX_POINT('',#4546);
#4548=CARTESIAN_POINT('',(1.91853279,2.306346013,-18.));
#4549=DIRECTION('',(0.613529481,0.789671816,-0.));
#4550=VECTOR('',#4549,6.313405605);
#4551=LINE('',#4548,#4550);
#4552=EDGE_CURVE('',#4538,#4547,#4551,.T.);
#4553=ORIENTED_EDGE('',*,*,#4552,.T.);
#4554=CARTESIAN_POINT('',(6.2,7.18,-18.));
#4555=VERTEX_POINT('',#4554);
#4556=CARTESIAN_POINT('',(6.2,7.98,-18.));
#4557=DIRECTION('',(-0.,-0.,-1.));
#4558=DIRECTION('',(1.,0.,-0.));
#4559=AXIS2_PLACEMENT_3D('',#4556,#4557,#4558);
#4560=CIRCLE('',#4559,0.8);
#4561=EDGE_CURVE('',#4555,#4547,#4560,.T.);
#4562=ORIENTED_EDGE('',*,*,#4561,.F.);
#4563=CARTESIAN_POINT('',(5.63405889,7.414570376,-18.));
#4564=VERTEX_POINT('',#4563);
#4565=CARTESIAN_POINT('',(6.2,7.98,-18.));
#4566=DIRECTION('',(-0.,-0.,-1.));
#4567=DIRECTION('',(1.,0.,-0.));
#4568=AXIS2_PLACEMENT_3D('',#4565,#4566,#4567);
#4569=CIRCLE('',#4568,0.8);
#4570=EDGE_CURVE('',#4564,#4555,#4569,.T.);
#4571=ORIENTED_EDGE('',*,*,#4570,.F.);
#4572=CARTESIAN_POINT('',(1.760598427,2.429051909,-18.));
#4573=DIRECTION('',(0.613529481,0.789671816,-0.));
#4574=VECTOR('',#4573,6.313405605);
#4575=LINE('',#4572,#4574);
#4576=EDGE_CURVE('',#4486,#4564,#4575,.T.);
#4577=ORIENTED_EDGE('',*,*,#4576,.F.);
#4578=EDGE_LOOP('',(#4493,#4501,#4510,#4519,#4527,#4536,#4545,#4553,#4562,#4571,#4577));
#4579=FACE_BOUND('',#4578,.T.);
#4580=ADVANCED_FACE('',(#4482,#4579),#4435,.F.);
#4581=CARTESIAN_POINT('',(0.1265644,3.417822174,-18.));
#4582=DIRECTION('',(0.866025404,-0.5,0.));
#4583=DIRECTION('',(0.,-0.,-1.));
#4584=AXIS2_PLACEMENT_3D('',#4581,#4582,#4583);
#4585=PLANE('',#4584);
#4586=ORIENTED_EDGE('',*,*,#518,.F.);
#4587=CARTESIAN_POINT('',(3.6265644,9.48,-18.));
#4588=DIRECTION('',(-0.,0.,1.));
#4589=VECTOR('',#4588,6.955651642);
#4590=LINE('',#4587,#4589);
#4591=EDGE_CURVE('',#4458,#449,#4590,.T.);
#4592=ORIENTED_EDGE('',*,*,#4591,.F.);
#4593=ORIENTED_EDGE('',*,*,#4463,.F.);
#4594=ORIENTED_EDGE('',*,*,#3774,.F.);
#4595=EDGE_LOOP('',(#4586,#4592,#4593,#4594));
#4596=FACE_BOUND('',#4595,.T.);
#4597=ADVANCED_FACE('',(#4596),#4585,.F.);
#4598=CARTESIAN_POINT('',(5.322716823,0.417822174,-18.));
#4599=DIRECTION('',(-0.866025404,0.5,-0.));
#4600=DIRECTION('',(-0.,0.,1.));
#4601=AXIS2_PLACEMENT_3D('',#4598,#4599,#4600);
#4602=PLANE('',#4601);
#4603=ORIENTED_EDGE('',*,*,#128,.F.);
#4604=ORIENTED_EDGE('',*,*,#4442,.T.);
#4605=CARTESIAN_POINT('',(8.822716823,6.48,-10.28491431));
#4606=DIRECTION('',(0.,-0.,-1.));
#4607=VECTOR('',#4606,7.71508569);
#4608=LINE('',#4605,#4607);
#4609=EDGE_CURVE('',#110,#4437,#4608,.T.);
#4610=ORIENTED_EDGE('',*,*,#4609,.F.);
#4611=EDGE_LOOP('',(#4603,#4604,#4610));
#4612=FACE_BOUND('',#4611,.T.);
#4613=ADVANCED_FACE('',(#4612),#4602,.F.);
#4614=CARTESIAN_POINT('',(6.224640612,7.98,-18.));
#4615=DIRECTION('',(-0.,0.,1.));
#4616=DIRECTION('',(0.5,0.866025404,-0.));
#4617=AXIS2_PLACEMENT_3D('',#4614,#4615,#4616);
#4618=CYLINDRICAL_SURFACE('',#4617,3.);
#4619=CARTESIAN_POINT('',(7.724640612,10.578076211,-7.310037232));
#4620=DIRECTION('',(0.,-0.,-1.));
#4621=VECTOR('',#4620,10.689962768);
#4622=LINE('',#4619,#4621);
#4623=EDGE_CURVE('',#386,#4466,#4622,.T.);
#4624=ORIENTED_EDGE('',*,*,#4623,.T.);
#4625=ORIENTED_EDGE('',*,*,#4472,.F.);
#4626=ORIENTED_EDGE('',*,*,#4591,.T.);
#4627=ORIENTED_EDGE('',*,*,#509,.T.);
#4628=EDGE_LOOP('',(#4624,#4625,#4626,#4627));
#4629=FACE_BOUND('',#4628,.T.);
#4630=ADVANCED_FACE('',(#4629),#4618,.T.);
#4631=CARTESIAN_POINT('',(11.463306547,0.,-18.));
#4632=DIRECTION('',(-1.,0.,0.));
#4633=DIRECTION('',(0.,0.,1.));
#4634=AXIS2_PLACEMENT_3D('',#4631,#4632,#4633);
#4635=PLANE('',#4634);
#4636=ORIENTED_EDGE('',*,*,#3808,.T.);
#4637=ORIENTED_EDGE('',*,*,#699,.T.);
#4638=ORIENTED_EDGE('',*,*,#197,.T.);
#4639=ORIENTED_EDGE('',*,*,#382,.T.);
#4640=ORIENTED_EDGE('',*,*,#3955,.T.);
#4641=ORIENTED_EDGE('',*,*,#4259,.T.);
#4642=EDGE_LOOP('',(#4636,#4637,#4638,#4639,#4640,#4641));
#4643=FACE_BOUND('',#4642,.T.);
#4644=ADVANCED_FACE('',(#4643),#4635,.T.);
#4645=CARTESIAN_POINT('',(11.463306547,0.,-18.));
#4646=DIRECTION('',(-1.,0.,0.));
#4647=DIRECTION('',(0.,0.,1.));
#4648=AXIS2_PLACEMENT_3D('',#4645,#4646,#4647);
#4649=PLANE('',#4648);
#4650=ORIENTED_EDGE('',*,*,#3889,.T.);
#4651=ORIENTED_EDGE('',*,*,#735,.T.);
#4652=ORIENTED_EDGE('',*,*,#3799,.T.);
#4653=ORIENTED_EDGE('',*,*,#3858,.T.);
#4654=EDGE_LOOP('',(#4650,#4651,#4652,#4653));
#4655=FACE_BOUND('',#4654,.T.);
#4656=ADVANCED_FACE('',(#4655),#4649,.T.);
#4657=CARTESIAN_POINT('',(-6.975805965,11.758124752,-8.078306348));
#4658=DIRECTION('',(0.439282491,-0.740436068,0.508709468));
#4659=DIRECTION('',(-0.754090535,0.003836782,0.656759274));
#4660=AXIS2_PLACEMENT_3D('',#4657,#4658,#4659);
#4661=PLANE('',#4660);
#4662=CARTESIAN_POINT('',(-7.845437382,11.290329408,-8.008244136));
#4663=VERTEX_POINT('',#4662);
#4664=CARTESIAN_POINT('',(-7.161901296,12.231291591,-7.228905577));
#4665=VERTEX_POINT('',#4664);
#4666=CARTESIAN_POINT('',(-7.845437382,11.290329408,-8.008244136));
#4667=DIRECTION('',(0.488240061,0.672115845,0.556670399));
#4668=VECTOR('',#4667,1.4);
#4669=LINE('',#4666,#4668);
#4670=EDGE_CURVE('',#4663,#4665,#4669,.T.);
#4671=ORIENTED_EDGE('',*,*,#4670,.T.);
#4672=CARTESIAN_POINT('',(-6.106174547,12.225920096,-8.148368561));
#4673=VERTEX_POINT('',#4672);
#4674=CARTESIAN_POINT('',(-7.161901296,12.231291591,-7.228905577));
#4675=DIRECTION('',(0.754090535,-0.003836782,-0.656759274));
#4676=VECTOR('',#4675,1.4);
#4677=LINE('',#4674,#4676);
#4678=EDGE_CURVE('',#4665,#4673,#4677,.T.);
#4679=ORIENTED_EDGE('',*,*,#4678,.T.);
#4680=CARTESIAN_POINT('',(-6.789710633,11.284957913,-8.92770712));
#4681=VERTEX_POINT('',#4680);
#4682=CARTESIAN_POINT('',(-6.106174547,12.225920096,-8.148368561));
#4683=DIRECTION('',(-0.488240061,-0.672115845,-0.556670399));
#4684=VECTOR('',#4683,1.4);
#4685=LINE('',#4682,#4684);
#4686=EDGE_CURVE('',#4673,#4681,#4685,.T.);
#4687=ORIENTED_EDGE('',*,*,#4686,.T.);
#4688=CARTESIAN_POINT('',(-6.789710633,11.284957913,-8.92770712));
#4689=DIRECTION('',(-0.754090535,0.003836782,0.656759274));
#4690=VECTOR('',#4689,1.4);
#4691=LINE('',#4688,#4690);
#4692=EDGE_CURVE('',#4681,#4663,#4691,.T.);
#4693=ORIENTED_EDGE('',*,*,#4692,.T.);
#4694=EDGE_LOOP('',(#4671,#4679,#4687,#4693));
#4695=FACE_BOUND('',#4694,.T.);
#4696=ADVANCED_FACE('',(#4695),#4661,.F.);
#4697=CARTESIAN_POINT('',(-7.598111752,11.539830714,-7.268934234));
#4698=DIRECTION('',(0.84384216,-0.526280379,-0.104687022));
#4699=DIRECTION('',(-0.222602902,-0.52085435,0.824110851));
#4700=AXIS2_PLACEMENT_3D('',#4697,#4698,#4699);
#4701=PLANE('',#4700);
#4702=ORIENTED_EDGE('',*,*,#1058,.F.);
#4703=CARTESIAN_POINT('',(-7.161901296,12.231291591,-7.228905577));
#4704=DIRECTION('',(0.100131022,-0.037229532,0.994277497));
#4705=VECTOR('',#4704,1.899711988);
#4706=LINE('',#4703,#4705);
#4707=EDGE_CURVE('',#4665,#1043,#4706,.T.);
#4708=ORIENTED_EDGE('',*,*,#4707,.F.);
#4709=ORIENTED_EDGE('',*,*,#4670,.F.);
#4710=CARTESIAN_POINT('',(-7.845437382,11.290329408,-8.008244136));
#4711=DIRECTION('',(-0.46364004,-0.81332206,0.351489887));
#4712=VECTOR('',#4711,1.900554222);
#4713=LINE('',#4710,#4712);
#4714=EDGE_CURVE('',#4663,#3416,#4713,.T.);
#4715=ORIENTED_EDGE('',*,*,#4714,.T.);
#4716=ORIENTED_EDGE('',*,*,#3422,.F.);
#4717=EDGE_LOOP('',(#4702,#4708,#4709,#4715,#4716));
#4718=FACE_BOUND('',#4717,.T.);
#4719=ADVANCED_FACE('',(#4718),#4701,.F.);
#4720=CARTESIAN_POINT('',(-6.355781156,12.208109777,-7.369023109));
#4721=DIRECTION('',(-0.03461823,-0.998825036,-0.0339135));
#4722=DIRECTION('',(-0.655857487,0.048309693,-0.753337329));
#4723=AXIS2_PLACEMENT_3D('',#4720,#4721,#4722);
#4724=PLANE('',#4723);
#4725=ORIENTED_EDGE('',*,*,#1049,.F.);
#4726=CARTESIAN_POINT('',(-6.106174547,12.225920096,-8.148368561));
#4727=DIRECTION('',(0.970879769,-0.041659866,0.235917209));
#4728=VECTOR('',#4727,1.899711988);
#4729=LINE('',#4726,#4728);
#4730=EDGE_CURVE('',#4673,#1034,#4729,.T.);
#4731=ORIENTED_EDGE('',*,*,#4730,.F.);
#4732=ORIENTED_EDGE('',*,*,#4678,.F.);
#4733=ORIENTED_EDGE('',*,*,#4707,.T.);
#4734=EDGE_LOOP('',(#4725,#4731,#4732,#4733));
#4735=FACE_BOUND('',#4734,.T.);
#4736=ADVANCED_FACE('',(#4735),#4724,.F.);
#4737=CARTESIAN_POINT('',(-6.089930682,11.53215715,-8.582452782));
#4738=DIRECTION('',(-0.222602902,-0.52085435,0.824110851));
#4739=DIRECTION('',(-0.84384216,0.526280379,0.104687022));
#4740=AXIS2_PLACEMENT_3D('',#4737,#4738,#4739);
#4741=PLANE('',#4740);
#4742=ORIENTED_EDGE('',*,*,#1040,.F.);
#4743=CARTESIAN_POINT('',(-6.789710633,11.284957913,-8.92770712));
#4744=DIRECTION('',(0.407108707,-0.817752394,-0.4068704));
#4745=VECTOR('',#4744,1.899711988);
#4746=LINE('',#4743,#4745);
#4747=EDGE_CURVE('',#4681,#1025,#4746,.T.);
#4748=ORIENTED_EDGE('',*,*,#4747,.F.);
#4749=ORIENTED_EDGE('',*,*,#4686,.F.);
#4750=ORIENTED_EDGE('',*,*,#4730,.T.);
#4751=EDGE_LOOP('',(#4742,#4748,#4749,#4750));
#4752=FACE_BOUND('',#4751,.T.);
#4753=ADVANCED_FACE('',(#4752),#4741,.F.);
#4754=CARTESIAN_POINT('',(-7.332261279,10.863878087,-8.482363907));
#4755=DIRECTION('',(0.655857487,-0.048309693,0.753337329));
#4756=DIRECTION('',(-0.03461823,-0.998825036,-0.0339135));
#4757=AXIS2_PLACEMENT_3D('',#4754,#4755,#4756);
#4758=PLANE('',#4757);
#4759=ORIENTED_EDGE('',*,*,#1031,.F.);
#4760=ORIENTED_EDGE('',*,*,#3429,.F.);
#4761=ORIENTED_EDGE('',*,*,#4714,.F.);
#4762=ORIENTED_EDGE('',*,*,#4692,.F.);
#4763=ORIENTED_EDGE('',*,*,#4747,.T.);
#4764=EDGE_LOOP('',(#4759,#4760,#4761,#4762,#4763));
#4765=FACE_BOUND('',#4764,.T.);
#4766=ADVANCED_FACE('',(#4765),#4758,.F.);
#4767=CARTESIAN_POINT('',(0.791854676,-13.648748394,-8.078306348));
#4768=DIRECTION('',(-0.049864904,0.859492972,0.508709468));
#4769=DIRECTION('',(-0.623023885,-0.424862912,0.656759274));
#4770=AXIS2_PLACEMENT_3D('',#4767,#4768,#4769);
#4771=PLANE('',#4770);
#4772=CARTESIAN_POINT('',(0.902166193,-14.14508467,-7.228905577));
#4773=VERTEX_POINT('',#4772);
#4774=CARTESIAN_POINT('',(-0.19069028,-13.747220194,-8.008244136));
#4775=VERTEX_POINT('',#4774);
#4776=CARTESIAN_POINT('',(0.902166193,-14.14508467,-7.228905577));
#4777=DIRECTION('',(-0.780611766,0.284188911,-0.556670399));
#4778=VECTOR('',#4777,1.4);
#4779=LINE('',#4776,#4778);
#4780=EDGE_CURVE('',#4773,#4775,#4779,.T.);
#4781=ORIENTED_EDGE('',*,*,#4780,.T.);
#4782=CARTESIAN_POINT('',(0.68154316,-13.152412117,-8.92770712));
#4783=VERTEX_POINT('',#4782);
#4784=CARTESIAN_POINT('',(-0.19069028,-13.747220194,-8.008244136));
#4785=DIRECTION('',(0.623023885,0.424862912,-0.656759274));
#4786=VECTOR('',#4785,1.4);
#4787=LINE('',#4784,#4786);
#4788=EDGE_CURVE('',#4775,#4783,#4787,.T.);
#4789=ORIENTED_EDGE('',*,*,#4788,.T.);
#4790=CARTESIAN_POINT('',(1.774399632,-13.550276593,-8.148368561));
#4791=VERTEX_POINT('',#4790);
#4792=CARTESIAN_POINT('',(0.68154316,-13.152412117,-8.92770712));
#4793=DIRECTION('',(0.780611766,-0.284188911,0.556670399));
#4794=VECTOR('',#4793,1.4);
#4795=LINE('',#4792,#4794);
#4796=EDGE_CURVE('',#4783,#4791,#4795,.T.);
#4797=ORIENTED_EDGE('',*,*,#4796,.T.);
#4798=CARTESIAN_POINT('',(1.774399632,-13.550276593,-8.148368561));
#4799=DIRECTION('',(-0.623023885,-0.424862912,0.656759274));
#4800=VECTOR('',#4799,1.4);
#4801=LINE('',#4798,#4800);
#4802=EDGE_CURVE('',#4791,#4773,#4801,.T.);
#4803=ORIENTED_EDGE('',*,*,#4802,.T.);
#4804=EDGE_LOOP('',(#4781,#4789,#4797,#4803));
#4805=FACE_BOUND('',#4804,.T.);
#4806=ADVANCED_FACE('',(#4805),#4771,.F.);
#4807=CARTESIAN_POINT('',(0.153871319,-13.815763414,-7.268934234));
#4808=DIRECTION('',(0.405284602,0.908176755,-0.104687022));
#4809=DIRECTION('',(-0.475804226,0.307329863,0.824110851));
#4810=AXIS2_PLACEMENT_3D('',#4807,#4808,#4809);
#4811=PLANE('',#4810);
#4812=ORIENTED_EDGE('',*,*,#935,.F.);
#4813=ORIENTED_EDGE('',*,*,#3446,.F.);
#4814=CARTESIAN_POINT('',(-0.19069028,-13.747220194,-8.008244136));
#4815=DIRECTION('',(-0.839178937,0.415010326,0.351489887));
#4816=VECTOR('',#4815,1.900554222);
#4817=LINE('',#4814,#4816);
#4818=EDGE_CURVE('',#4775,#3433,#4817,.T.);
#4819=ORIENTED_EDGE('',*,*,#4818,.F.);
#4820=ORIENTED_EDGE('',*,*,#4780,.F.);
#4821=CARTESIAN_POINT('',(0.902166193,-14.14508467,-7.228905577));
#4822=DIRECTION('',(0.06219389,0.086857238,0.994277497));
#4823=VECTOR('',#4822,1.899711988);
#4824=LINE('',#4821,#4823);
#4825=EDGE_CURVE('',#4773,#929,#4824,.T.);
#4826=ORIENTED_EDGE('',*,*,#4825,.T.);
#4827=EDGE_LOOP('',(#4812,#4813,#4819,#4820,#4826));
#4828=FACE_BOUND('',#4827,.T.);
#4829=ADVANCED_FACE('',(#4828),#4811,.F.);
#4830=CARTESIAN_POINT('',(-0.003716561,-13.106711591,-8.482363907));
#4831=DIRECTION('',(0.516716062,0.406801403,0.753337329));
#4832=DIRECTION('',(0.587235685,-0.808705215,0.0339135));
#4833=AXIS2_PLACEMENT_3D('',#4830,#4831,#4832);
#4834=PLANE('',#4833);
#4835=ORIENTED_EDGE('',*,*,#962,.F.);
#4836=CARTESIAN_POINT('',(0.68154316,-13.152412117,-8.92770712));
#4837=DIRECTION('',(-0.119772921,0.90559976,-0.4068704));
#4838=VECTOR('',#4837,1.899711988);
#4839=LINE('',#4836,#4838);
#4840=EDGE_CURVE('',#4783,#947,#4839,.T.);
#4841=ORIENTED_EDGE('',*,*,#4840,.F.);
#4842=ORIENTED_EDGE('',*,*,#4788,.F.);
#4843=ORIENTED_EDGE('',*,*,#4818,.T.);
#4844=ORIENTED_EDGE('',*,*,#3439,.F.);
#4845=EDGE_LOOP('',(#4835,#4841,#4842,#4843,#4844));
#4846=FACE_BOUND('',#4845,.T.);
#4847=ADVANCED_FACE('',(#4846),#4834,.F.);
#4848=CARTESIAN_POINT('',(1.39991909,-12.96603759,-8.582452782));
#4849=DIRECTION('',(-0.475804226,0.307329863,0.824110851));
#4850=DIRECTION('',(-0.405284602,-0.908176755,0.104687022));
#4851=AXIS2_PLACEMENT_3D('',#4848,#4849,#4850);
#4852=PLANE('',#4851);
#4853=ORIENTED_EDGE('',*,*,#953,.F.);
#4854=CARTESIAN_POINT('',(1.774399632,-13.550276593,-8.148368561));
#4855=DIRECTION('',(0.781599906,0.577446671,0.235917209));
#4856=VECTOR('',#4855,1.899711988);
#4857=LINE('',#4854,#4856);
#4858=EDGE_CURVE('',#4791,#938,#4857,.T.);
#4859=ORIENTED_EDGE('',*,*,#4858,.F.);
#4860=ORIENTED_EDGE('',*,*,#4796,.F.);
#4861=ORIENTED_EDGE('',*,*,#4840,.T.);
#4862=EDGE_LOOP('',(#4853,#4859,#4860,#4861));
#4863=FACE_BOUND('',#4862,.T.);
#4864=ADVANCED_FACE('',(#4863),#4852,.F.);
#4865=CARTESIAN_POINT('',(1.557506971,-13.675089413,-7.369023109));
#4866=DIRECTION('',(-0.587235685,0.808705215,-0.0339135));
#4867=DIRECTION('',(0.516716062,0.406801403,0.753337329));
#4868=AXIS2_PLACEMENT_3D('',#4865,#4866,#4867);
#4869=PLANE('',#4868);
#4870=ORIENTED_EDGE('',*,*,#944,.F.);
#4871=ORIENTED_EDGE('',*,*,#4825,.F.);
#4872=ORIENTED_EDGE('',*,*,#4802,.F.);
#4873=ORIENTED_EDGE('',*,*,#4858,.T.);
#4874=EDGE_LOOP('',(#4870,#4871,#4872,#4873));
#4875=FACE_BOUND('',#4874,.T.);
#4876=ADVANCED_FACE('',(#4875),#4869,.F.);
#4877=CARTESIAN_POINT('',(6.2,7.98,-13.5));
#4878=DIRECTION('',(0.,0.,1.));
#4879=DIRECTION('',(1.,0.,0.));
#4880=AXIS2_PLACEMENT_3D('',#4877,#4878,#4879);
#4881=PLANE('',#4880);
#4882=CARTESIAN_POINT('',(6.2,7.18,-13.5));
#4883=VERTEX_POINT('',#4882);
#4884=CARTESIAN_POINT('',(6.2,7.98,-13.5));
#4885=DIRECTION('',(0.,0.,-1.));
#4886=DIRECTION('',(0.,-1.,0.));
#4887=AXIS2_PLACEMENT_3D('',#4884,#4885,#4886);
#4888=CIRCLE('',#4887,0.8);
#4889=EDGE_CURVE('',#4883,#4883,#4888,.T.);
#4890=ORIENTED_EDGE('',*,*,#4889,.T.);
#4891=EDGE_LOOP('',(#4890));
#4892=FACE_BOUND('',#4891,.T.);
#4893=ADVANCED_FACE('',(#4892),#4881,.F.);
#4894=CARTESIAN_POINT('',(6.2,7.98,-19.5));
#4895=DIRECTION('',(0.,0.,1.));
#4896=DIRECTION('',(0.,-1.,0.));
#4897=AXIS2_PLACEMENT_3D('',#4894,#4895,#4896);
#4898=CYLINDRICAL_SURFACE('',#4897,0.8);
#4899=CARTESIAN_POINT('',(6.2,7.18,-13.5));
#4900=DIRECTION('',(-0.,0.,-1.));
#4901=VECTOR('',#4900,4.5);
#4902=LINE('',#4899,#4901);
#4903=EDGE_CURVE('',#4883,#4555,#4902,.T.);
#4904=ORIENTED_EDGE('',*,*,#4903,.F.);
#4905=ORIENTED_EDGE('',*,*,#4889,.F.);
#4906=ORIENTED_EDGE('',*,*,#4903,.T.);
#4907=ORIENTED_EDGE('',*,*,#4561,.T.);
#4908=CARTESIAN_POINT('',(5.791993253,7.29186448,-17.8));
#4909=VERTEX_POINT('',#4908);
#4910=CARTESIAN_POINT('',(5.791993253,7.29186448,-18.));
#4911=DIRECTION('',(0.,0.,1.));
#4912=VECTOR('',#4911,0.2);
#4913=LINE('',#4910,#4912);
#4914=EDGE_CURVE('',#4547,#4909,#4913,.T.);
#4915=ORIENTED_EDGE('',*,*,#4914,.T.);
#4916=CARTESIAN_POINT('',(5.63405889,7.414570376,-17.8));
#4917=VERTEX_POINT('',#4916);
#4918=CARTESIAN_POINT('',(6.2,7.98,-17.8));
#4919=DIRECTION('',(0.,-0.,-1.));
#4920=DIRECTION('',(0.,1.,-0.));
#4921=AXIS2_PLACEMENT_3D('',#4918,#4919,#4920);
#4922=CIRCLE('',#4921,0.8);
#4923=EDGE_CURVE('',#4909,#4917,#4922,.T.);
#4924=ORIENTED_EDGE('',*,*,#4923,.T.);
#4925=CARTESIAN_POINT('',(5.63405889,7.414570376,-18.));
#4926=DIRECTION('',(0.,0.,1.));
#4927=VECTOR('',#4926,0.2);
#4928=LINE('',#4925,#4927);
#4929=EDGE_CURVE('',#4564,#4917,#4928,.T.);
#4930=ORIENTED_EDGE('',*,*,#4929,.F.);
#4931=ORIENTED_EDGE('',*,*,#4570,.T.);
#4932=EDGE_LOOP('',(#4904,#4905,#4906,#4907,#4915,#4924,#4930,#4931));
#4933=FACE_BOUND('',#4932,.T.);
#4934=ADVANCED_FACE('',(#4933),#4898,.F.);
#4935=CARTESIAN_POINT('',(20.503421735,0.,6.769471386));
#4936=DIRECTION('',(-0.949582575,-0.,-0.313517039));
#4937=DIRECTION('',(0.,1.,-0.));
#4938=AXIS2_PLACEMENT_3D('',#4935,#4936,#4937);
#4939=PLANE('',#4938);
#4940=CARTESIAN_POINT('',(18.710462075,7.195490126,12.2));
#4941=VERTEX_POINT('',#4940);
#4942=CARTESIAN_POINT('',(18.793104532,7.350308046,11.949691954));
#4943=VERTEX_POINT('',#4942);
#4944=CARTESIAN_POINT('',(18.710462075,7.195490126,12.2));
#4945=DIRECTION('',(0.270338439,0.506437444,-0.818802933));
#4946=VECTOR('',#4945,0.305699987);
#4947=LINE('',#4944,#4946);
#4948=EDGE_CURVE('',#4941,#4943,#4947,.T.);
#4949=ORIENTED_EDGE('',*,*,#4948,.F.);
#4950=CARTESIAN_POINT('',(18.710462075,7.1,12.2));
#4951=VERTEX_POINT('',#4950);
#4952=CARTESIAN_POINT('',(18.710462075,7.195490126,12.2));
#4953=DIRECTION('',(0.,-1.,-0.));
#4954=VECTOR('',#4953,0.095490126);
#4955=LINE('',#4952,#4954);
#4956=EDGE_CURVE('',#4941,#4951,#4955,.T.);
#4957=ORIENTED_EDGE('',*,*,#4956,.T.);
#4958=CARTESIAN_POINT('',(18.793104532,7.350308046,11.949691954));
#4959=DIRECTION('',(-0.227347058,-0.688590341,0.688590341));
#4960=VECTOR('',#4959,0.363507925);
#4961=LINE('',#4958,#4960);
#4962=EDGE_CURVE('',#4943,#4951,#4961,.T.);
#4963=ORIENTED_EDGE('',*,*,#4962,.F.);
#4964=EDGE_LOOP('',(#4949,#4957,#4963));
#4965=FACE_BOUND('',#4964,.T.);
#4966=ADVANCED_FACE('',(#4965),#4939,.F.);
#4967=CARTESIAN_POINT('',(20.503421735,0.,6.769471386));
#4968=DIRECTION('',(-0.949582575,-0.,-0.313517039));
#4969=DIRECTION('',(0.,1.,-0.));
#4970=AXIS2_PLACEMENT_3D('',#4967,#4968,#4969);
#4971=PLANE('',#4970);
#4972=CARTESIAN_POINT('',(18.710462075,-7.1,12.2));
#4973=VERTEX_POINT('',#4972);
#4974=CARTESIAN_POINT('',(18.710462075,-7.195490126,12.2));
#4975=VERTEX_POINT('',#4974);
#4976=CARTESIAN_POINT('',(18.710462075,-7.1,12.2));
#4977=DIRECTION('',(0.,-1.,-0.));
#4978=VECTOR('',#4977,0.095490126);
#4979=LINE('',#4976,#4978);
#4980=EDGE_CURVE('',#4973,#4975,#4979,.T.);
#4981=ORIENTED_EDGE('',*,*,#4980,.T.);
#4982=CARTESIAN_POINT('',(18.793104532,-7.350308046,11.949691954));
#4983=VERTEX_POINT('',#4982);
#4984=CARTESIAN_POINT('',(18.793104532,-7.350308046,11.949691954));
#4985=DIRECTION('',(-0.270338439,0.506437444,0.818802933));
#4986=VECTOR('',#4985,0.305699987);
#4987=LINE('',#4984,#4986);
#4988=EDGE_CURVE('',#4983,#4975,#4987,.T.);
#4989=ORIENTED_EDGE('',*,*,#4988,.F.);
#4990=CARTESIAN_POINT('',(18.710462075,-7.1,12.2));
#4991=DIRECTION('',(0.227347058,-0.688590341,-0.688590341));
#4992=VECTOR('',#4991,0.363507925);
#4993=LINE('',#4990,#4992);
#4994=EDGE_CURVE('',#4973,#4983,#4993,.T.);
#4995=ORIENTED_EDGE('',*,*,#4994,.F.);
#4996=EDGE_LOOP('',(#4981,#4989,#4995));
#4997=FACE_BOUND('',#4996,.T.);
#4998=ADVANCED_FACE('',(#4997),#4971,.F.);
#4999=CARTESIAN_POINT('',(20.175633264,0.,8.865726561));
#5000=DIRECTION('',(0.915508163,0.,0.402299394));
#5001=DIRECTION('',(0.,-1.,0.));
#5002=AXIS2_PLACEMENT_3D('',#4999,#5000,#5001);
#5003=PLANE('',#5002);
#5004=CARTESIAN_POINT('',(18.961379643,-7.500796051,11.62898974));
#5005=VERTEX_POINT('',#5004);
#5006=CARTESIAN_POINT('',(20.6,-7.128382334,7.9));
#5007=VERTEX_POINT('',#5006);
#5008=CARTESIAN_POINT('',(18.961379643,-7.500796051,11.62898974));
#5009=DIRECTION('',(0.400628303,0.091051887,-0.91170528));
#5010=VECTOR('',#5009,4.090126298);
#5011=LINE('',#5008,#5010);
#5012=EDGE_CURVE('',#5005,#5007,#5011,.T.);
#5013=ORIENTED_EDGE('',*,*,#5012,.T.);
#5014=CARTESIAN_POINT('',(20.6,-11.4,7.9));
#5015=VERTEX_POINT('',#5014);
#5016=CARTESIAN_POINT('',(20.6,-7.128382334,7.9));
#5017=DIRECTION('',(0.,-1.,0.));
#5018=VECTOR('',#5017,4.271617666);
#5019=LINE('',#5016,#5018);
#5020=EDGE_CURVE('',#5007,#5015,#5019,.T.);
#5021=ORIENTED_EDGE('',*,*,#5020,.T.);
#5022=CARTESIAN_POINT('',(18.80063806,-7.305212465,11.994787535));
#5023=VERTEX_POINT('',#5022);
#5024=CARTESIAN_POINT('',(18.80063806,-7.305212465,11.994787535));
#5025=DIRECTION('',(0.296727837,-0.675260169,-0.675260169));
#5026=VECTOR('',#5025,6.064014619);
#5027=LINE('',#5024,#5026);
#5028=EDGE_CURVE('',#5023,#5015,#5027,.T.);
#5029=ORIENTED_EDGE('',*,*,#5028,.F.);
#5030=CARTESIAN_POINT('',(18.961379643,-7.500796051,11.62898974));
#5031=DIRECTION('',(-0.361332176,0.439653768,0.822279529));
#5032=VECTOR('',#5031,0.444858205);
#5033=LINE('',#5030,#5032);
#5034=EDGE_CURVE('',#5005,#5023,#5033,.T.);
#5035=ORIENTED_EDGE('',*,*,#5034,.F.);
#5036=EDGE_LOOP('',(#5013,#5021,#5029,#5035));
#5037=FACE_BOUND('',#5036,.T.);
#5038=ADVANCED_FACE('',(#5037),#5003,.F.);
#5039=CARTESIAN_POINT('',(2.552302665,-11.230131728,0.));
#5040=DIRECTION('',(0.221621104,-0.975132856,0.));
#5041=DIRECTION('',(0.,0.,-1.));
#5042=AXIS2_PLACEMENT_3D('',#5039,#5040,#5041);
#5043=PLANE('',#5042);
#5044=ORIENTED_EDGE('',*,*,#5012,.F.);
#5045=CARTESIAN_POINT('',(24.288648441,-6.290053142,8.32949274));
#5046=VERTEX_POINT('',#5045);
#5047=CARTESIAN_POINT('',(24.288648441,-6.290053142,8.32949274));
#5048=DIRECTION('',(-0.834708357,-0.189706445,0.516984936));
#5049=VECTOR('',#5048,6.382191763);
#5050=LINE('',#5047,#5049);
#5051=EDGE_CURVE('',#5046,#5005,#5050,.T.);
#5052=ORIENTED_EDGE('',*,*,#5051,.F.);
#5053=CARTESIAN_POINT('',(24.288648441,-6.290053142,-9.61751492));
#5054=VERTEX_POINT('',#5053);
#5055=CARTESIAN_POINT('',(24.288648441,-6.290053142,-9.61751492));
#5056=DIRECTION('',(-0.,-0.,1.));
#5057=VECTOR('',#5056,17.94700766);
#5058=LINE('',#5055,#5057);
#5059=EDGE_CURVE('',#5054,#5046,#5058,.T.);
#5060=ORIENTED_EDGE('',*,*,#5059,.F.);
#5061=CARTESIAN_POINT('',(21.879443111,-6.837599808,-7.141387219));
#5062=VERTEX_POINT('',#5061);
#5063=CARTESIAN_POINT('',(24.288648441,-6.290053142,-9.61751492));
#5064=DIRECTION('',(-0.688758151,-0.156535943,0.707890322));
#5065=VECTOR('',#5064,3.497897378);
#5066=LINE('',#5063,#5065);
#5067=EDGE_CURVE('',#5054,#5062,#5066,.T.);
#5068=ORIENTED_EDGE('',*,*,#5067,.T.);
#5069=CARTESIAN_POINT('',(21.396993803,-6.947247378,-6.948482404));
#5070=VERTEX_POINT('',#5069);
#5071=CARTESIAN_POINT('',(21.879443111,-6.837599808,-7.141387219));
#5072=DIRECTION('',(-0.908517184,-0.206481178,0.363265812));
#5073=VECTOR('',#5072,0.531029369);
#5074=LINE('',#5071,#5073);
#5075=EDGE_CURVE('',#5062,#5070,#5074,.T.);
#5076=ORIENTED_EDGE('',*,*,#5075,.T.);
#5077=CARTESIAN_POINT('',(20.6,-7.128382334,-7.145599856));
#5078=VERTEX_POINT('',#5077);
#5079=CARTESIAN_POINT('',(21.396993803,-6.947247378,-6.948482404));
#5080=DIRECTION('',(-0.947953262,-0.215443923,-0.234453681));
#5081=VECTOR('',#5080,0.840752213);
#5082=LINE('',#5079,#5081);
#5083=EDGE_CURVE('',#5070,#5078,#5082,.T.);
#5084=ORIENTED_EDGE('',*,*,#5083,.T.);
#5085=CARTESIAN_POINT('',(20.6,-7.128382334,7.9));
#5086=DIRECTION('',(-0.,-0.,-1.));
#5087=VECTOR('',#5086,15.045599856);
#5088=LINE('',#5085,#5087);
#5089=EDGE_CURVE('',#5007,#5078,#5088,.T.);
#5090=ORIENTED_EDGE('',*,*,#5089,.F.);
#5091=EDGE_LOOP('',(#5044,#5052,#5060,#5068,#5076,#5084,#5090));
#5092=FACE_BOUND('',#5091,.T.);
#5093=ADVANCED_FACE('',(#5092),#5043,.F.);
#5094=CARTESIAN_POINT('',(-2.6,-0.304788434,0.280075858));
#5095=DIRECTION('',(0.,-0.736327521,0.676625289));
#5096=DIRECTION('',(0.,-0.676625289,-0.736327521));
#5097=AXIS2_PLACEMENT_3D('',#5094,#5095,#5096);
#5098=PLANE('',#5097);
#5099=CARTESIAN_POINT('',(20.6,-9.7,-9.944124963));
#5100=VERTEX_POINT('',#5099);
#5101=CARTESIAN_POINT('',(20.6,-9.7,-9.944124963));
#5102=DIRECTION('',(0.,0.676625289,0.736327521));
#5103=VECTOR('',#5102,3.800652602);
#5104=LINE('',#5101,#5103);
#5105=EDGE_CURVE('',#5100,#5078,#5104,.T.);
#5106=ORIENTED_EDGE('',*,*,#5105,.T.);
#5107=ORIENTED_EDGE('',*,*,#5083,.F.);
#5108=CARTESIAN_POINT('',(24.254241196,-9.645758804,-9.88509778));
#5109=VERTEX_POINT('',#5108);
#5110=CARTESIAN_POINT('',(24.254241196,-9.645758804,-9.88509778));
#5111=DIRECTION('',(-0.582390097,0.550035092,0.5985676));
#5112=VECTOR('',#5111,4.906071386);
#5113=LINE('',#5110,#5112);
#5114=EDGE_CURVE('',#5109,#5070,#5113,.T.);
#5115=ORIENTED_EDGE('',*,*,#5114,.F.);
#5116=CARTESIAN_POINT('',(24.2,-9.7,-9.944124963));
#5117=VERTEX_POINT('',#5116);
#5118=CARTESIAN_POINT('',(24.2,-9.7,-9.944124963));
#5119=DIRECTION('',(0.560397267,0.560397267,0.609844084));
#5120=VECTOR('',#5119,0.096790614);
#5121=LINE('',#5118,#5120);
#5122=EDGE_CURVE('',#5117,#5109,#5121,.T.);
#5123=ORIENTED_EDGE('',*,*,#5122,.F.);
#5124=CARTESIAN_POINT('',(24.2,-9.7,-9.944124963));
#5125=DIRECTION('',(-1.,0.,0.));
#5126=VECTOR('',#5125,3.6);
#5127=LINE('',#5124,#5126);
#5128=EDGE_CURVE('',#5117,#5100,#5127,.T.);
#5129=ORIENTED_EDGE('',*,*,#5128,.T.);
#5130=EDGE_LOOP('',(#5106,#5107,#5115,#5123,#5129));
#5131=FACE_BOUND('',#5130,.T.);
#5132=ADVANCED_FACE('',(#5131),#5098,.F.);
#5133=CARTESIAN_POINT('',(8.610049725,5.129310918,6.193654565));
#5134=DIRECTION('',(-0.417740554,0.429165254,-0.80081834));
#5135=DIRECTION('',(-0.582390097,0.550035092,0.5985676));
#5136=AXIS2_PLACEMENT_3D('',#5133,#5134,#5135);
#5137=PLANE('',#5136);
#5138=CARTESIAN_POINT('',(24.544963895,-9.355036105,-9.880950248));
#5139=VERTEX_POINT('',#5138);
#5140=CARTESIAN_POINT('',(21.879443111,-6.837599808,-7.141387219));
#5141=DIRECTION('',(0.582390097,-0.550035092,-0.5985676));
#5142=VECTOR('',#5141,4.576864882);
#5143=LINE('',#5140,#5142);
#5144=EDGE_CURVE('',#5062,#5139,#5143,.T.);
#5145=ORIENTED_EDGE('',*,*,#5144,.T.);
#5146=CARTESIAN_POINT('',(24.254241196,-9.645758804,-9.88509778));
#5147=DIRECTION('',(0.707070805,0.707070805,0.010087272));
#5148=VECTOR('',#5147,0.411164904);
#5149=LINE('',#5146,#5148);
#5150=EDGE_CURVE('',#5109,#5139,#5149,.T.);
#5151=ORIENTED_EDGE('',*,*,#5150,.F.);
#5152=ORIENTED_EDGE('',*,*,#5114,.T.);
#5153=ORIENTED_EDGE('',*,*,#5075,.F.);
#5154=EDGE_LOOP('',(#5145,#5151,#5152,#5153));
#5155=FACE_BOUND('',#5154,.T.);
#5156=ADVANCED_FACE('',(#5155),#5137,.T.);
#5157=CARTESIAN_POINT('',(6.405639716,-0.,8.762244048));
#5158=DIRECTION('',(0.716725931,-0.,0.69735496));
#5159=DIRECTION('',(0.,-1.,-0.));
#5160=AXIS2_PLACEMENT_3D('',#5157,#5158,#5159);
#5161=PLANE('',#5160);
#5162=CARTESIAN_POINT('',(24.6,-5.9,-9.937515133));
#5163=VERTEX_POINT('',#5162);
#5164=CARTESIAN_POINT('',(24.288648441,-6.290053142,-9.61751492));
#5165=DIRECTION('',(0.525169965,0.657919286,-0.53975802));
#5166=VECTOR('',#5165,0.592858654);
#5167=LINE('',#5164,#5166);
#5168=EDGE_CURVE('',#5054,#5163,#5167,.T.);
#5169=ORIENTED_EDGE('',*,*,#5168,.T.);
#5170=CARTESIAN_POINT('',(24.6,-9.3,-9.937515133));
#5171=VERTEX_POINT('',#5170);
#5172=CARTESIAN_POINT('',(24.6,-5.9,-9.937515133));
#5173=DIRECTION('',(0.,-1.,-0.));
#5174=VECTOR('',#5173,3.4);
#5175=LINE('',#5172,#5174);
#5176=EDGE_CURVE('',#5163,#5171,#5175,.T.);
#5177=ORIENTED_EDGE('',*,*,#5176,.T.);
#5178=CARTESIAN_POINT('',(24.544963895,-9.355036105,-9.880950248));
#5179=DIRECTION('',(0.572005335,0.572005335,-0.587894372));
#5180=VECTOR('',#5179,0.096216069);
#5181=LINE('',#5178,#5180);
#5182=EDGE_CURVE('',#5139,#5171,#5181,.T.);
#5183=ORIENTED_EDGE('',*,*,#5182,.F.);
#5184=ORIENTED_EDGE('',*,*,#5144,.F.);
#5185=ORIENTED_EDGE('',*,*,#5067,.F.);
#5186=EDGE_LOOP('',(#5169,#5177,#5183,#5184,#5185));
#5187=FACE_BOUND('',#5186,.T.);
#5188=ADVANCED_FACE('',(#5187),#5161,.F.);
#5189=CARTESIAN_POINT('',(24.288648441,-6.290053142,0.));
#5190=DIRECTION('',(-0.781543698,0.623850501,0.));
#5191=DIRECTION('',(0.,0.,1.));
#5192=AXIS2_PLACEMENT_3D('',#5189,#5190,#5191);
#5193=PLANE('',#5192);
#5194=ORIENTED_EDGE('',*,*,#5059,.T.);
#5195=CARTESIAN_POINT('',(24.6,-5.9,8.502886972));
#5196=VERTEX_POINT('',#5195);
#5197=CARTESIAN_POINT('',(24.288648441,-6.290053142,8.32949274));
#5198=DIRECTION('',(0.589297654,0.738256788,0.328184689));
#5199=VECTOR('',#5198,0.528343455);
#5200=LINE('',#5197,#5199);
#5201=EDGE_CURVE('',#5046,#5196,#5200,.T.);
#5202=ORIENTED_EDGE('',*,*,#5201,.T.);
#5203=CARTESIAN_POINT('',(24.6,-5.9,8.502886972));
#5204=DIRECTION('',(0.,0.,-1.));
#5205=VECTOR('',#5204,18.440402106);
#5206=LINE('',#5203,#5205);
#5207=EDGE_CURVE('',#5196,#5163,#5206,.T.);
#5208=ORIENTED_EDGE('',*,*,#5207,.T.);
#5209=ORIENTED_EDGE('',*,*,#5168,.F.);
#5210=EDGE_LOOP('',(#5194,#5202,#5208,#5209));
#5211=FACE_BOUND('',#5210,.T.);
#5212=ADVANCED_FACE('',(#5211),#5193,.T.);
#5213=CARTESIAN_POINT('',(12.07826013,-8.70280875,16.307720344));
#5214=DIRECTION('',(-0.500630015,0.652501829,-0.568868132));
#5215=DIRECTION('',(0.834708357,0.189706445,-0.516984936));
#5216=AXIS2_PLACEMENT_3D('',#5213,#5214,#5215);
#5217=PLANE('',#5216);
#5218=ORIENTED_EDGE('',*,*,#5034,.T.);
#5219=CARTESIAN_POINT('',(18.80063806,-7.305212465,11.994787535));
#5220=DIRECTION('',(-0.117311418,-0.702224334,-0.702224334));
#5221=VECTOR('',#5220,0.064218197);
#5222=LINE('',#5219,#5221);
#5223=EDGE_CURVE('',#5023,#4983,#5222,.T.);
#5224=ORIENTED_EDGE('',*,*,#5223,.T.);
#5225=ORIENTED_EDGE('',*,*,#4988,.T.);
#5226=CARTESIAN_POINT('',(24.6,-5.856958779,8.552256015));
#5227=VERTEX_POINT('',#5226);
#5228=CARTESIAN_POINT('',(18.710462075,-7.195490126,12.2));
#5229=DIRECTION('',(0.834708357,0.189706445,-0.516984936));
#5230=VECTOR('',#5229,7.055803237);
#5231=LINE('',#5228,#5230);
#5232=EDGE_CURVE('',#4975,#5227,#5231,.T.);
#5233=ORIENTED_EDGE('',*,*,#5232,.T.);
#5234=CARTESIAN_POINT('',(24.6,-5.856958779,8.552256015));
#5235=DIRECTION('',(-0.,-0.657148579,-0.753761066));
#5236=VECTOR('',#5235,0.06549694);
#5237=LINE('',#5234,#5236);
#5238=EDGE_CURVE('',#5227,#5196,#5237,.T.);
#5239=ORIENTED_EDGE('',*,*,#5238,.T.);
#5240=ORIENTED_EDGE('',*,*,#5201,.F.);
#5241=ORIENTED_EDGE('',*,*,#5051,.T.);
#5242=EDGE_LOOP('',(#5218,#5224,#5225,#5233,#5239,#5240,#5241));
#5243=FACE_BOUND('',#5242,.T.);
#5244=ADVANCED_FACE('',(#5243),#5217,.T.);
#5245=CARTESIAN_POINT('',(10.648727453,0.,17.193115648));
#5246=DIRECTION('',(0.526546571,0.,0.850146286));
#5247=DIRECTION('',(0.,-1.,0.));
#5248=AXIS2_PLACEMENT_3D('',#5245,#5246,#5247);
#5249=PLANE('',#5248);
#5250=ORIENTED_EDGE('',*,*,#4956,.F.);
#5251=CARTESIAN_POINT('',(24.6,5.856958779,8.552256015));
#5252=VERTEX_POINT('',#5251);
#5253=CARTESIAN_POINT('',(24.6,5.856958779,8.552256015));
#5254=DIRECTION('',(-0.834708357,0.189706445,0.516984936));
#5255=VECTOR('',#5254,7.055803237);
#5256=LINE('',#5253,#5255);
#5257=EDGE_CURVE('',#5252,#4941,#5256,.T.);
#5258=ORIENTED_EDGE('',*,*,#5257,.F.);
#5259=CARTESIAN_POINT('',(24.6,5.856958779,8.552256015));
#5260=DIRECTION('',(0.,-1.,0.));
#5261=VECTOR('',#5260,11.713917558);
#5262=LINE('',#5259,#5261);
#5263=EDGE_CURVE('',#5252,#5227,#5262,.T.);
#5264=ORIENTED_EDGE('',*,*,#5263,.T.);
#5265=ORIENTED_EDGE('',*,*,#5232,.F.);
#5266=ORIENTED_EDGE('',*,*,#4980,.F.);
#5267=CARTESIAN_POINT('',(18.710462075,7.1,12.2));
#5268=DIRECTION('',(0.,-1.,0.));
#5269=VECTOR('',#5268,14.2);
#5270=LINE('',#5267,#5269);
#5271=EDGE_CURVE('',#4951,#4973,#5270,.T.);
#5272=ORIENTED_EDGE('',*,*,#5271,.F.);
#5273=EDGE_LOOP('',(#5250,#5258,#5264,#5265,#5266,#5272));
#5274=FACE_BOUND('',#5273,.T.);
#5275=ADVANCED_FACE('',(#5274),#5249,.F.);
#5276=CARTESIAN_POINT('',(12.07826013,8.70280875,16.307720344));
#5277=DIRECTION('',(-0.500630015,-0.652501829,-0.568868132));
#5278=DIRECTION('',(-0.834708357,0.189706445,0.516984936));
#5279=AXIS2_PLACEMENT_3D('',#5276,#5277,#5278);
#5280=PLANE('',#5279);
#5281=CARTESIAN_POINT('',(18.80063806,7.305212465,11.994787535));
#5282=VERTEX_POINT('',#5281);
#5283=CARTESIAN_POINT('',(18.961379643,7.500796051,11.62898974));
#5284=VERTEX_POINT('',#5283);
#5285=CARTESIAN_POINT('',(18.80063806,7.305212465,11.994787535));
#5286=DIRECTION('',(0.361332176,0.439653768,-0.822279529));
#5287=VECTOR('',#5286,0.444858205);
#5288=LINE('',#5285,#5287);
#5289=EDGE_CURVE('',#5282,#5284,#5288,.T.);
#5290=ORIENTED_EDGE('',*,*,#5289,.T.);
#5291=CARTESIAN_POINT('',(24.288648441,6.290053142,8.32949274));
#5292=VERTEX_POINT('',#5291);
#5293=CARTESIAN_POINT('',(18.961379643,7.500796051,11.62898974));
#5294=DIRECTION('',(0.834708357,-0.189706445,-0.516984936));
#5295=VECTOR('',#5294,6.382191763);
#5296=LINE('',#5293,#5295);
#5297=EDGE_CURVE('',#5284,#5292,#5296,.T.);
#5298=ORIENTED_EDGE('',*,*,#5297,.T.);
#5299=CARTESIAN_POINT('',(24.6,5.9,8.502886972));
#5300=VERTEX_POINT('',#5299);
#5301=CARTESIAN_POINT('',(24.6,5.9,8.502886972));
#5302=DIRECTION('',(-0.589297654,0.738256788,-0.328184689));
#5303=VECTOR('',#5302,0.528343455);
#5304=LINE('',#5301,#5303);
#5305=EDGE_CURVE('',#5300,#5292,#5304,.T.);
#5306=ORIENTED_EDGE('',*,*,#5305,.F.);
#5307=CARTESIAN_POINT('',(24.6,5.9,8.502886972));
#5308=DIRECTION('',(-0.,-0.657148579,0.753761066));
#5309=VECTOR('',#5308,0.06549694);
#5310=LINE('',#5307,#5309);
#5311=EDGE_CURVE('',#5300,#5252,#5310,.T.);
#5312=ORIENTED_EDGE('',*,*,#5311,.T.);
#5313=ORIENTED_EDGE('',*,*,#5257,.T.);
#5314=ORIENTED_EDGE('',*,*,#4948,.T.);
#5315=CARTESIAN_POINT('',(18.793104532,7.350308046,11.949691954));
#5316=DIRECTION('',(0.117311418,-0.702224334,0.702224334));
#5317=VECTOR('',#5316,0.064218197);
#5318=LINE('',#5315,#5317);
#5319=EDGE_CURVE('',#4943,#5282,#5318,.T.);
#5320=ORIENTED_EDGE('',*,*,#5319,.T.);
#5321=EDGE_LOOP('',(#5290,#5298,#5306,#5312,#5313,#5314,#5320));
#5322=FACE_BOUND('',#5321,.T.);
#5323=ADVANCED_FACE('',(#5322),#5280,.T.);
#5324=CARTESIAN_POINT('',(24.6,5.9,0.));
#5325=DIRECTION('',(-0.781543698,-0.623850501,0.));
#5326=DIRECTION('',(0.,0.,1.));
#5327=AXIS2_PLACEMENT_3D('',#5324,#5325,#5326);
#5328=PLANE('',#5327);
#5329=CARTESIAN_POINT('',(24.6,5.9,-9.937515133));
#5330=VERTEX_POINT('',#5329);
#5331=CARTESIAN_POINT('',(24.6,5.9,-9.937515133));
#5332=DIRECTION('',(0.,0.,1.));
#5333=VECTOR('',#5332,18.440402106);
#5334=LINE('',#5331,#5333);
#5335=EDGE_CURVE('',#5330,#5300,#5334,.T.);
#5336=ORIENTED_EDGE('',*,*,#5335,.T.);
#5337=ORIENTED_EDGE('',*,*,#5305,.T.);
#5338=CARTESIAN_POINT('',(24.288648441,6.290053142,-9.61751492));
#5339=VERTEX_POINT('',#5338);
#5340=CARTESIAN_POINT('',(24.288648441,6.290053142,8.32949274));
#5341=DIRECTION('',(0.,0.,-1.));
#5342=VECTOR('',#5341,17.94700766);
#5343=LINE('',#5340,#5342);
#5344=EDGE_CURVE('',#5292,#5339,#5343,.T.);
#5345=ORIENTED_EDGE('',*,*,#5344,.T.);
#5346=CARTESIAN_POINT('',(24.6,5.9,-9.937515133));
#5347=DIRECTION('',(-0.525169965,0.657919286,0.53975802));
#5348=VECTOR('',#5347,0.592858654);
#5349=LINE('',#5346,#5348);
#5350=EDGE_CURVE('',#5330,#5339,#5349,.T.);
#5351=ORIENTED_EDGE('',*,*,#5350,.F.);
#5352=EDGE_LOOP('',(#5336,#5337,#5345,#5351));
#5353=FACE_BOUND('',#5352,.T.);
#5354=ADVANCED_FACE('',(#5353),#5328,.T.);
#5355=CARTESIAN_POINT('',(6.405639716,-0.,8.762244048));
#5356=DIRECTION('',(0.716725931,-0.,0.69735496));
#5357=DIRECTION('',(0.,-1.,-0.));
#5358=AXIS2_PLACEMENT_3D('',#5355,#5356,#5357);
#5359=PLANE('',#5358);
#5360=CARTESIAN_POINT('',(21.879443111,6.837599808,-7.141387219));
#5361=VERTEX_POINT('',#5360);
#5362=CARTESIAN_POINT('',(24.288648441,6.290053142,-9.61751492));
#5363=DIRECTION('',(-0.688758151,0.156535943,0.707890322));
#5364=VECTOR('',#5363,3.497897378);
#5365=LINE('',#5362,#5364);
#5366=EDGE_CURVE('',#5339,#5361,#5365,.T.);
#5367=ORIENTED_EDGE('',*,*,#5366,.T.);
#5368=CARTESIAN_POINT('',(24.544963895,9.355036105,-9.880950248));
#5369=VERTEX_POINT('',#5368);
#5370=CARTESIAN_POINT('',(24.544963895,9.355036105,-9.880950248));
#5371=DIRECTION('',(-0.582390097,-0.550035092,0.5985676));
#5372=VECTOR('',#5371,4.576864882);
#5373=LINE('',#5370,#5372);
#5374=EDGE_CURVE('',#5369,#5361,#5373,.T.);
#5375=ORIENTED_EDGE('',*,*,#5374,.F.);
#5376=CARTESIAN_POINT('',(24.6,9.3,-9.937515133));
#5377=VERTEX_POINT('',#5376);
#5378=CARTESIAN_POINT('',(24.6,9.3,-9.937515133));
#5379=DIRECTION('',(-0.572005335,0.572005335,0.587894372));
#5380=VECTOR('',#5379,0.096216069);
#5381=LINE('',#5378,#5380);
#5382=EDGE_CURVE('',#5377,#5369,#5381,.T.);
#5383=ORIENTED_EDGE('',*,*,#5382,.F.);
#5384=CARTESIAN_POINT('',(24.6,9.3,-9.937515133));
#5385=DIRECTION('',(0.,-1.,-0.));
#5386=VECTOR('',#5385,3.4);
#5387=LINE('',#5384,#5386);
#5388=EDGE_CURVE('',#5377,#5330,#5387,.T.);
#5389=ORIENTED_EDGE('',*,*,#5388,.T.);
#5390=ORIENTED_EDGE('',*,*,#5350,.T.);
#5391=EDGE_LOOP('',(#5367,#5375,#5383,#5389,#5390));
#5392=FACE_BOUND('',#5391,.T.);
#5393=ADVANCED_FACE('',(#5392),#5359,.F.);
#5394=CARTESIAN_POINT('',(8.896740098,-5.423841926,6.201946433));
#5395=DIRECTION('',(-0.417740554,-0.429165254,-0.80081834));
#5396=DIRECTION('',(-0.582390097,-0.550035092,0.5985676));
#5397=AXIS2_PLACEMENT_3D('',#5394,#5395,#5396);
#5398=PLANE('',#5397);
#5399=CARTESIAN_POINT('',(21.396993803,6.947247378,-6.948482404));
#5400=VERTEX_POINT('',#5399);
#5401=CARTESIAN_POINT('',(21.879443111,6.837599808,-7.141387219));
#5402=DIRECTION('',(-0.908517184,0.206481178,0.363265812));
#5403=VECTOR('',#5402,0.531029369);
#5404=LINE('',#5401,#5403);
#5405=EDGE_CURVE('',#5361,#5400,#5404,.T.);
#5406=ORIENTED_EDGE('',*,*,#5405,.T.);
#5407=CARTESIAN_POINT('',(24.254241196,9.645758804,-9.88509778));
#5408=VERTEX_POINT('',#5407);
#5409=CARTESIAN_POINT('',(21.396993803,6.947247378,-6.948482404));
#5410=DIRECTION('',(0.582390097,0.550035092,-0.5985676));
#5411=VECTOR('',#5410,4.906071386);
#5412=LINE('',#5409,#5411);
#5413=EDGE_CURVE('',#5400,#5408,#5412,.T.);
#5414=ORIENTED_EDGE('',*,*,#5413,.T.);
#5415=CARTESIAN_POINT('',(24.254241196,9.645758804,-9.88509778));
#5416=DIRECTION('',(0.707070805,-0.707070805,0.010087272));
#5417=VECTOR('',#5416,0.411164904);
#5418=LINE('',#5415,#5417);
#5419=EDGE_CURVE('',#5408,#5369,#5418,.T.);
#5420=ORIENTED_EDGE('',*,*,#5419,.T.);
#5421=ORIENTED_EDGE('',*,*,#5374,.T.);
#5422=EDGE_LOOP('',(#5406,#5414,#5420,#5421));
#5423=FACE_BOUND('',#5422,.T.);
#5424=ADVANCED_FACE('',(#5423),#5398,.T.);
#5425=CARTESIAN_POINT('',(-2.6,0.304788434,0.280075858));
#5426=DIRECTION('',(0.,0.736327521,0.676625289));
#5427=DIRECTION('',(0.,-0.676625289,0.736327521));
#5428=AXIS2_PLACEMENT_3D('',#5425,#5426,#5427);
#5429=PLANE('',#5428);
#5430=CARTESIAN_POINT('',(20.6,7.128382334,-7.145599856));
#5431=VERTEX_POINT('',#5430);
#5432=CARTESIAN_POINT('',(20.6,9.7,-9.944124963));
#5433=VERTEX_POINT('',#5432);
#5434=CARTESIAN_POINT('',(20.6,7.128382334,-7.145599856));
#5435=DIRECTION('',(0.,0.676625289,-0.736327521));
#5436=VECTOR('',#5435,3.800652602);
#5437=LINE('',#5434,#5436);
#5438=EDGE_CURVE('',#5431,#5433,#5437,.T.);
#5439=ORIENTED_EDGE('',*,*,#5438,.T.);
#5440=CARTESIAN_POINT('',(24.2,9.7,-9.944124963));
#5441=VERTEX_POINT('',#5440);
#5442=CARTESIAN_POINT('',(24.2,9.7,-9.944124963));
#5443=DIRECTION('',(-1.,0.,0.));
#5444=VECTOR('',#5443,3.6);
#5445=LINE('',#5442,#5444);
#5446=EDGE_CURVE('',#5441,#5433,#5445,.T.);
#5447=ORIENTED_EDGE('',*,*,#5446,.F.);
#5448=CARTESIAN_POINT('',(24.254241196,9.645758804,-9.88509778));
#5449=DIRECTION('',(-0.560397267,0.560397267,-0.609844084));
#5450=VECTOR('',#5449,0.096790614);
#5451=LINE('',#5448,#5450);
#5452=EDGE_CURVE('',#5408,#5441,#5451,.T.);
#5453=ORIENTED_EDGE('',*,*,#5452,.F.);
#5454=ORIENTED_EDGE('',*,*,#5413,.F.);
#5455=CARTESIAN_POINT('',(21.396993803,6.947247378,-6.948482404));
#5456=DIRECTION('',(-0.947953262,0.215443923,-0.234453681));
#5457=VECTOR('',#5456,0.840752213);
#5458=LINE('',#5455,#5457);
#5459=EDGE_CURVE('',#5400,#5431,#5458,.T.);
#5460=ORIENTED_EDGE('',*,*,#5459,.T.);
#5461=EDGE_LOOP('',(#5439,#5447,#5453,#5454,#5460));
#5462=FACE_BOUND('',#5461,.T.);
#5463=ADVANCED_FACE('',(#5462),#5429,.F.);
#5464=CARTESIAN_POINT('',(2.552302665,11.230131728,0.));
#5465=DIRECTION('',(0.221621104,0.975132856,0.));
#5466=DIRECTION('',(0.,0.,1.));
#5467=AXIS2_PLACEMENT_3D('',#5464,#5465,#5466);
#5468=PLANE('',#5467);
#5469=CARTESIAN_POINT('',(20.6,7.128382334,7.9));
#5470=VERTEX_POINT('',#5469);
#5471=CARTESIAN_POINT('',(20.6,7.128382334,7.9));
#5472=DIRECTION('',(0.,0.,-1.));
#5473=VECTOR('',#5472,15.045599856);
#5474=LINE('',#5471,#5473);
#5475=EDGE_CURVE('',#5470,#5431,#5474,.T.);
#5476=ORIENTED_EDGE('',*,*,#5475,.T.);
#5477=ORIENTED_EDGE('',*,*,#5459,.F.);
#5478=ORIENTED_EDGE('',*,*,#5405,.F.);
#5479=ORIENTED_EDGE('',*,*,#5366,.F.);
#5480=ORIENTED_EDGE('',*,*,#5344,.F.);
#5481=ORIENTED_EDGE('',*,*,#5297,.F.);
#5482=CARTESIAN_POINT('',(18.961379643,7.500796051,11.62898974));
#5483=DIRECTION('',(0.400628303,-0.091051887,-0.91170528));
#5484=VECTOR('',#5483,4.090126298);
#5485=LINE('',#5482,#5484);
#5486=EDGE_CURVE('',#5284,#5470,#5485,.T.);
#5487=ORIENTED_EDGE('',*,*,#5486,.T.);
#5488=EDGE_LOOP('',(#5476,#5477,#5478,#5479,#5480,#5481,#5487));
#5489=FACE_BOUND('',#5488,.T.);
#5490=ADVANCED_FACE('',(#5489),#5468,.F.);
#5491=CARTESIAN_POINT('',(20.175633264,0.,8.865726561));
#5492=DIRECTION('',(0.915508163,0.,0.402299394));
#5493=DIRECTION('',(0.,-1.,0.));
#5494=AXIS2_PLACEMENT_3D('',#5491,#5492,#5493);
#5495=PLANE('',#5494);
#5496=CARTESIAN_POINT('',(20.6,11.4,7.9));
#5497=VERTEX_POINT('',#5496);
#5498=CARTESIAN_POINT('',(20.6,11.4,7.9));
#5499=DIRECTION('',(-0.296727837,-0.675260169,0.675260169));
#5500=VECTOR('',#5499,6.064014619);
#5501=LINE('',#5498,#5500);
#5502=EDGE_CURVE('',#5497,#5282,#5501,.T.);
#5503=ORIENTED_EDGE('',*,*,#5502,.F.);
#5504=CARTESIAN_POINT('',(20.6,11.4,7.9));
#5505=DIRECTION('',(0.,-1.,0.));
#5506=VECTOR('',#5505,4.271617666);
#5507=LINE('',#5504,#5506);
#5508=EDGE_CURVE('',#5497,#5470,#5507,.T.);
#5509=ORIENTED_EDGE('',*,*,#5508,.T.);
#5510=ORIENTED_EDGE('',*,*,#5486,.F.);
#5511=ORIENTED_EDGE('',*,*,#5289,.F.);
#5512=EDGE_LOOP('',(#5503,#5509,#5510,#5511));
#5513=FACE_BOUND('',#5512,.T.);
#5514=ADVANCED_FACE('',(#5513),#5495,.F.);
#5515=CARTESIAN_POINT('',(19.4,8.3,11.));
#5516=DIRECTION('',(0.,0.707106781,0.707106781));
#5517=DIRECTION('',(1.,0.,0.));
#5518=AXIS2_PLACEMENT_3D('',#5515,#5516,#5517);
#5519=PLANE('',#5518);
#5520=ORIENTED_EDGE('',*,*,#4962,.T.);
#5521=CARTESIAN_POINT('',(18.2,7.1,12.2));
#5522=VERTEX_POINT('',#5521);
#5523=CARTESIAN_POINT('',(18.710462075,7.1,12.2));
#5524=DIRECTION('',(-1.,0.,0.));
#5525=VECTOR('',#5524,0.510462075);
#5526=LINE('',#5523,#5525);
#5527=EDGE_CURVE('',#4951,#5522,#5526,.T.);
#5528=ORIENTED_EDGE('',*,*,#5527,.T.);
#5529=CARTESIAN_POINT('',(18.2,11.4,7.9));
#5530=VERTEX_POINT('',#5529);
#5531=CARTESIAN_POINT('',(18.2,7.1,12.2));
#5532=DIRECTION('',(0.,0.707106781,-0.707106781));
#5533=VECTOR('',#5532,6.081118318);
#5534=LINE('',#5531,#5533);
#5535=EDGE_CURVE('',#5522,#5530,#5534,.T.);
#5536=ORIENTED_EDGE('',*,*,#5535,.T.);
#5537=CARTESIAN_POINT('',(20.6,11.4,7.9));
#5538=DIRECTION('',(-1.,0.,0.));
#5539=VECTOR('',#5538,2.4);
#5540=LINE('',#5537,#5539);
#5541=EDGE_CURVE('',#5497,#5530,#5540,.T.);
#5542=ORIENTED_EDGE('',*,*,#5541,.F.);
#5543=ORIENTED_EDGE('',*,*,#5502,.T.);
#5544=ORIENTED_EDGE('',*,*,#5319,.F.);
#5545=EDGE_LOOP('',(#5520,#5528,#5536,#5542,#5543,#5544));
#5546=FACE_BOUND('',#5545,.T.);
#5547=ADVANCED_FACE('',(#5546),#5519,.F.);
#5548=CARTESIAN_POINT('',(19.4,-11.4,7.9));
#5549=DIRECTION('',(0.,0.707106781,-0.707106781));
#5550=DIRECTION('',(-1.,0.,0.));
#5551=AXIS2_PLACEMENT_3D('',#5548,#5549,#5550);
#5552=PLANE('',#5551);
#5553=ORIENTED_EDGE('',*,*,#5028,.T.);
#5554=CARTESIAN_POINT('',(18.2,-11.4,7.9));
#5555=VERTEX_POINT('',#5554);
#5556=CARTESIAN_POINT('',(20.6,-11.4,7.9));
#5557=DIRECTION('',(-1.,0.,0.));
#5558=VECTOR('',#5557,2.4);
#5559=LINE('',#5556,#5558);
#5560=EDGE_CURVE('',#5015,#5555,#5559,.T.);
#5561=ORIENTED_EDGE('',*,*,#5560,.T.);
#5562=CARTESIAN_POINT('',(18.2,-7.1,12.2));
#5563=VERTEX_POINT('',#5562);
#5564=CARTESIAN_POINT('',(18.2,-11.4,7.9));
#5565=DIRECTION('',(-0.,0.707106781,0.707106781));
#5566=VECTOR('',#5565,6.081118318);
#5567=LINE('',#5564,#5566);
#5568=EDGE_CURVE('',#5555,#5563,#5567,.T.);
#5569=ORIENTED_EDGE('',*,*,#5568,.T.);
#5570=CARTESIAN_POINT('',(18.2,-7.1,12.2));
#5571=DIRECTION('',(1.,-0.,-0.));
#5572=VECTOR('',#5571,0.510462075);
#5573=LINE('',#5570,#5572);
#5574=EDGE_CURVE('',#5563,#4973,#5573,.T.);
#5575=ORIENTED_EDGE('',*,*,#5574,.T.);
#5576=ORIENTED_EDGE('',*,*,#4994,.T.);
#5577=ORIENTED_EDGE('',*,*,#5223,.F.);
#5578=EDGE_LOOP('',(#5553,#5561,#5569,#5575,#5576,#5577));
#5579=FACE_BOUND('',#5578,.T.);
#5580=ADVANCED_FACE('',(#5579),#5552,.T.);
#5581=CARTESIAN_POINT('',(16.8,10.,12.2));
#5582=DIRECTION('',(0.,0.,1.));
#5583=DIRECTION('',(1.,0.,0.));
#5584=AXIS2_PLACEMENT_3D('',#5581,#5582,#5583);
#5585=PLANE('',#5584);
#5586=CARTESIAN_POINT('',(18.2,6.5,12.2));
#5587=VERTEX_POINT('',#5586);
#5588=CARTESIAN_POINT('',(18.2,7.1,12.2));
#5589=DIRECTION('',(0.,-1.,0.));
#5590=VECTOR('',#5589,0.6);
#5591=LINE('',#5588,#5590);
#5592=EDGE_CURVE('',#5522,#5587,#5591,.T.);
#5593=ORIENTED_EDGE('',*,*,#5592,.F.);
#5594=ORIENTED_EDGE('',*,*,#5527,.F.);
#5595=ORIENTED_EDGE('',*,*,#5271,.T.);
#5596=ORIENTED_EDGE('',*,*,#5574,.F.);
#5597=CARTESIAN_POINT('',(18.2,-6.5,12.2));
#5598=VERTEX_POINT('',#5597);
#5599=CARTESIAN_POINT('',(18.2,-6.5,12.2));
#5600=DIRECTION('',(0.,-1.,0.));
#5601=VECTOR('',#5600,0.6);
#5602=LINE('',#5599,#5601);
#5603=EDGE_CURVE('',#5598,#5563,#5602,.T.);
#5604=ORIENTED_EDGE('',*,*,#5603,.F.);
#5605=CARTESIAN_POINT('',(14.9,-6.5,12.2));
#5606=VERTEX_POINT('',#5605);
#5607=CARTESIAN_POINT('',(14.9,-6.5,12.2));
#5608=DIRECTION('',(1.,0.,-0.));
#5609=VECTOR('',#5608,3.3);
#5610=LINE('',#5607,#5609);
#5611=EDGE_CURVE('',#5606,#5598,#5610,.T.);
#5612=ORIENTED_EDGE('',*,*,#5611,.F.);
#5613=CARTESIAN_POINT('',(14.9,6.5,12.2));
#5614=VERTEX_POINT('',#5613);
#5615=CARTESIAN_POINT('',(14.9,6.5,12.2));
#5616=DIRECTION('',(0.,-1.,0.));
#5617=VECTOR('',#5616,13.);
#5618=LINE('',#5615,#5617);
#5619=EDGE_CURVE('',#5614,#5606,#5618,.T.);
#5620=ORIENTED_EDGE('',*,*,#5619,.F.);
#5621=CARTESIAN_POINT('',(18.2,6.5,12.2));
#5622=DIRECTION('',(-1.,0.,0.));
#5623=VECTOR('',#5622,3.3);
#5624=LINE('',#5621,#5623);
#5625=EDGE_CURVE('',#5587,#5614,#5624,.T.);
#5626=ORIENTED_EDGE('',*,*,#5625,.F.);
#5627=EDGE_LOOP('',(#5593,#5594,#5595,#5596,#5604,#5612,#5620,#5626));
#5628=FACE_BOUND('',#5627,.T.);
#5629=ADVANCED_FACE('',(#5628),#5585,.F.);
#5630=CARTESIAN_POINT('',(16.8,6.5,12.2));
#5631=DIRECTION('',(0.,-0.707106781,-0.707106781));
#5632=DIRECTION('',(-1.,0.,0.));
#5633=AXIS2_PLACEMENT_3D('',#5630,#5631,#5632);
#5634=PLANE('',#5633);
#5635=CARTESIAN_POINT('',(18.2,10.,8.7));
#5636=VERTEX_POINT('',#5635);
#5637=CARTESIAN_POINT('',(18.2,10.,8.7));
#5638=DIRECTION('',(-0.,-0.707106781,0.707106781));
#5639=VECTOR('',#5638,4.949747468);
#5640=LINE('',#5637,#5639);
#5641=EDGE_CURVE('',#5636,#5587,#5640,.T.);
#5642=ORIENTED_EDGE('',*,*,#5641,.T.);
#5643=ORIENTED_EDGE('',*,*,#5625,.T.);
#5644=CARTESIAN_POINT('',(14.9,10.,8.7));
#5645=VERTEX_POINT('',#5644);
#5646=CARTESIAN_POINT('',(14.9,6.5,12.2));
#5647=DIRECTION('',(-0.,0.707106781,-0.707106781));
#5648=VECTOR('',#5647,4.949747468);
#5649=LINE('',#5646,#5648);
#5650=EDGE_CURVE('',#5614,#5645,#5649,.T.);
#5651=ORIENTED_EDGE('',*,*,#5650,.T.);
#5652=CARTESIAN_POINT('',(14.9,10.,8.7));
#5653=DIRECTION('',(1.,0.,-0.));
#5654=VECTOR('',#5653,3.3);
#5655=LINE('',#5652,#5654);
#5656=EDGE_CURVE('',#5645,#5636,#5655,.T.);
#5657=ORIENTED_EDGE('',*,*,#5656,.T.);
#5658=EDGE_LOOP('',(#5642,#5643,#5651,#5657));
#5659=FACE_BOUND('',#5658,.T.);
#5660=ADVANCED_FACE('',(#5659),#5634,.T.);
#5661=CARTESIAN_POINT('',(0.,-10.,8.7));
#5662=DIRECTION('',(0.,-0.707106781,0.707106781));
#5663=DIRECTION('',(1.,0.,0.));
#5664=AXIS2_PLACEMENT_3D('',#5661,#5662,#5663);
#5665=PLANE('',#5664);
#5666=CARTESIAN_POINT('',(18.2,-10.,8.7));
#5667=VERTEX_POINT('',#5666);
#5668=CARTESIAN_POINT('',(18.2,-6.5,12.2));
#5669=DIRECTION('',(0.,-0.707106781,-0.707106781));
#5670=VECTOR('',#5669,4.949747468);
#5671=LINE('',#5668,#5670);
#5672=EDGE_CURVE('',#5598,#5667,#5671,.T.);
#5673=ORIENTED_EDGE('',*,*,#5672,.T.);
#5674=CARTESIAN_POINT('',(14.9,-10.,8.7));
#5675=VERTEX_POINT('',#5674);
#5676=CARTESIAN_POINT('',(18.2,-10.,8.7));
#5677=DIRECTION('',(-1.,0.,0.));
#5678=VECTOR('',#5677,3.3);
#5679=LINE('',#5676,#5678);
#5680=EDGE_CURVE('',#5667,#5675,#5679,.T.);
#5681=ORIENTED_EDGE('',*,*,#5680,.T.);
#5682=CARTESIAN_POINT('',(14.9,-10.,8.7));
#5683=DIRECTION('',(0.,0.707106781,0.707106781));
#5684=VECTOR('',#5683,4.949747468);
#5685=LINE('',#5682,#5684);
#5686=EDGE_CURVE('',#5675,#5606,#5685,.T.);
#5687=ORIENTED_EDGE('',*,*,#5686,.T.);
#5688=ORIENTED_EDGE('',*,*,#5611,.T.);
#5689=EDGE_LOOP('',(#5673,#5681,#5687,#5688));
#5690=FACE_BOUND('',#5689,.T.);
#5691=ADVANCED_FACE('',(#5690),#5665,.F.);
#5692=CARTESIAN_POINT('',(20.6,11.4,-5.2));
#5693=DIRECTION('',(1.,0.,0.));
#5694=DIRECTION('',(0.,0.,-1.));
#5695=AXIS2_PLACEMENT_3D('',#5692,#5693,#5694);
#5696=PLANE('',#5695);
#5697=ORIENTED_EDGE('',*,*,#5089,.T.);
#5698=ORIENTED_EDGE('',*,*,#5105,.F.);
#5699=CARTESIAN_POINT('',(20.6,-9.7,-14.3));
#5700=VERTEX_POINT('',#5699);
#5701=CARTESIAN_POINT('',(20.6,-9.7,-14.3));
#5702=DIRECTION('',(0.,0.,1.));
#5703=VECTOR('',#5702,4.355875037);
#5704=LINE('',#5701,#5703);
#5705=EDGE_CURVE('',#5700,#5100,#5704,.T.);
#5706=ORIENTED_EDGE('',*,*,#5705,.F.);
#5707=CARTESIAN_POINT('',(20.6,-11.4,-14.3));
#5708=VERTEX_POINT('',#5707);
#5709=CARTESIAN_POINT('',(20.6,-11.4,-14.3));
#5710=DIRECTION('',(0.,1.,0.));
#5711=VECTOR('',#5710,1.7);
#5712=LINE('',#5709,#5711);
#5713=EDGE_CURVE('',#5708,#5700,#5712,.T.);
#5714=ORIENTED_EDGE('',*,*,#5713,.F.);
#5715=CARTESIAN_POINT('',(20.6,-11.4,-14.3));
#5716=DIRECTION('',(0.,0.,1.));
#5717=VECTOR('',#5716,22.2);
#5718=LINE('',#5715,#5717);
#5719=EDGE_CURVE('',#5708,#5015,#5718,.T.);
#5720=ORIENTED_EDGE('',*,*,#5719,.T.);
#5721=ORIENTED_EDGE('',*,*,#5020,.F.);
#5722=EDGE_LOOP('',(#5697,#5698,#5706,#5714,#5720,#5721));
#5723=FACE_BOUND('',#5722,.T.);
#5724=ADVANCED_FACE('',(#5723),#5696,.F.);
#5725=CARTESIAN_POINT('',(22.,-9.7,-15.));
#5726=DIRECTION('',(0.,-1.,0.));
#5727=DIRECTION('',(0.,0.,-1.));
#5728=AXIS2_PLACEMENT_3D('',#5725,#5726,#5727);
#5729=PLANE('',#5728);
#5730=ORIENTED_EDGE('',*,*,#5705,.T.);
#5731=ORIENTED_EDGE('',*,*,#5128,.F.);
#5732=CARTESIAN_POINT('',(24.2,-9.7,-14.3));
#5733=VERTEX_POINT('',#5732);
#5734=CARTESIAN_POINT('',(24.2,-9.7,-14.3));
#5735=DIRECTION('',(0.,0.,1.));
#5736=VECTOR('',#5735,4.355875037);
#5737=LINE('',#5734,#5736);
#5738=EDGE_CURVE('',#5733,#5117,#5737,.T.);
#5739=ORIENTED_EDGE('',*,*,#5738,.F.);
#5740=CARTESIAN_POINT('',(24.2,-9.7,-14.3));
#5741=DIRECTION('',(-1.,0.,0.));
#5742=VECTOR('',#5741,3.6);
#5743=LINE('',#5740,#5742);
#5744=EDGE_CURVE('',#5733,#5700,#5743,.T.);
#5745=ORIENTED_EDGE('',*,*,#5744,.T.);
#5746=EDGE_LOOP('',(#5730,#5731,#5739,#5745));
#5747=FACE_BOUND('',#5746,.T.);
#5748=ADVANCED_FACE('',(#5747),#5729,.F.);
#5749=CARTESIAN_POINT('',(24.2,-9.7,-15.));
#5750=DIRECTION('',(-0.707106781,0.707106781,0.));
#5751=DIRECTION('',(0.,0.,1.));
#5752=AXIS2_PLACEMENT_3D('',#5749,#5750,#5751);
#5753=PLANE('',#5752);
#5754=CARTESIAN_POINT('',(24.6,-9.3,-14.3));
#5755=VERTEX_POINT('',#5754);
#5756=CARTESIAN_POINT('',(24.6,-9.3,-14.3));
#5757=DIRECTION('',(-0.707106781,-0.707106781,-0.));
#5758=VECTOR('',#5757,0.565685425);
#5759=LINE('',#5756,#5758);
#5760=EDGE_CURVE('',#5755,#5733,#5759,.T.);
#5761=ORIENTED_EDGE('',*,*,#5760,.T.);
#5762=ORIENTED_EDGE('',*,*,#5738,.T.);
#5763=ORIENTED_EDGE('',*,*,#5122,.T.);
#5764=ORIENTED_EDGE('',*,*,#5150,.T.);
#5765=ORIENTED_EDGE('',*,*,#5182,.T.);
#5766=CARTESIAN_POINT('',(24.6,-9.3,-9.937515133));
#5767=DIRECTION('',(0.,0.,-1.));
#5768=VECTOR('',#5767,4.362484867);
#5769=LINE('',#5766,#5768);
#5770=EDGE_CURVE('',#5171,#5755,#5769,.T.);
#5771=ORIENTED_EDGE('',*,*,#5770,.T.);
#5772=EDGE_LOOP('',(#5761,#5762,#5763,#5764,#5765,#5771));
#5773=FACE_BOUND('',#5772,.T.);
#5774=ADVANCED_FACE('',(#5773),#5753,.T.);
#5775=CARTESIAN_POINT('',(24.6,0.,-15.));
#5776=DIRECTION('',(1.,0.,0.));
#5777=DIRECTION('',(0.,0.,-1.));
#5778=AXIS2_PLACEMENT_3D('',#5775,#5776,#5777);
#5779=PLANE('',#5778);
#5780=CARTESIAN_POINT('',(24.6,9.3,-14.3));
#5781=VERTEX_POINT('',#5780);
#5782=CARTESIAN_POINT('',(24.6,9.3,-14.3));
#5783=DIRECTION('',(0.,-1.,0.));
#5784=VECTOR('',#5783,18.6);
#5785=LINE('',#5782,#5784);
#5786=EDGE_CURVE('',#5781,#5755,#5785,.T.);
#5787=ORIENTED_EDGE('',*,*,#5786,.T.);
#5788=ORIENTED_EDGE('',*,*,#5770,.F.);
#5789=ORIENTED_EDGE('',*,*,#5176,.F.);
#5790=ORIENTED_EDGE('',*,*,#5207,.F.);
#5791=ORIENTED_EDGE('',*,*,#5238,.F.);
#5792=ORIENTED_EDGE('',*,*,#5263,.F.);
#5793=ORIENTED_EDGE('',*,*,#5311,.F.);
#5794=ORIENTED_EDGE('',*,*,#5335,.F.);
#5795=ORIENTED_EDGE('',*,*,#5388,.F.);
#5796=CARTESIAN_POINT('',(24.6,9.3,-14.3));
#5797=DIRECTION('',(0.,0.,1.));
#5798=VECTOR('',#5797,4.362484867);
#5799=LINE('',#5796,#5798);
#5800=EDGE_CURVE('',#5781,#5377,#5799,.T.);
#5801=ORIENTED_EDGE('',*,*,#5800,.F.);
#5802=EDGE_LOOP('',(#5787,#5788,#5789,#5790,#5791,#5792,#5793,#5794,#5795,#5801));
#5803=FACE_BOUND('',#5802,.T.);
#5804=ADVANCED_FACE('',(#5803),#5779,.F.);
#5805=CARTESIAN_POINT('',(24.6,9.3,-15.));
#5806=DIRECTION('',(-0.707106781,-0.707106781,0.));
#5807=DIRECTION('',(0.,0.,1.));
#5808=AXIS2_PLACEMENT_3D('',#5805,#5806,#5807);
#5809=PLANE('',#5808);
#5810=CARTESIAN_POINT('',(24.2,9.7,-14.3));
#5811=VERTEX_POINT('',#5810);
#5812=CARTESIAN_POINT('',(24.2,9.7,-14.3));
#5813=DIRECTION('',(0.707106781,-0.707106781,-0.));
#5814=VECTOR('',#5813,0.565685425);
#5815=LINE('',#5812,#5814);
#5816=EDGE_CURVE('',#5811,#5781,#5815,.T.);
#5817=ORIENTED_EDGE('',*,*,#5816,.T.);
#5818=ORIENTED_EDGE('',*,*,#5800,.T.);
#5819=ORIENTED_EDGE('',*,*,#5382,.T.);
#5820=ORIENTED_EDGE('',*,*,#5419,.F.);
#5821=ORIENTED_EDGE('',*,*,#5452,.T.);
#5822=CARTESIAN_POINT('',(24.2,9.7,-9.944124963));
#5823=DIRECTION('',(0.,0.,-1.));
#5824=VECTOR('',#5823,4.355875037);
#5825=LINE('',#5822,#5824);
#5826=EDGE_CURVE('',#5441,#5811,#5825,.T.);
#5827=ORIENTED_EDGE('',*,*,#5826,.T.);
#5828=EDGE_LOOP('',(#5817,#5818,#5819,#5820,#5821,#5827));
#5829=FACE_BOUND('',#5828,.T.);
#5830=ADVANCED_FACE('',(#5829),#5809,.T.);
#5831=CARTESIAN_POINT('',(22.,9.7,-15.));
#5832=DIRECTION('',(0.,1.,0.));
#5833=DIRECTION('',(0.,0.,1.));
#5834=AXIS2_PLACEMENT_3D('',#5831,#5832,#5833);
#5835=PLANE('',#5834);
#5836=CARTESIAN_POINT('',(20.6,9.7,-14.3));
#5837=VERTEX_POINT('',#5836);
#5838=CARTESIAN_POINT('',(20.6,9.7,-9.944124963));
#5839=DIRECTION('',(0.,0.,-1.));
#5840=VECTOR('',#5839,4.355875037);
#5841=LINE('',#5838,#5840);
#5842=EDGE_CURVE('',#5433,#5837,#5841,.T.);
#5843=ORIENTED_EDGE('',*,*,#5842,.T.);
#5844=CARTESIAN_POINT('',(20.6,9.7,-14.3));
#5845=DIRECTION('',(1.,0.,-0.));
#5846=VECTOR('',#5845,3.6);
#5847=LINE('',#5844,#5846);
#5848=EDGE_CURVE('',#5837,#5811,#5847,.T.);
#5849=ORIENTED_EDGE('',*,*,#5848,.T.);
#5850=ORIENTED_EDGE('',*,*,#5826,.F.);
#5851=ORIENTED_EDGE('',*,*,#5446,.T.);
#5852=EDGE_LOOP('',(#5843,#5849,#5850,#5851));
#5853=FACE_BOUND('',#5852,.T.);
#5854=ADVANCED_FACE('',(#5853),#5835,.F.);
#5855=CARTESIAN_POINT('',(20.6,11.4,-5.2));
#5856=DIRECTION('',(1.,0.,0.));
#5857=DIRECTION('',(0.,0.,-1.));
#5858=AXIS2_PLACEMENT_3D('',#5855,#5856,#5857);
#5859=PLANE('',#5858);
#5860=ORIENTED_EDGE('',*,*,#5508,.F.);
#5861=CARTESIAN_POINT('',(20.6,11.4,-14.3));
#5862=VERTEX_POINT('',#5861);
#5863=CARTESIAN_POINT('',(20.6,11.4,-14.3));
#5864=DIRECTION('',(0.,0.,1.));
#5865=VECTOR('',#5864,22.2);
#5866=LINE('',#5863,#5865);
#5867=EDGE_CURVE('',#5862,#5497,#5866,.T.);
#5868=ORIENTED_EDGE('',*,*,#5867,.F.);
#5869=CARTESIAN_POINT('',(20.6,9.7,-14.3));
#5870=DIRECTION('',(0.,1.,0.));
#5871=VECTOR('',#5870,1.7);
#5872=LINE('',#5869,#5871);
#5873=EDGE_CURVE('',#5837,#5862,#5872,.T.);
#5874=ORIENTED_EDGE('',*,*,#5873,.F.);
#5875=ORIENTED_EDGE('',*,*,#5842,.F.);
#5876=ORIENTED_EDGE('',*,*,#5438,.F.);
#5877=ORIENTED_EDGE('',*,*,#5475,.F.);
#5878=EDGE_LOOP('',(#5860,#5868,#5874,#5875,#5876,#5877));
#5879=FACE_BOUND('',#5878,.T.);
#5880=ADVANCED_FACE('',(#5879),#5859,.F.);
#5881=CARTESIAN_POINT('',(25.8,0.,-14.3));
#5882=DIRECTION('',(0.,0.,1.));
#5883=DIRECTION('',(1.,0.,0.));
#5884=AXIS2_PLACEMENT_3D('',#5881,#5882,#5883);
#5885=PLANE('',#5884);
#5886=ORIENTED_EDGE('',*,*,#4302,.T.);
#5887=CARTESIAN_POINT('',(19.9,-11.4,-14.3));
#5888=VERTEX_POINT('',#5887);
#5889=CARTESIAN_POINT('',(19.9,-13.,-14.3));
#5890=DIRECTION('',(0.,1.,0.));
#5891=VECTOR('',#5890,1.6);
#5892=LINE('',#5889,#5891);
#5893=EDGE_CURVE('',#4289,#5888,#5892,.T.);
#5894=ORIENTED_EDGE('',*,*,#5893,.T.);
#5895=CARTESIAN_POINT('',(20.6,-11.4,-14.3));
#5896=DIRECTION('',(-1.,0.,0.));
#5897=VECTOR('',#5896,0.7);
#5898=LINE('',#5895,#5897);
#5899=EDGE_CURVE('',#5708,#5888,#5898,.T.);
#5900=ORIENTED_EDGE('',*,*,#5899,.F.);
#5901=ORIENTED_EDGE('',*,*,#5713,.T.);
#5902=ORIENTED_EDGE('',*,*,#5744,.F.);
#5903=ORIENTED_EDGE('',*,*,#5760,.F.);
#5904=ORIENTED_EDGE('',*,*,#5786,.F.);
#5905=ORIENTED_EDGE('',*,*,#5816,.F.);
#5906=ORIENTED_EDGE('',*,*,#5848,.F.);
#5907=ORIENTED_EDGE('',*,*,#5873,.T.);
#5908=CARTESIAN_POINT('',(19.9,11.4,-14.3));
#5909=VERTEX_POINT('',#5908);
#5910=CARTESIAN_POINT('',(20.6,11.4,-14.3));
#5911=DIRECTION('',(-1.,0.,0.));
#5912=VECTOR('',#5911,0.7);
#5913=LINE('',#5910,#5912);
#5914=EDGE_CURVE('',#5862,#5909,#5913,.T.);
#5915=ORIENTED_EDGE('',*,*,#5914,.T.);
#5916=CARTESIAN_POINT('',(19.9,11.4,-14.3));
#5917=DIRECTION('',(0.,1.,0.));
#5918=VECTOR('',#5917,1.6);
#5919=LINE('',#5916,#5918);
#5920=EDGE_CURVE('',#5909,#4323,#5919,.T.);
#5921=ORIENTED_EDGE('',*,*,#5920,.T.);
#5922=ORIENTED_EDGE('',*,*,#4346,.T.);
#5923=ORIENTED_EDGE('',*,*,#4363,.T.);
#5924=ORIENTED_EDGE('',*,*,#4387,.T.);
#5925=ORIENTED_EDGE('',*,*,#4410,.T.);
#5926=EDGE_LOOP('',(#5886,#5894,#5900,#5901,#5902,#5903,#5904,#5905,#5906,#5907,#5915,#5921,#5922,#5923,#5924,#5925));
#5927=FACE_BOUND('',#5926,.T.);
#5928=ADVANCED_FACE('',(#5927),#5885,.F.);
#5929=CARTESIAN_POINT('',(19.9,0.,-18.5));
#5930=DIRECTION('',(-1.,0.,0.));
#5931=DIRECTION('',(0.,0.,1.));
#5932=AXIS2_PLACEMENT_3D('',#5929,#5930,#5931);
#5933=PLANE('',#5932);
#5934=ORIENTED_EDGE('',*,*,#4328,.T.);
#5935=ORIENTED_EDGE('',*,*,#5920,.F.);
#5936=CARTESIAN_POINT('',(19.9,11.4,-14.3));
#5937=DIRECTION('',(0.,0.,-1.));
#5938=VECTOR('',#5937,3.7);
#5939=LINE('',#5936,#5938);
#5940=EDGE_CURVE('',#5909,#4143,#5939,.T.);
#5941=ORIENTED_EDGE('',*,*,#5940,.T.);
#5942=ORIENTED_EDGE('',*,*,#4150,.T.);
#5943=EDGE_LOOP('',(#5934,#5935,#5941,#5942));
#5944=FACE_BOUND('',#5943,.T.);
#5945=ADVANCED_FACE('',(#5944),#5933,.F.);
#5946=CARTESIAN_POINT('',(19.9,0.,-18.5));
#5947=DIRECTION('',(-1.,0.,0.));
#5948=DIRECTION('',(0.,0.,1.));
#5949=AXIS2_PLACEMENT_3D('',#5946,#5947,#5948);
#5950=PLANE('',#5949);
#5951=ORIENTED_EDGE('',*,*,#4294,.T.);
#5952=ORIENTED_EDGE('',*,*,#4246,.T.);
#5953=CARTESIAN_POINT('',(19.9,-11.4,-14.3));
#5954=DIRECTION('',(0.,0.,-1.));
#5955=VECTOR('',#5954,3.7);
#5956=LINE('',#5953,#5955);
#5957=EDGE_CURVE('',#5888,#4233,#5956,.T.);
#5958=ORIENTED_EDGE('',*,*,#5957,.F.);
#5959=ORIENTED_EDGE('',*,*,#5893,.F.);
#5960=EDGE_LOOP('',(#5951,#5952,#5958,#5959));
#5961=FACE_BOUND('',#5960,.T.);
#5962=ADVANCED_FACE('',(#5961),#5950,.F.);
#5963=CARTESIAN_POINT('',(0.,-11.4,0.));
#5964=DIRECTION('',(0.,1.,0.));
#5965=DIRECTION('',(0.,0.,1.));
#5966=AXIS2_PLACEMENT_3D('',#5963,#5964,#5965);
#5967=PLANE('',#5966);
#5968=ORIENTED_EDGE('',*,*,#5899,.T.);
#5969=ORIENTED_EDGE('',*,*,#5957,.T.);
#5970=ORIENTED_EDGE('',*,*,#4238,.T.);
#5971=CARTESIAN_POINT('',(18.2,-11.4,7.9));
#5972=DIRECTION('',(0.,0.,-1.));
#5973=VECTOR('',#5972,25.9);
#5974=LINE('',#5971,#5973);
#5975=EDGE_CURVE('',#5555,#4225,#5974,.T.);
#5976=ORIENTED_EDGE('',*,*,#5975,.F.);
#5977=ORIENTED_EDGE('',*,*,#5560,.F.);
#5978=ORIENTED_EDGE('',*,*,#5719,.F.);
#5979=EDGE_LOOP('',(#5968,#5969,#5970,#5976,#5977,#5978));
#5980=FACE_BOUND('',#5979,.T.);
#5981=ADVANCED_FACE('',(#5980),#5967,.T.);
#5982=CARTESIAN_POINT('',(0.,11.4,0.));
#5983=DIRECTION('',(0.,1.,0.));
#5984=DIRECTION('',(0.,0.,1.));
#5985=AXIS2_PLACEMENT_3D('',#5982,#5983,#5984);
#5986=PLANE('',#5985);
#5987=ORIENTED_EDGE('',*,*,#5867,.T.);
#5988=ORIENTED_EDGE('',*,*,#5541,.T.);
#5989=CARTESIAN_POINT('',(18.2,11.4,7.9));
#5990=DIRECTION('',(0.,0.,-1.));
#5991=VECTOR('',#5990,25.9);
#5992=LINE('',#5989,#5991);
#5993=EDGE_CURVE('',#5530,#4153,#5992,.T.);
#5994=ORIENTED_EDGE('',*,*,#5993,.T.);
#5995=ORIENTED_EDGE('',*,*,#4158,.F.);
#5996=ORIENTED_EDGE('',*,*,#5940,.F.);
#5997=ORIENTED_EDGE('',*,*,#5914,.F.);
#5998=EDGE_LOOP('',(#5987,#5988,#5994,#5995,#5996,#5997));
#5999=FACE_BOUND('',#5998,.T.);
#6000=ADVANCED_FACE('',(#5999),#5986,.F.);
#6001=CARTESIAN_POINT('',(0.,10.,0.));
#6002=DIRECTION('',(0.,1.,0.));
#6003=DIRECTION('',(0.,0.,1.));
#6004=AXIS2_PLACEMENT_3D('',#6001,#6002,#6003);
#6005=PLANE('',#6004);
#6006=ORIENTED_EDGE('',*,*,#4174,.T.);
#6007=CARTESIAN_POINT('',(18.2,10.,-18.));
#6008=DIRECTION('',(0.,0.,1.));
#6009=VECTOR('',#6008,26.7);
#6010=LINE('',#6007,#6009);
#6011=EDGE_CURVE('',#4161,#5636,#6010,.T.);
#6012=ORIENTED_EDGE('',*,*,#6011,.T.);
#6013=ORIENTED_EDGE('',*,*,#5656,.F.);
#6014=CARTESIAN_POINT('',(14.9,10.,8.7));
#6015=DIRECTION('',(0.,0.,-1.));
#6016=VECTOR('',#6015,26.7);
#6017=LINE('',#6014,#6016);
#6018=EDGE_CURVE('',#5645,#4169,#6017,.T.);
#6019=ORIENTED_EDGE('',*,*,#6018,.T.);
#6020=EDGE_LOOP('',(#6006,#6012,#6013,#6019));
#6021=FACE_BOUND('',#6020,.T.);
#6022=ADVANCED_FACE('',(#6021),#6005,.F.);
#6023=CARTESIAN_POINT('',(0.,-10.,0.));
#6024=DIRECTION('',(0.,1.,0.));
#6025=DIRECTION('',(0.,0.,1.));
#6026=AXIS2_PLACEMENT_3D('',#6023,#6024,#6025);
#6027=PLANE('',#6026);
#6028=CARTESIAN_POINT('',(14.9,-10.,8.7));
#6029=DIRECTION('',(0.,0.,-1.));
#6030=VECTOR('',#6029,26.7);
#6031=LINE('',#6028,#6030);
#6032=EDGE_CURVE('',#5675,#4209,#6031,.T.);
#6033=ORIENTED_EDGE('',*,*,#6032,.F.);
#6034=ORIENTED_EDGE('',*,*,#5680,.F.);
#6035=CARTESIAN_POINT('',(18.2,-10.,-18.));
#6036=DIRECTION('',(0.,0.,1.));
#6037=VECTOR('',#6036,26.7);
#6038=LINE('',#6035,#6037);
#6039=EDGE_CURVE('',#4217,#5667,#6038,.T.);
#6040=ORIENTED_EDGE('',*,*,#6039,.F.);
#6041=ORIENTED_EDGE('',*,*,#4222,.F.);
#6042=EDGE_LOOP('',(#6033,#6034,#6040,#6041));
#6043=FACE_BOUND('',#6042,.T.);
#6044=ADVANCED_FACE('',(#6043),#6027,.T.);
#6045=CARTESIAN_POINT('',(14.9,10.,-3.65));
#6046=DIRECTION('',(-1.,0.,0.));
#6047=DIRECTION('',(0.,0.,1.));
#6048=AXIS2_PLACEMENT_3D('',#6045,#6046,#6047);
#6049=PLANE('',#6048);
#6050=CARTESIAN_POINT('',(14.9,-0.,6.5375));
#6051=VERTEX_POINT('',#6050);
#6052=CARTESIAN_POINT('',(14.9,3.025,5.025));
#6053=VERTEX_POINT('',#6052);
#6054=CARTESIAN_POINT('',(14.9,0.,6.5375));
#6055=DIRECTION('',(0.,0.894427191,-0.447213595));
#6056=VECTOR('',#6055,3.382052816);
#6057=LINE('',#6054,#6056);
#6058=EDGE_CURVE('',#6051,#6053,#6057,.T.);
#6059=ORIENTED_EDGE('',*,*,#6058,.T.);
#6060=CARTESIAN_POINT('',(14.9,2.4,-1.840072905));
#6061=VERTEX_POINT('',#6060);
#6062=CARTESIAN_POINT('',(14.9,3.025,5.025));
#6063=CARTESIAN_POINT('',(14.9,3.025,3.859021053));
#6064=CARTESIAN_POINT('',(14.9,3.025,2.693042107));
#6065=CARTESIAN_POINT('',(14.9,3.025,1.52706316));
#6066=CARTESIAN_POINT('',(14.9,3.025,1.235568424));
#6067=CARTESIAN_POINT('',(14.9,3.025,0.944073687));
#6068=CARTESIAN_POINT('',(14.9,3.025,0.652578951));
#6069=CARTESIAN_POINT('',(14.9,3.025,0.506831582));
#6070=CARTESIAN_POINT('',(14.9,3.025,0.361084214));
#6071=CARTESIAN_POINT('',(14.9,3.025,0.215336846));
#6072=CARTESIAN_POINT('',(14.9,3.025,0.069589477));
#6073=CARTESIAN_POINT('',(14.9,3.027588489,-0.076393177));
#6074=CARTESIAN_POINT('',(14.9,3.016474457,-0.221130314));
#6075=CARTESIAN_POINT('',(14.9,3.005360425,-0.365867451));
#6076=CARTESIAN_POINT('',(14.9,2.983606643,-0.509637467));
#6077=CARTESIAN_POINT('',(14.9,2.951421081,-0.652459267));
#6078=CARTESIAN_POINT('',(14.9,2.91923552,-0.795281067));
#6079=CARTESIAN_POINT('',(14.9,2.876256326,-0.9375918));
#6080=CARTESIAN_POINT('',(14.9,2.824217959,-1.074276674));
#6081=CARTESIAN_POINT('',(14.9,2.772179592,-1.210961549));
#6082=CARTESIAN_POINT('',(14.9,2.710891291,-1.343220879));
#6083=CARTESIAN_POINT('',(14.9,2.640277319,-1.47101843));
#6084=CARTESIAN_POINT('',(14.9,2.569663347,-1.59881598));
#6085=CARTESIAN_POINT('',(14.9,2.488989737,-1.723074));
#6086=CARTESIAN_POINT('',(14.9,2.4,-1.840072905));
#6087=B_SPLINE_CURVE_WITH_KNOTS('',3,(#6062,#6063,#6064,#6065,#6066,#6067,#6068,#6069,#6070,#6071,#6072,#6073,#6074,#6075,#6076,#6077,#6078,#6079,#6080,#6081,#6082,#6083,#6084,#6085,#6086),.UNSPECIFIED.,.F.,.F.,(4,3,3,3,3,3,3,3,4),(0.,0.003497937,0.004372421,0.004809663,0.005246905,0.005684147,0.006121389,0.006558632,0.006995874),.UNSPECIFIED.);
#6088=EDGE_CURVE('',#6053,#6061,#6087,.T.);
#6089=ORIENTED_EDGE('',*,*,#6088,.T.);
#6090=CARTESIAN_POINT('',(14.9,2.4,-1.840072905));
#6091=DIRECTION('',(0.,0.,-1.));
#6092=VECTOR('',#6091,16.159927095);
#6093=LINE('',#6090,#6092);
#6094=EDGE_CURVE('',#6061,#4177,#6093,.T.);
#6095=ORIENTED_EDGE('',*,*,#6094,.T.);
#6096=ORIENTED_EDGE('',*,*,#4182,.T.);
#6097=ORIENTED_EDGE('',*,*,#6018,.F.);
#6098=ORIENTED_EDGE('',*,*,#5650,.F.);
#6099=ORIENTED_EDGE('',*,*,#5619,.T.);
#6100=ORIENTED_EDGE('',*,*,#5686,.F.);
#6101=ORIENTED_EDGE('',*,*,#6032,.T.);
#6102=ORIENTED_EDGE('',*,*,#4214,.T.);
#6103=CARTESIAN_POINT('',(14.9,-2.4,-1.840072905));
#6104=VERTEX_POINT('',#6103);
#6105=CARTESIAN_POINT('',(14.9,-2.4,-1.840072905));
#6106=DIRECTION('',(0.,0.,-1.));
#6107=VECTOR('',#6106,16.159927095);
#6108=LINE('',#6105,#6107);
#6109=EDGE_CURVE('',#6104,#4201,#6108,.T.);
#6110=ORIENTED_EDGE('',*,*,#6109,.F.);
#6111=CARTESIAN_POINT('',(14.9,-3.025,5.025));
#6112=VERTEX_POINT('',#6111);
#6113=CARTESIAN_POINT('',(14.9,-2.4,-1.840072905));
#6114=CARTESIAN_POINT('',(14.9,-2.575798654,-1.608942317));
#6115=CARTESIAN_POINT('',(14.9,-2.719800088,-1.348032882));
#6116=CARTESIAN_POINT('',(14.9,-2.82352863,-1.076085588));
#6117=CARTESIAN_POINT('',(14.9,-2.875392902,-0.940111942));
#6118=CARTESIAN_POINT('',(14.9,-2.917684077,-0.800858831));
#6119=CARTESIAN_POINT('',(14.9,-2.950115242,-0.658227967));
#6120=CARTESIAN_POINT('',(14.9,-2.982546407,-0.515597103));
#6121=CARTESIAN_POINT('',(14.9,-3.004976874,-0.369210975));
#6122=CARTESIAN_POINT('',(14.9,-3.016280308,-0.223644565));
#6123=CARTESIAN_POINT('',(14.9,-3.027583742,-0.078078155));
#6124=CARTESIAN_POINT('',(14.9,-3.025,0.067776102));
#6125=CARTESIAN_POINT('',(14.9,-3.025,0.213576805));
#6126=CARTESIAN_POINT('',(14.9,-3.025,0.359377508));
#6127=CARTESIAN_POINT('',(14.9,-3.025,0.505178211));
#6128=CARTESIAN_POINT('',(14.9,-3.025,0.650978914));
#6129=CARTESIAN_POINT('',(14.9,-3.025,0.94258032));
#6130=CARTESIAN_POINT('',(14.9,-3.025,1.234181725));
#6131=CARTESIAN_POINT('',(14.9,-3.025,1.525783131));
#6132=CARTESIAN_POINT('',(14.9,-3.025,2.692188754));
#6133=CARTESIAN_POINT('',(14.9,-3.025,3.858594377));
#6134=CARTESIAN_POINT('',(14.9,-3.025,5.025));
#6135=B_SPLINE_CURVE_WITH_KNOTS('',3,(#6113,#6114,#6115,#6116,#6117,#6118,#6119,#6120,#6121,#6122,#6123,#6124,#6125,#6126,#6127,#6128,#6129,#6130,#6131,#6132,#6133,#6134),.UNSPECIFIED.,.F.,.F.,(4,3,3,3,3,3,3,4),(0.012513436,0.013385177,0.013821047,0.014256917,0.014692787,0.015128657,0.016000397,0.019487358),.UNSPECIFIED.);
#6136=EDGE_CURVE('',#6104,#6112,#6135,.T.);
#6137=ORIENTED_EDGE('',*,*,#6136,.T.);
#6138=CARTESIAN_POINT('',(14.9,-3.025,5.025));
#6139=DIRECTION('',(0.,0.894427191,0.447213595));
#6140=VECTOR('',#6139,3.382052816);
#6141=LINE('',#6138,#6140);
#6142=EDGE_CURVE('',#6112,#6051,#6141,.T.);
#6143=ORIENTED_EDGE('',*,*,#6142,.T.);
#6144=EDGE_LOOP('',(#6059,#6089,#6095,#6096,#6097,#6098,#6099,#6100,#6101,#6102,#6110,#6137,#6143));
#6145=FACE_BOUND('',#6144,.T.);
#6146=ADVANCED_FACE('',(#6145),#6049,.F.);
#6147=CARTESIAN_POINT('',(18.2,11.4,-5.2));
#6148=DIRECTION('',(-1.,0.,0.));
#6149=DIRECTION('',(0.,0.,1.));
#6150=AXIS2_PLACEMENT_3D('',#6147,#6148,#6149);
#6151=PLANE('',#6150);
#6152=ORIENTED_EDGE('',*,*,#4166,.F.);
#6153=ORIENTED_EDGE('',*,*,#5993,.F.);
#6154=ORIENTED_EDGE('',*,*,#5535,.F.);
#6155=ORIENTED_EDGE('',*,*,#5592,.T.);
#6156=ORIENTED_EDGE('',*,*,#5641,.F.);
#6157=ORIENTED_EDGE('',*,*,#6011,.F.);
#6158=EDGE_LOOP('',(#6152,#6153,#6154,#6155,#6156,#6157));
#6159=FACE_BOUND('',#6158,.T.);
#6160=ADVANCED_FACE('',(#6159),#6151,.F.);
#6161=CARTESIAN_POINT('',(0.,-2.4,0.));
#6162=DIRECTION('',(0.,1.,0.));
#6163=DIRECTION('',(0.,0.,1.));
#6164=AXIS2_PLACEMENT_3D('',#6161,#6162,#6163);
#6165=PLANE('',#6164);
#6166=CARTESIAN_POINT('',(13.9,-2.4,-1.388435789));
#6167=VERTEX_POINT('',#6166);
#6168=CARTESIAN_POINT('',(14.9,-2.4,-1.840072905));
#6169=CARTESIAN_POINT('',(14.561792483,-2.4,-1.700319457));
#6170=CARTESIAN_POINT('',(14.227156583,-2.4,-1.552657851));
#6171=CARTESIAN_POINT('',(13.9,-2.4,-1.388435789));
#6172=B_SPLINE_CURVE_WITH_KNOTS('',3,(#6168,#6169,#6170,#6171),.UNSPECIFIED.,.F.,.F.,(4,4),(0.,0.001097258),.UNSPECIFIED.);
#6173=EDGE_CURVE('',#6104,#6167,#6172,.T.);
#6174=ORIENTED_EDGE('',*,*,#6173,.F.);
#6175=ORIENTED_EDGE('',*,*,#6109,.T.);
#6176=ORIENTED_EDGE('',*,*,#4206,.F.);
#6177=CARTESIAN_POINT('',(13.9,-2.4,-1.388435789));
#6178=DIRECTION('',(0.,0.,-1.));
#6179=VECTOR('',#6178,16.611564211);
#6180=LINE('',#6177,#6179);
#6181=EDGE_CURVE('',#6167,#4193,#6180,.T.);
#6182=ORIENTED_EDGE('',*,*,#6181,.F.);
#6183=EDGE_LOOP('',(#6174,#6175,#6176,#6182));
#6184=FACE_BOUND('',#6183,.T.);
#6185=ADVANCED_FACE('',(#6184),#6165,.T.);
#6186=CARTESIAN_POINT('',(0.,2.4,0.));
#6187=DIRECTION('',(0.,1.,0.));
#6188=DIRECTION('',(0.,0.,1.));
#6189=AXIS2_PLACEMENT_3D('',#6186,#6187,#6188);
#6190=PLANE('',#6189);
#6191=ORIENTED_EDGE('',*,*,#6094,.F.);
#6192=CARTESIAN_POINT('',(13.9,2.4,-1.388435789));
#6193=VERTEX_POINT('',#6192);
#6194=CARTESIAN_POINT('',(14.9,2.4,-1.840072905));
#6195=CARTESIAN_POINT('',(14.561792483,2.4,-1.700319457));
#6196=CARTESIAN_POINT('',(14.227156583,2.4,-1.552657851));
#6197=CARTESIAN_POINT('',(13.9,2.4,-1.388435789));
#6198=B_SPLINE_CURVE_WITH_KNOTS('',3,(#6194,#6195,#6196,#6197),.UNSPECIFIED.,.F.,.F.,(4,4),(0.,0.001097258),.UNSPECIFIED.);
#6199=EDGE_CURVE('',#6061,#6193,#6198,.T.);
#6200=ORIENTED_EDGE('',*,*,#6199,.T.);
#6201=CARTESIAN_POINT('',(13.9,2.4,-1.388435789));
#6202=DIRECTION('',(0.,0.,-1.));
#6203=VECTOR('',#6202,16.611564211);
#6204=LINE('',#6201,#6203);
#6205=EDGE_CURVE('',#6193,#4185,#6204,.T.);
#6206=ORIENTED_EDGE('',*,*,#6205,.T.);
#6207=ORIENTED_EDGE('',*,*,#4190,.T.);
#6208=EDGE_LOOP('',(#6191,#6200,#6206,#6207));
#6209=FACE_BOUND('',#6208,.T.);
#6210=ADVANCED_FACE('',(#6209),#6190,.F.);
#6211=CARTESIAN_POINT('',(13.9,2.4,-6.8));
#6212=DIRECTION('',(-1.,0.,0.));
#6213=DIRECTION('',(0.,0.,1.));
#6214=AXIS2_PLACEMENT_3D('',#6211,#6212,#6213);
#6215=PLANE('',#6214);
#6216=ORIENTED_EDGE('',*,*,#6205,.F.);
#6217=CARTESIAN_POINT('',(13.9,2.4,-1.388435789));
#6218=CARTESIAN_POINT('',(13.9,2.278532563,-1.600073855));
#6219=CARTESIAN_POINT('',(13.9,2.132768241,-1.791699213));
#6220=CARTESIAN_POINT('',(13.9,1.961733112,-1.962509668));
#6221=CARTESIAN_POINT('',(13.9,1.876215547,-2.047914895));
#6222=CARTESIAN_POINT('',(13.9,1.78358125,-2.128463354));
#6223=CARTESIAN_POINT('',(13.9,1.687152265,-2.201688675));
#6224=CARTESIAN_POINT('',(13.9,1.59072328,-2.274913997));
#6225=CARTESIAN_POINT('',(13.9,1.490159736,-2.341306037));
#6226=CARTESIAN_POINT('',(13.9,1.385642042,-2.401162964));
#6227=CARTESIAN_POINT('',(13.9,1.176606656,-2.520876818));
#6228=CARTESIAN_POINT('',(13.9,0.948850824,-2.615240948));
#6229=CARTESIAN_POINT('',(13.9,0.716330642,-2.678350677));
#6230=CARTESIAN_POINT('',(13.9,0.600070551,-2.709905541));
#6231=CARTESIAN_POINT('',(13.9,0.482185822,-2.733958995));
#6232=CARTESIAN_POINT('',(13.9,0.362618959,-2.750245555));
#6233=CARTESIAN_POINT('',(13.9,0.243052096,-2.766532116));
#6234=CARTESIAN_POINT('',(13.9,0.120824167,-2.775023217));
#6235=CARTESIAN_POINT('',(13.9,-0.00050435,-2.774999952));
#6236=CARTESIAN_POINT('',(13.9,-0.243161384,-2.774953422));
#6237=CARTESIAN_POINT('',(13.9,-0.481417775,-2.742040516));
#6238=CARTESIAN_POINT('',(13.9,-0.715580534,-2.678554157));
#6239=CARTESIAN_POINT('',(13.9,-0.832661913,-2.646810978));
#6240=CARTESIAN_POINT('',(13.9,-0.948453514,-2.607223081));
#6241=CARTESIAN_POINT('',(13.9,-1.059985963,-2.561020373));
#6242=CARTESIAN_POINT('',(13.9,-1.171518412,-2.514817665));
#6243=CARTESIAN_POINT('',(13.9,-1.279636005,-2.461797026));
#6244=CARTESIAN_POINT('',(13.9,-1.38431945,-2.401919936));
#6245=CARTESIAN_POINT('',(13.9,-1.489002895,-2.342042846));
#6246=CARTESIAN_POINT('',(13.9,-1.590805629,-2.274883753));
#6247=CARTESIAN_POINT('',(13.9,-1.687616945,-2.201335734));
#6248=CARTESIAN_POINT('',(13.9,-1.78442826,-2.127787714));
#6249=CARTESIAN_POINT('',(13.9,-1.875395064,-2.048617841));
#6250=CARTESIAN_POINT('',(13.9,-1.960464742,-1.963775509));
#6251=CARTESIAN_POINT('',(13.9,-2.045534421,-1.878933176));
#6252=CARTESIAN_POINT('',(13.9,-2.124707254,-1.78841865));
#6253=CARTESIAN_POINT('',(13.9,-2.198102127,-1.69234629));
#6254=CARTESIAN_POINT('',(13.9,-2.271497,-1.596273929));
#6255=CARTESIAN_POINT('',(13.9,-2.339260814,-1.494264352));
#6256=CARTESIAN_POINT('',(13.9,-2.4,-1.388435789));
#6257=B_SPLINE_CURVE_WITH_KNOTS('',3,(#6217,#6218,#6219,#6220,#6221,#6222,#6223,#6224,#6225,#6226,#6227,#6228,#6229,#6230,#6231,#6232,#6233,#6234,#6235,#6236,#6237,#6238,#6239,#6240,#6241,#6242,
#6243,#6244,#6245,#6246,#6247,#6248,#6249,#6250,#6251,#6252,#6253,#6254,#6255,#6256),.UNSPECIFIED.,.F.,.F.,(4,3,3,3,3,3,3,3,3,3,3,3,3,4),(0.,0.000721752,0.001082628,0.001443504,0.002165256,0.002526132,0.002887009,0.003608761,0.003969637,0.004330513,0.004691389,0.005052265,0.005413141,0.005774017),.UNSPECIFIED.);
#6258=EDGE_CURVE('',#6193,#6167,#6257,.T.);
#6259=ORIENTED_EDGE('',*,*,#6258,.T.);
#6260=ORIENTED_EDGE('',*,*,#6181,.T.);
#6261=ORIENTED_EDGE('',*,*,#4198,.T.);
#6262=EDGE_LOOP('',(#6216,#6259,#6260,#6261));
#6263=FACE_BOUND('',#6262,.T.);
#6264=ADVANCED_FACE('',(#6263),#6215,.F.);
#6265=CARTESIAN_POINT('',(18.2,11.4,-5.2));
#6266=DIRECTION('',(-1.,0.,0.));
#6267=DIRECTION('',(0.,0.,1.));
#6268=AXIS2_PLACEMENT_3D('',#6265,#6266,#6267);
#6269=PLANE('',#6268);
#6270=ORIENTED_EDGE('',*,*,#6039,.T.);
#6271=ORIENTED_EDGE('',*,*,#5672,.F.);
#6272=ORIENTED_EDGE('',*,*,#5603,.T.);
#6273=ORIENTED_EDGE('',*,*,#5568,.F.);
#6274=ORIENTED_EDGE('',*,*,#5975,.T.);
#6275=ORIENTED_EDGE('',*,*,#4230,.F.);
#6276=EDGE_LOOP('',(#6270,#6271,#6272,#6273,#6274,#6275));
#6277=FACE_BOUND('',#6276,.T.);
#6278=ADVANCED_FACE('',(#6277),#6269,.F.);
#6279=CARTESIAN_POINT('',(0.,0.,0.));
#6280=DIRECTION('',(0.,0.,1.));
#6281=DIRECTION('',(1.,0.,0.));
#6282=AXIS2_PLACEMENT_3D('',#6279,#6280,#6281);
#6283=SPHERICAL_SURFACE('',#6282,13.25);
#6284=CARTESIAN_POINT('',(13.002199641,-0.,-2.550549393));
#6285=VERTEX_POINT('',#6284);
#6286=CARTESIAN_POINT('',(3.,-0.,-12.905909499));
#6287=VERTEX_POINT('',#6286);
#6288=CARTESIAN_POINT('',(0.,0.,0.));
#6289=DIRECTION('',(-0.,1.,-0.));
#6290=DIRECTION('',(1.,0.,0.));
#6291=AXIS2_PLACEMENT_3D('',#6288,#6289,#6290);
#6292=CIRCLE('',#6291,13.25);
#6293=EDGE_CURVE('',#6285,#6287,#6292,.T.);
#6294=ORIENTED_EDGE('',*,*,#6293,.F.);
#6295=CARTESIAN_POINT('',(12.2818008,2.3704502,4.3704502));
#6296=VERTEX_POINT('',#6295);
#6297=CARTESIAN_POINT('',(12.2818008,-2.3704502,4.3704502));
#6298=CARTESIAN_POINT('',(12.506724081,-2.42668102,3.707874227));
#6299=CARTESIAN_POINT('',(12.679338285,-2.469834571,3.031331258));
#6300=CARTESIAN_POINT('',(12.799737006,-2.499934251,2.340846284));
#6301=CARTESIAN_POINT('',(12.920135727,-2.530033932,1.650361309));
#6302=CARTESIAN_POINT('',(12.987085931,-2.546771483,0.950597262));
#6303=CARTESIAN_POINT('',(12.999915782,-2.549978946,0.249593745));
#6304=CARTESIAN_POINT('',(13.003123245,-2.550780811,0.074342866));
#6305=CARTESIAN_POINT('',(13.002191265,-2.554579939,-0.101173039));
#6306=CARTESIAN_POINT('',(13.0023127,-2.535102367,-0.274991704));
#6307=CARTESIAN_POINT('',(13.002373418,-2.52536358,-0.361901037));
#6308=CARTESIAN_POINT('',(13.002447414,-2.511079469,-0.448481177));
#6309=CARTESIAN_POINT('',(13.002512826,-2.492232504,-0.534731109));
#6310=CARTESIAN_POINT('',(13.002578237,-2.473385539,-0.620981042));
#6311=CARTESIAN_POINT('',(13.002635203,-2.449774089,-0.707450769));
#6312=CARTESIAN_POINT('',(13.002669476,-2.421983027,-0.791886803));
#6313=CARTESIAN_POINT('',(13.002738022,-2.366400905,-0.96075887));
#6314=CARTESIAN_POINT('',(13.002707673,-2.294534319,-1.121806385));
#6315=CARTESIAN_POINT('',(13.00260576,-2.206545814,-1.275107454));
#6316=CARTESIAN_POINT('',(13.002503847,-2.118557309,-1.428408523));
#6317=CARTESIAN_POINT('',(13.002331894,-2.013260943,-1.574722862));
#6318=CARTESIAN_POINT('',(13.002264863,-1.895531493,-1.70603892));
#6319=CARTESIAN_POINT('',(13.002197831,-1.777802043,-1.837354978));
#6320=CARTESIAN_POINT('',(13.00230455,-1.646664937,-1.95521229));
#6321=CARTESIAN_POINT('',(13.002438179,-1.502223754,-2.059714835));
#6322=CARTESIAN_POINT('',(13.002571807,-1.357782571,-2.16421738));
#6323=CARTESIAN_POINT('',(13.002698543,-1.203673958,-2.252697131));
#6324=CARTESIAN_POINT('',(13.002717337,-1.042612955,-2.32482259));
#6325=CARTESIAN_POINT('',(13.002736131,-0.881551953,-2.396948048));
#6326=CARTESIAN_POINT('',(13.002645933,-0.71077621,-2.453531292));
#6327=CARTESIAN_POINT('',(13.002512756,-0.537934338,-2.491543435));
#6328=CARTESIAN_POINT('',(13.002379578,-0.365092467,-2.529555578));
#6329=CARTESIAN_POINT('',(13.002208557,-0.190174339,-2.549564182));
#6330=CARTESIAN_POINT('',(13.002199947,-0.013058266,-2.550514854));
#6331=CARTESIAN_POINT('',(13.002195642,0.075499771,-2.55099019));
#6332=CARTESIAN_POINT('',(13.002237243,0.165156534,-2.546556666));
#6333=CARTESIAN_POINT('',(13.002295511,0.253573195,-2.53742233));
#6334=CARTESIAN_POINT('',(13.002353779,0.341989856,-2.528287994));
#6335=CARTESIAN_POINT('',(13.002427904,0.429328265,-2.514522853));
#6336=CARTESIAN_POINT('',(13.002495442,0.515638778,-2.496343114));
#6337=CARTESIAN_POINT('',(13.002630517,0.688259803,-2.459983635));
#6338=CARTESIAN_POINT('',(13.002729857,0.857729382,-2.405737175));
#6339=CARTESIAN_POINT('',(13.002719301,1.021016376,-2.33437708));
#6340=CARTESIAN_POINT('',(13.002708744,1.184303369,-2.263016985));
#6341=CARTESIAN_POINT('',(13.002589455,1.337966294,-2.176278048));
#6342=CARTESIAN_POINT('',(13.002456839,1.482019374,-2.074182905));
#6343=CARTESIAN_POINT('',(13.002324223,1.626072454,-1.972087763));
#6344=CARTESIAN_POINT('',(13.002199641,1.761576569,-1.852927461));
#6345=CARTESIAN_POINT('',(13.00225704,1.880643413,-1.722495927));
#6346=CARTESIAN_POINT('',(13.002314439,1.999710258,-1.592064392));
#6347=CARTESIAN_POINT('',(13.002483253,2.104035927,-1.450024232));
#6348=CARTESIAN_POINT('',(13.002591002,2.19401976,-1.296689832));
#6349=CARTESIAN_POINT('',(13.002644877,2.239011676,-1.220022632));
#6350=CARTESIAN_POINT('',(13.002684633,2.280318125,-1.14047689));
#6351=CARTESIAN_POINT('',(13.002700369,2.317091234,-1.05989213));
#6352=CARTESIAN_POINT('',(13.002716105,2.353864343,-0.97930737));
#6353=CARTESIAN_POINT('',(13.002708156,2.386380158,-0.897244372));
#6354=CARTESIAN_POINT('',(13.002677871,2.414689738,-0.813720864));
#6355=CARTESIAN_POINT('',(13.002647587,2.442999317,-0.730197356));
#6356=CARTESIAN_POINT('',(13.00259484,2.46710316,-0.645213511));
#6357=CARTESIAN_POINT('',(13.002530813,2.486869595,-0.558723607));
#6358=CARTESIAN_POINT('',(13.002466786,2.50663603,-0.472233703));
#6359=CARTESIAN_POINT('',(13.002391107,2.522080627,-0.383796553));
#6360=CARTESIAN_POINT('',(13.002327462,2.532688846,-0.295749539));
#6361=CARTESIAN_POINT('',(13.002263816,2.543297065,-0.207702526));
#6362=CARTESIAN_POINT('',(13.002212126,2.549195406,-0.119688806));
#6363=CARTESIAN_POINT('',(13.002201552,2.550343016,-0.03170637));
#6364=CARTESIAN_POINT('',(13.002190979,2.551490625,0.056276066));
#6365=CARTESIAN_POINT('',(13.001720354,2.550430088,0.144206041));
#6366=CARTESIAN_POINT('',(13.000225413,2.550056353,0.232059945));
#6367=CARTESIAN_POINT('',(12.988265885,2.547066471,0.934891181));
#6368=CARTESIAN_POINT('',(12.922377337,2.530594334,1.633356507));
#6369=CARTESIAN_POINT('',(12.802071815,2.500517954,2.327416421));
#6370=CARTESIAN_POINT('',(12.741919054,2.485479764,2.674446378));
#6371=CARTESIAN_POINT('',(12.668229696,2.467057424,3.0192784));
#6372=CARTESIAN_POINT('',(12.581504805,2.445376201,3.35981727));
#6373=CARTESIAN_POINT('',(12.538142359,2.43453559,3.530086704));
#6374=CARTESIAN_POINT('',(12.491490635,2.422872659,3.699442175));
#6375=CARTESIAN_POINT('',(12.44154436,2.41038609,3.867882217));
#6376=CARTESIAN_POINT('',(12.416571222,2.404142805,3.952102238));
#6377=CARTESIAN_POINT('',(12.390774202,2.39769355,4.036093334));
#6378=CARTESIAN_POINT('',(12.364151156,2.391037789,4.11985491));
#6379=CARTESIAN_POINT('',(12.337528111,2.384382028,4.203616485));
#6380=CARTESIAN_POINT('',(12.310438786,2.377609696,4.286088808));
#6381=CARTESIAN_POINT('',(12.2818008,2.3704502,4.3704502));
#6382=B_SPLINE_CURVE_WITH_KNOTS('',3,(#6297,#6298,#6299,#6300,#6301,#6302,#6303,#6304,#6305,#6306,#6307,#6308,#6309,#6310,#6311,#6312,#6313,#6314,#6315,#6316,#6317,#6318,#6319,#6320,#6321,#6322,
#6323,#6324,#6325,#6326,#6327,#6328,#6329,#6330,#6331,#6332,#6333,#6334,#6335,#6336,#6337,#6338,#6339,#6340,#6341,#6342,#6343,#6344,#6345,#6346,#6347,
#6348,#6349,#6350,#6351,#6352,#6353,#6354,#6355,#6356,#6357,#6358,#6359,#6360,#6361,#6362,#6363,#6364,#6365,#6366,#6367,#6368,#6369,#6370,#6371,#6372,
#6373,#6374,#6375,#6376,#6377,#6378,#6379,#6380,#6381),.UNSPECIFIED.,.F.,.F.,(4,3,3,3,3,3,3,3,3,3,3,3,3,3,3,3,3,3,3,3,3,3,3,3,3,3,
3,3,4),(0.,0.002098631,0.004197263,0.004721921,0.00498425,0.005246579,0.005771237,0.006295894,0.006820552,0.00734521,0.007869868,0.008394526,0.008656855,0.008919184,0.009443842,0.0099685,0.010493157,0.011017815,0.011280144,0.011542473,0.011804802,0.012067131,0.01232946,0.012591789,0.01469042,0.015739736,
0.016264394,0.016526723,0.016789052),.UNSPECIFIED.);
#6383=EDGE_CURVE('',#6285,#6296,#6382,.T.);
#6384=ORIENTED_EDGE('',*,*,#6383,.T.);
#6385=CARTESIAN_POINT('',(12.066044494,0.,5.474766685));
#6386=VERTEX_POINT('',#6385);
#6387=CARTESIAN_POINT('',(-0.256179775,0.341573034,0.683146067));
#6388=DIRECTION('',(0.317999364,-0.423999152,-0.847998304));
#6389=DIRECTION('',(0.,-0.894427191,0.447213595));
#6390=AXIS2_PLACEMENT_3D('',#6387,#6388,#6389);
#6391=CIRCLE('',#6390,13.225487183);
#6392=EDGE_CURVE('',#6296,#6386,#6391,.T.);
#6393=ORIENTED_EDGE('',*,*,#6392,.T.);
#6394=CARTESIAN_POINT('',(0.,0.,0.));
#6395=DIRECTION('',(-0.,1.,-0.));
#6396=DIRECTION('',(1.,0.,0.));
#6397=AXIS2_PLACEMENT_3D('',#6394,#6395,#6396);
#6398=CIRCLE('',#6397,13.25);
#6399=EDGE_CURVE('',#3465,#6386,#6398,.T.);
#6400=ORIENTED_EDGE('',*,*,#6399,.F.);
#6401=ORIENTED_EDGE('',*,*,#3663,.T.);
#6402=ORIENTED_EDGE('',*,*,#6399,.T.);
#6403=CARTESIAN_POINT('',(12.2818008,-2.3704502,4.3704502));
#6404=VERTEX_POINT('',#6403);
#6405=CARTESIAN_POINT('',(-0.256179775,-0.341573034,0.683146067));
#6406=DIRECTION('',(0.317999364,0.423999152,-0.847998304));
#6407=DIRECTION('',(0.,-0.894427191,-0.447213595));
#6408=AXIS2_PLACEMENT_3D('',#6405,#6406,#6407);
#6409=CIRCLE('',#6408,13.225487183);
#6410=EDGE_CURVE('',#6386,#6404,#6409,.T.);
#6411=ORIENTED_EDGE('',*,*,#6410,.T.);
#6412=CARTESIAN_POINT('',(12.2818008,-2.3704502,4.3704502));
#6413=CARTESIAN_POINT('',(12.506724081,-2.42668102,3.707874227));
#6414=CARTESIAN_POINT('',(12.679338285,-2.469834571,3.031331258));
#6415=CARTESIAN_POINT('',(12.799737006,-2.499934251,2.340846284));
#6416=CARTESIAN_POINT('',(12.920135727,-2.530033932,1.650361309));
#6417=CARTESIAN_POINT('',(12.987085931,-2.546771483,0.950597262));
#6418=CARTESIAN_POINT('',(12.999915782,-2.549978946,0.249593745));
#6419=CARTESIAN_POINT('',(13.003123245,-2.550780811,0.074342866));
#6420=CARTESIAN_POINT('',(13.002191265,-2.554579939,-0.101173039));
#6421=CARTESIAN_POINT('',(13.0023127,-2.535102367,-0.274991704));
#6422=CARTESIAN_POINT('',(13.002373418,-2.52536358,-0.361901037));
#6423=CARTESIAN_POINT('',(13.002447414,-2.511079469,-0.448481177));
#6424=CARTESIAN_POINT('',(13.002512826,-2.492232504,-0.534731109));
#6425=CARTESIAN_POINT('',(13.002578237,-2.473385539,-0.620981042));
#6426=CARTESIAN_POINT('',(13.002635203,-2.449774089,-0.707450769));
#6427=CARTESIAN_POINT('',(13.002669476,-2.421983027,-0.791886803));
#6428=CARTESIAN_POINT('',(13.002738022,-2.366400905,-0.96075887));
#6429=CARTESIAN_POINT('',(13.002707673,-2.294534319,-1.121806385));
#6430=CARTESIAN_POINT('',(13.00260576,-2.206545814,-1.275107454));
#6431=CARTESIAN_POINT('',(13.002503847,-2.118557309,-1.428408523));
#6432=CARTESIAN_POINT('',(13.002331894,-2.013260943,-1.574722862));
#6433=CARTESIAN_POINT('',(13.002264863,-1.895531493,-1.70603892));
#6434=CARTESIAN_POINT('',(13.002197831,-1.777802043,-1.837354978));
#6435=CARTESIAN_POINT('',(13.00230455,-1.646664937,-1.95521229));
#6436=CARTESIAN_POINT('',(13.002438179,-1.502223754,-2.059714835));
#6437=CARTESIAN_POINT('',(13.002571807,-1.357782571,-2.16421738));
#6438=CARTESIAN_POINT('',(13.002698543,-1.203673958,-2.252697131));
#6439=CARTESIAN_POINT('',(13.002717337,-1.042612955,-2.32482259));
#6440=CARTESIAN_POINT('',(13.002736131,-0.881551953,-2.396948048));
#6441=CARTESIAN_POINT('',(13.002645933,-0.71077621,-2.453531292));
#6442=CARTESIAN_POINT('',(13.002512756,-0.537934338,-2.491543435));
#6443=CARTESIAN_POINT('',(13.002379578,-0.365092467,-2.529555578));
#6444=CARTESIAN_POINT('',(13.002208557,-0.190174339,-2.549564182));
#6445=CARTESIAN_POINT('',(13.002199947,-0.013058266,-2.550514854));
#6446=CARTESIAN_POINT('',(13.002195642,0.075499771,-2.55099019));
#6447=CARTESIAN_POINT('',(13.002237243,0.165156534,-2.546556666));
#6448=CARTESIAN_POINT('',(13.002295511,0.253573195,-2.53742233));
#6449=CARTESIAN_POINT('',(13.002353779,0.341989856,-2.528287994));
#6450=CARTESIAN_POINT('',(13.002427904,0.429328265,-2.514522853));
#6451=CARTESIAN_POINT('',(13.002495442,0.515638778,-2.496343114));
#6452=CARTESIAN_POINT('',(13.002630517,0.688259803,-2.459983635));
#6453=CARTESIAN_POINT('',(13.002729857,0.857729382,-2.405737175));
#6454=CARTESIAN_POINT('',(13.002719301,1.021016376,-2.33437708));
#6455=CARTESIAN_POINT('',(13.002708744,1.184303369,-2.263016985));
#6456=CARTESIAN_POINT('',(13.002589455,1.337966294,-2.176278048));
#6457=CARTESIAN_POINT('',(13.002456839,1.482019374,-2.074182905));
#6458=CARTESIAN_POINT('',(13.002324223,1.626072454,-1.972087763));
#6459=CARTESIAN_POINT('',(13.002199641,1.761576569,-1.852927461));
#6460=CARTESIAN_POINT('',(13.00225704,1.880643413,-1.722495927));
#6461=CARTESIAN_POINT('',(13.002314439,1.999710258,-1.592064392));
#6462=CARTESIAN_POINT('',(13.002483253,2.104035927,-1.450024232));
#6463=CARTESIAN_POINT('',(13.002591002,2.19401976,-1.296689832));
#6464=CARTESIAN_POINT('',(13.002644877,2.239011676,-1.220022632));
#6465=CARTESIAN_POINT('',(13.002684633,2.280318125,-1.14047689));
#6466=CARTESIAN_POINT('',(13.002700369,2.317091234,-1.05989213));
#6467=CARTESIAN_POINT('',(13.002716105,2.353864343,-0.97930737));
#6468=CARTESIAN_POINT('',(13.002708156,2.386380158,-0.897244372));
#6469=CARTESIAN_POINT('',(13.002677871,2.414689738,-0.813720864));
#6470=CARTESIAN_POINT('',(13.002647587,2.442999317,-0.730197356));
#6471=CARTESIAN_POINT('',(13.00259484,2.46710316,-0.645213511));
#6472=CARTESIAN_POINT('',(13.002530813,2.486869595,-0.558723607));
#6473=CARTESIAN_POINT('',(13.002466786,2.50663603,-0.472233703));
#6474=CARTESIAN_POINT('',(13.002391107,2.522080627,-0.383796553));
#6475=CARTESIAN_POINT('',(13.002327462,2.532688846,-0.295749539));
#6476=CARTESIAN_POINT('',(13.002263816,2.543297065,-0.207702526));
#6477=CARTESIAN_POINT('',(13.002212126,2.549195406,-0.119688806));
#6478=CARTESIAN_POINT('',(13.002201552,2.550343016,-0.03170637));
#6479=CARTESIAN_POINT('',(13.002190979,2.551490625,0.056276066));
#6480=CARTESIAN_POINT('',(13.001720354,2.550430088,0.144206041));
#6481=CARTESIAN_POINT('',(13.000225413,2.550056353,0.232059945));
#6482=CARTESIAN_POINT('',(12.988265885,2.547066471,0.934891181));
#6483=CARTESIAN_POINT('',(12.922377337,2.530594334,1.633356507));
#6484=CARTESIAN_POINT('',(12.802071815,2.500517954,2.327416421));
#6485=CARTESIAN_POINT('',(12.741919054,2.485479764,2.674446378));
#6486=CARTESIAN_POINT('',(12.668229696,2.467057424,3.0192784));
#6487=CARTESIAN_POINT('',(12.581504805,2.445376201,3.35981727));
#6488=CARTESIAN_POINT('',(12.538142359,2.43453559,3.530086704));
#6489=CARTESIAN_POINT('',(12.491490635,2.422872659,3.699442175));
#6490=CARTESIAN_POINT('',(12.44154436,2.41038609,3.867882217));
#6491=CARTESIAN_POINT('',(12.416571222,2.404142805,3.952102238));
#6492=CARTESIAN_POINT('',(12.390774202,2.39769355,4.036093334));
#6493=CARTESIAN_POINT('',(12.364151156,2.391037789,4.11985491));
#6494=CARTESIAN_POINT('',(12.337528111,2.384382028,4.203616485));
#6495=CARTESIAN_POINT('',(12.310438786,2.377609696,4.286088808));
#6496=CARTESIAN_POINT('',(12.2818008,2.3704502,4.3704502));
#6497=B_SPLINE_CURVE_WITH_KNOTS('',3,(#6412,#6413,#6414,#6415,#6416,#6417,#6418,#6419,#6420,#6421,#6422,#6423,#6424,#6425,#6426,#6427,#6428,#6429,#6430,#6431,#6432,#6433,#6434,#6435,#6436,#6437,
#6438,#6439,#6440,#6441,#6442,#6443,#6444,#6445,#6446,#6447,#6448,#6449,#6450,#6451,#6452,#6453,#6454,#6455,#6456,#6457,#6458,#6459,#6460,#6461,#6462,
#6463,#6464,#6465,#6466,#6467,#6468,#6469,#6470,#6471,#6472,#6473,#6474,#6475,#6476,#6477,#6478,#6479,#6480,#6481,#6482,#6483,#6484,#6485,#6486,#6487,
#6488,#6489,#6490,#6491,#6492,#6493,#6494,#6495,#6496),.UNSPECIFIED.,.F.,.F.,(4,3,3,3,3,3,3,3,3,3,3,3,3,3,3,3,3,3,3,3,3,3,3,3,3,3,
3,3,4),(0.,0.002098631,0.004197263,0.004721921,0.00498425,0.005246579,0.005771237,0.006295894,0.006820552,0.00734521,0.007869868,0.008394526,0.008656855,0.008919184,0.009443842,0.0099685,0.010493157,0.011017815,0.011280144,0.011542473,0.011804802,0.012067131,0.01232946,0.012591789,0.01469042,0.015739736,
0.016264394,0.016526723,0.016789052),.UNSPECIFIED.);
#6498=EDGE_CURVE('',#6404,#6285,#6497,.T.);
#6499=ORIENTED_EDGE('',*,*,#6498,.T.);
#6500=ORIENTED_EDGE('',*,*,#6293,.T.);
#6501=CARTESIAN_POINT('',(-0.,-0.,-12.905909499));
#6502=DIRECTION('',(-0.,0.,1.));
#6503=DIRECTION('',(1.,0.,0.));
#6504=AXIS2_PLACEMENT_3D('',#6501,#6502,#6503);
#6505=CIRCLE('',#6504,3.);
#6506=EDGE_CURVE('',#6287,#6287,#6505,.T.);
#6507=ORIENTED_EDGE('',*,*,#6506,.F.);
#6508=EDGE_LOOP('',(#6294,#6384,#6393,#6400,#6401,#6402,#6411,#6499,#6500,#6507));
#6509=FACE_BOUND('',#6508,.T.);
#6510=CARTESIAN_POINT('',(10.602874938,3.479353145,7.143923624));
#6511=VERTEX_POINT('',#6510);
#6512=CARTESIAN_POINT('',(10.663431868,3.260138292,7.15717955));
#6513=VERTEX_POINT('',#6512);
#6514=CARTESIAN_POINT('',(11.380451344,3.479353145,5.549268245));
#6515=DIRECTION('',(0.866706447,0.264978753,0.422618262));
#6516=DIRECTION('',(-0.438285091,-0.,0.898836014));
#6517=AXIS2_PLACEMENT_3D('',#6514,#6515,#6516);
#6518=CIRCLE('',#6517,1.774133829);
#6519=EDGE_CURVE('',#6511,#6513,#6518,.T.);
#6520=ORIENTED_EDGE('',*,*,#6519,.T.);
#6521=CARTESIAN_POINT('',(11.380451344,3.479353145,5.549268245));
#6522=DIRECTION('',(0.866706447,0.264978753,0.422618262));
#6523=DIRECTION('',(-0.438285091,-0.,0.898836014));
#6524=AXIS2_PLACEMENT_3D('',#6521,#6522,#6523);
#6525=CIRCLE('',#6524,1.774133829);
#6526=EDGE_CURVE('',#6513,#6511,#6525,.T.);
#6527=ORIENTED_EDGE('',*,*,#6526,.T.);
#6528=EDGE_LOOP('',(#6520,#6527));
#6529=FACE_BOUND('',#6528,.T.);
#6530=CARTESIAN_POINT('',(-5.768081035,8.717792965,-8.141979304));
#6531=VERTEX_POINT('',#6530);
#6532=CARTESIAN_POINT('',(-7.105938563,9.729241438,-5.514526106));
#6533=VERTEX_POINT('',#6532);
#6534=CARTESIAN_POINT('',(-5.768081035,9.722434473,-6.679704952));
#6535=DIRECTION('',(-0.439282491,0.740436068,-0.508709468));
#6536=DIRECTION('',(-0.,-0.566271547,-0.824218742));
#6537=AXIS2_PLACEMENT_3D('',#6534,#6535,#6536);
#6538=CIRCLE('',#6537,1.774133829);
#6539=EDGE_CURVE('',#6531,#6533,#6538,.T.);
#6540=ORIENTED_EDGE('',*,*,#6539,.T.);
#6541=CARTESIAN_POINT('',(-5.768081035,9.722434473,-6.679704952));
#6542=DIRECTION('',(-0.439282491,0.740436068,-0.508709468));
#6543=DIRECTION('',(-0.,-0.566271547,-0.824218742));
#6544=AXIS2_PLACEMENT_3D('',#6541,#6542,#6543);
#6545=CIRCLE('',#6544,1.774133829);
#6546=EDGE_CURVE('',#6533,#6531,#6545,.T.);
#6547=ORIENTED_EDGE('',*,*,#6546,.T.);
#6548=EDGE_LOOP('',(#6540,#6547));
#6549=FACE_BOUND('',#6548,.T.);
#6550=CARTESIAN_POINT('',(0.654760463,-12.18937629,-5.152950068));
#6551=VERTEX_POINT('',#6550);
#6552=CARTESIAN_POINT('',(-0.450567289,-12.039497122,-5.514526106));
#6553=VERTEX_POINT('',#6552);
#6554=CARTESIAN_POINT('',(0.654760463,-11.285733457,-6.679704952));
#6555=DIRECTION('',(0.049864904,-0.859492972,-0.508709468));
#6556=DIRECTION('',(0.,-0.509343105,0.860563537));
#6557=AXIS2_PLACEMENT_3D('',#6554,#6555,#6556);
#6558=CIRCLE('',#6557,1.774133829);
#6559=EDGE_CURVE('',#6551,#6553,#6558,.T.);
#6560=ORIENTED_EDGE('',*,*,#6559,.T.);
#6561=CARTESIAN_POINT('',(0.654760463,-11.285733457,-6.679704952));
#6562=DIRECTION('',(0.049864904,-0.859492972,-0.508709468));
#6563=DIRECTION('',(0.,-0.509343105,0.860563537));
#6564=AXIS2_PLACEMENT_3D('',#6561,#6562,#6563);
#6565=CIRCLE('',#6564,1.774133829);
#6566=EDGE_CURVE('',#6553,#6551,#6565,.T.);
#6567=ORIENTED_EDGE('',*,*,#6566,.T.);
#6568=EDGE_LOOP('',(#6560,#6567));
#6569=FACE_BOUND('',#6568,.T.);
#6570=ADVANCED_FACE('',(#6509,#6529,#6549,#6569),#6283,.F.);
#6571=CARTESIAN_POINT('',(0.,-0.,-19.5));
#6572=DIRECTION('',(-0.,0.,1.));
#6573=DIRECTION('',(1.,0.,0.));
#6574=AXIS2_PLACEMENT_3D('',#6571,#6572,#6573);
#6575=CYLINDRICAL_SURFACE('',#6574,3.);
#6576=CARTESIAN_POINT('',(3.,-0.,-12.905909499));
#6577=DIRECTION('',(0.,-0.,-1.));
#6578=VECTOR('',#6577,5.094090501);
#6579=LINE('',#6576,#6578);
#6580=EDGE_CURVE('',#6287,#4529,#6579,.T.);
#6581=ORIENTED_EDGE('',*,*,#6580,.F.);
#6582=ORIENTED_EDGE('',*,*,#6506,.T.);
#6583=ORIENTED_EDGE('',*,*,#6580,.T.);
#6584=ORIENTED_EDGE('',*,*,#4535,.T.);
#6585=CARTESIAN_POINT('',(1.922963455,-2.302653154,-17.8));
#6586=VERTEX_POINT('',#6585);
#6587=CARTESIAN_POINT('',(1.922963455,-2.302653154,-17.8));
#6588=DIRECTION('',(0.,-0.,-1.));
#6589=VECTOR('',#6588,0.2);
#6590=LINE('',#6587,#6589);
#6591=EDGE_CURVE('',#6586,#4521,#6590,.T.);
#6592=ORIENTED_EDGE('',*,*,#6591,.F.);
#6593=CARTESIAN_POINT('',(1.7652653,-2.42566247,-17.8));
#6594=VERTEX_POINT('',#6593);
#6595=CARTESIAN_POINT('',(-0.,-0.,-17.8));
#6596=DIRECTION('',(0.,-0.,-1.));
#6597=DIRECTION('',(0.,1.,-0.));
#6598=AXIS2_PLACEMENT_3D('',#6595,#6596,#6597);
#6599=CIRCLE('',#6598,3.);
#6600=EDGE_CURVE('',#6586,#6594,#6599,.T.);
#6601=ORIENTED_EDGE('',*,*,#6600,.T.);
#6602=CARTESIAN_POINT('',(1.7652653,-2.42566247,-17.8));
#6603=DIRECTION('',(0.,-0.,-1.));
#6604=VECTOR('',#6603,0.2);
#6605=LINE('',#6602,#6604);
#6606=EDGE_CURVE('',#6594,#4484,#6605,.T.);
#6607=ORIENTED_EDGE('',*,*,#6606,.T.);
#6608=ORIENTED_EDGE('',*,*,#4492,.T.);
#6609=CARTESIAN_POINT('',(1.760598427,2.429051909,-17.8));
#6610=VERTEX_POINT('',#6609);
#6611=CARTESIAN_POINT('',(1.760598427,2.429051909,-17.8));
#6612=DIRECTION('',(0.,-0.,-1.));
#6613=VECTOR('',#6612,0.2);
#6614=LINE('',#6611,#6613);
#6615=EDGE_CURVE('',#6610,#4486,#6614,.T.);
#6616=ORIENTED_EDGE('',*,*,#6615,.F.);
#6617=CARTESIAN_POINT('',(1.91853279,2.306346013,-17.8));
#6618=VERTEX_POINT('',#6617);
#6619=CARTESIAN_POINT('',(-0.,-0.,-17.8));
#6620=DIRECTION('',(0.,-0.,-1.));
#6621=DIRECTION('',(0.,1.,-0.));
#6622=AXIS2_PLACEMENT_3D('',#6619,#6620,#6621);
#6623=CIRCLE('',#6622,3.);
#6624=EDGE_CURVE('',#6610,#6618,#6623,.T.);
#6625=ORIENTED_EDGE('',*,*,#6624,.T.);
#6626=CARTESIAN_POINT('',(1.91853279,2.306346013,-17.8));
#6627=DIRECTION('',(0.,-0.,-1.));
#6628=VECTOR('',#6627,0.2);
#6629=LINE('',#6626,#6628);
#6630=EDGE_CURVE('',#6618,#4538,#6629,.T.);
#6631=ORIENTED_EDGE('',*,*,#6630,.T.);
#6632=ORIENTED_EDGE('',*,*,#4544,.T.);
#6633=EDGE_LOOP('',(#6581,#6582,#6583,#6584,#6592,#6601,#6607,#6608,#6616,#6625,#6631,#6632));
#6634=FACE_BOUND('',#6633,.T.);
#6635=ADVANCED_FACE('',(#6634),#6575,.F.);
#6636=CARTESIAN_POINT('',(6.224640612,-7.98,-13.5));
#6637=DIRECTION('',(0.,0.,1.));
#6638=DIRECTION('',(1.,0.,0.));
#6639=AXIS2_PLACEMENT_3D('',#6636,#6637,#6638);
#6640=PLANE('',#6639);
#6641=CARTESIAN_POINT('',(6.224640612,-7.18,-13.5));
#6642=VERTEX_POINT('',#6641);
#6643=CARTESIAN_POINT('',(6.224640612,-7.98,-13.5));
#6644=DIRECTION('',(0.,0.,1.));
#6645=DIRECTION('',(0.,1.,-0.));
#6646=AXIS2_PLACEMENT_3D('',#6643,#6644,#6645);
#6647=CIRCLE('',#6646,0.8);
#6648=EDGE_CURVE('',#6642,#6642,#6647,.T.);
#6649=ORIENTED_EDGE('',*,*,#6648,.F.);
#6650=EDGE_LOOP('',(#6649));
#6651=FACE_BOUND('',#6650,.T.);
#6652=ADVANCED_FACE('',(#6651),#6640,.F.);
#6653=CARTESIAN_POINT('',(6.224640612,-7.98,-19.5));
#6654=DIRECTION('',(0.,0.,1.));
#6655=DIRECTION('',(0.,1.,-0.));
#6656=AXIS2_PLACEMENT_3D('',#6653,#6654,#6655);
#6657=CYLINDRICAL_SURFACE('',#6656,0.8);
#6658=CARTESIAN_POINT('',(6.224640612,-7.18,-13.5));
#6659=DIRECTION('',(-0.,-0.,-1.));
#6660=VECTOR('',#6659,4.5);
#6661=LINE('',#6658,#6660);
#6662=EDGE_CURVE('',#6642,#4503,#6661,.T.);
#6663=ORIENTED_EDGE('',*,*,#6662,.F.);
#6664=ORIENTED_EDGE('',*,*,#6648,.T.);
#6665=ORIENTED_EDGE('',*,*,#6662,.T.);
#6666=ORIENTED_EDGE('',*,*,#4509,.T.);
#6667=CARTESIAN_POINT('',(5.657613445,-7.415659506,-17.8));
#6668=VERTEX_POINT('',#6667);
#6669=CARTESIAN_POINT('',(5.657613445,-7.415659506,-18.));
#6670=DIRECTION('',(0.,0.,1.));
#6671=VECTOR('',#6670,0.2);
#6672=LINE('',#6669,#6671);
#6673=EDGE_CURVE('',#4495,#6668,#6672,.T.);
#6674=ORIENTED_EDGE('',*,*,#6673,.T.);
#6675=CARTESIAN_POINT('',(5.815311601,-7.29265019,-17.8));
#6676=VERTEX_POINT('',#6675);
#6677=CARTESIAN_POINT('',(6.224640612,-7.98,-17.8));
#6678=DIRECTION('',(0.,-0.,-1.));
#6679=DIRECTION('',(0.,1.,-0.));
#6680=AXIS2_PLACEMENT_3D('',#6677,#6678,#6679);
#6681=CIRCLE('',#6680,0.8);
#6682=EDGE_CURVE('',#6668,#6676,#6681,.T.);
#6683=ORIENTED_EDGE('',*,*,#6682,.T.);
#6684=CARTESIAN_POINT('',(5.815311601,-7.29265019,-18.));
#6685=DIRECTION('',(0.,0.,1.));
#6686=VECTOR('',#6685,0.2);
#6687=LINE('',#6684,#6686);
#6688=EDGE_CURVE('',#4512,#6676,#6687,.T.);
#6689=ORIENTED_EDGE('',*,*,#6688,.F.);
#6690=ORIENTED_EDGE('',*,*,#4518,.T.);
#6691=EDGE_LOOP('',(#6663,#6664,#6665,#6666,#6674,#6683,#6689,#6690));
#6692=FACE_BOUND('',#6691,.T.);
#6693=ADVANCED_FACE('',(#6692),#6657,.F.);
#6694=CARTESIAN_POINT('',(0.015605757,-11.432542961,-5.858375039));
#6695=CARTESIAN_POINT('',(1.576827102,-12.000919986,-4.745035801));
#6696=CARTESIAN_POINT('',(2.822873126,-11.151195353,-6.058552508));
#6697=CARTESIAN_POINT('',(1.261651782,-10.582818327,-7.171891746));
#6698=CARTESIAN_POINT('',(-0.299569563,-10.014441302,-8.285230984));
#6699=CARTESIAN_POINT('',(-1.545615587,-10.864165935,-6.971714277));
#6700=CARTESIAN_POINT('',(0.015605757,-11.432542961,-5.858375039));
#6701=CARTESIAN_POINT('',(-0.179316614,-11.631241274,-5.68647648));
#6702=CARTESIAN_POINT('',(1.879555363,-12.380792601,-4.218252281));
#6703=CARTESIAN_POINT('',(3.5227876,-11.260212075,-5.95046197));
#6704=CARTESIAN_POINT('',(1.463915623,-10.510660748,-7.41868617));
#6705=CARTESIAN_POINT('',(-0.594956354,-9.761109421,-8.886910369));
#6706=CARTESIAN_POINT('',(-2.238188592,-10.881689947,-7.15470068));
#6707=CARTESIAN_POINT('',(-0.179316614,-11.631241274,-5.68647648));
#6708=CARTESIAN_POINT('',(-0.343088983,-11.839964073,-5.563376827));
#6709=CARTESIAN_POINT('',(2.139748095,-12.743863804,-3.792814343));
#6710=CARTESIAN_POINT('',(4.121356458,-11.392532147,-5.881722489));
#6711=CARTESIAN_POINT('',(1.638519379,-10.488632416,-7.652284973));
#6712=CARTESIAN_POINT('',(-0.844317699,-9.584732684,-9.422847457));
#6713=CARTESIAN_POINT('',(-2.825926061,-10.936064341,-7.333939311));
#6714=CARTESIAN_POINT('',(-0.343088983,-11.839964073,-5.563376827));
#6715=CARTESIAN_POINT('',(-0.450567289,-12.039497122,-5.514526106));
#6716=CARTESIAN_POINT('',(2.319252194,-13.047875444,-3.539310532));
#6717=CARTESIAN_POINT('',(4.529907697,-11.540348113,-5.869668223));
#6718=CARTESIAN_POINT('',(1.760088214,-10.531969792,-7.844883797));
#6719=CARTESIAN_POINT('',(-1.009731269,-9.52359147,-9.820099371));
#6720=CARTESIAN_POINT('',(-3.220386772,-11.0311188,-7.48974168));
#6721=CARTESIAN_POINT('',(-0.450567289,-12.039497122,-5.514526106));
#6722=(BOUNDED_SURFACE()
B_SPLINE_SURFACE(3,3,((#6694,#6695,#6696,#6697,#6698,#6699,#6700),(#6701,#6702,#6703,#6704,#6705,#6706,#6707),(#6708,#6709,#6710,#6711,#6712,#6713,#6714),(#6715,#6716,#6717,#6718,#6719,#6720,#6721)),.UNSPECIFIED.,.F.,.T.,.U.)
B_SPLINE_SURFACE_WITH_KNOTS((4,4),(4,3,4),(0.211324596,0.377682963),(0.,0.5,1.),.UNSPECIFIED.)
GEOMETRIC_REPRESENTATION_ITEM()
RATIONAL_B_SPLINE_SURFACE(((0.666666978,0.222222326,0.222222326,0.666666978,0.222222326,0.222222326,0.666666978),(0.602635553,0.200878518,0.200878518,0.602635553,0.200878518,0.200878518,0.602635553),(0.557054198,0.185684733,0.185684733,0.557054198,0.185684733,0.185684733,0.557054198),(0.529922915,0.176640972,0.176640972,0.529922915,0.176640972,0.176640972,0.529922915)))
REPRESENTATION_ITEM('')
SURFACE()
);
#6723=CARTESIAN_POINT('',(-0.07880143,-11.532326096,-5.776929895));
#6724=VERTEX_POINT('',#6723);
#6725=CARTESIAN_POINT('',(-0.450567289,-12.039497122,-5.514526106));
#6726=CARTESIAN_POINT('',(-0.361600463,-11.874330562,-5.554963044));
#6727=CARTESIAN_POINT('',(-0.232989691,-11.70146531,-5.647061877));
#6728=CARTESIAN_POINT('',(-0.07880143,-11.532326095,-5.776929895));
#6729=(BOUNDED_CURVE()
B_SPLINE_CURVE(3,(#6725,#6726,#6727,#6728),.UNSPECIFIED.,.F.,.F.)
B_SPLINE_CURVE_WITH_KNOTS((4,4),(0.622317037,0.758819045),.UNSPECIFIED.)
CURVE()
GEOMETRIC_REPRESENTATION_ITEM()
RATIONAL_B_SPLINE_CURVE((0.529922915,0.552184943,0.586868837,0.633974596))
REPRESENTATION_ITEM(''));
#6730=EDGE_CURVE('',#6553,#6724,#6729,.T.);
#6731=ORIENTED_EDGE('',*,*,#6730,.T.);
#6732=CARTESIAN_POINT('',(-0.499710189,-11.002842468,-6.712780438));
#6733=VERTEX_POINT('',#6732);
#6734=CARTESIAN_POINT('',(-0.499710189,-11.002842468,-6.712780438));
#6735=CARTESIAN_POINT('',(-0.431323313,-11.0673132,-6.543965787));
#6736=CARTESIAN_POINT('',(-0.361581515,-11.145025609,-6.381110172));
#6737=CARTESIAN_POINT('',(-0.291229334,-11.233531402,-6.224693479));
#6738=CARTESIAN_POINT('',(-0.220877152,-11.322037194,-6.068276786));
#6739=CARTESIAN_POINT('',(-0.149886952,-11.421346918,-5.91821874));
#6740=CARTESIAN_POINT('',(-0.07880143,-11.532326096,-5.776929895));
#6741=B_SPLINE_CURVE_WITH_KNOTS('',3,(#6734,#6735,#6736,#6737,#6738,#6739,#6740),.UNSPECIFIED.,.F.,.F.,(4,3,4),(0.,0.000578972,0.001157944),.UNSPECIFIED.);
#6742=EDGE_CURVE('',#6733,#6724,#6741,.T.);
#6743=ORIENTED_EDGE('',*,*,#6742,.F.);
#6744=CARTESIAN_POINT('',(0.219695827,-10.512253035,-7.471140725));
#6745=VERTEX_POINT('',#6744);
#6746=CARTESIAN_POINT('',(0.219695827,-10.512253035,-7.471140725));
#6747=CARTESIAN_POINT('',(0.099155825,-10.570279794,-7.331732589));
#6748=CARTESIAN_POINT('',(-0.021743465,-10.641495934,-7.198554013));
#6749=CARTESIAN_POINT('',(-0.141986869,-10.723494663,-7.071799858));
#6750=CARTESIAN_POINT('',(-0.262230272,-10.805493391,-6.945045703));
#6751=CARTESIAN_POINT('',(-0.38186771,-10.898307336,-6.824662622));
#6752=CARTESIAN_POINT('',(-0.499710189,-11.002842468,-6.712780438));
#6753=B_SPLINE_CURVE_WITH_KNOTS('',3,(#6746,#6747,#6748,#6749,#6750,#6751,#6752),.UNSPECIFIED.,.F.,.F.,(4,3,4),(0.,0.000578972,0.001157944),.UNSPECIFIED.);
#6754=EDGE_CURVE('',#6745,#6733,#6753,.T.);
#6755=ORIENTED_EDGE('',*,*,#6754,.F.);
#6756=CARTESIAN_POINT('',(1.360010602,-10.551147229,-7.293650469));
#6757=VERTEX_POINT('',#6756);
#6758=CARTESIAN_POINT('',(1.360010602,-10.551147229,-7.293650469));
#6759=CARTESIAN_POINT('',(1.169734605,-10.521449362,-7.309293663));
#6760=CARTESIAN_POINT('',(0.978466799,-10.504151009,-7.332577267));
#6761=CARTESIAN_POINT('',(0.787871242,-10.497644178,-7.362239931));
#6762=CARTESIAN_POINT('',(0.597275686,-10.491137347,-7.391902596));
#6763=CARTESIAN_POINT('',(0.407274708,-10.495443072,-7.427970672));
#6764=CARTESIAN_POINT('',(0.219695827,-10.512253035,-7.471140725));
#6765=B_SPLINE_CURVE_WITH_KNOTS('',3,(#6758,#6759,#6760,#6761,#6762,#6763,#6764),.UNSPECIFIED.,.F.,.F.,(4,3,4),(0.,0.000578972,0.001157944),.UNSPECIFIED.);
#6766=EDGE_CURVE('',#6757,#6745,#6765,.T.);
#6767=ORIENTED_EDGE('',*,*,#6766,.F.);
#6768=CARTESIAN_POINT('',(1.78091936,-11.080630857,-6.357799927));
#6769=VERTEX_POINT('',#6768);
#6770=CARTESIAN_POINT('',(1.78091936,-11.080630857,-6.357799927));
#6771=CARTESIAN_POINT('',(1.709834258,-10.969652333,-6.499087937));
#6772=CARTESIAN_POINT('',(1.638838332,-10.870323236,-6.649149249));
#6773=CARTESIAN_POINT('',(1.568486904,-10.781830436,-6.805573632));
#6774=CARTESIAN_POINT('',(1.498135477,-10.693337637,-6.961998015));
#6775=CARTESIAN_POINT('',(1.428397881,-10.615618343,-7.124834823));
#6776=CARTESIAN_POINT('',(1.360010602,-10.551147229,-7.293650469));
#6777=B_SPLINE_CURVE_WITH_KNOTS('',3,(#6770,#6771,#6772,#6773,#6774,#6775,#6776),.UNSPECIFIED.,.F.,.F.,(4,3,4),(0.,0.000578972,0.001157944),.UNSPECIFIED.);
#6778=EDGE_CURVE('',#6769,#6757,#6777,.T.);
#6779=ORIENTED_EDGE('',*,*,#6778,.F.);
#6780=CARTESIAN_POINT('',(1.061513344,-11.57122029,-5.599439639));
#6781=VERTEX_POINT('',#6780);
#6782=CARTESIAN_POINT('',(1.061513344,-11.57122029,-5.599439639));
#6783=CARTESIAN_POINT('',(1.17935512,-11.466685743,-5.711321137));
#6784=CARTESIAN_POINT('',(1.299001,-11.37386528,-5.831712729));
#6785=CARTESIAN_POINT('',(1.41924444,-11.291867182,-5.958467257));
#6786=CARTESIAN_POINT('',(1.53948788,-11.209869083,-6.085221784));
#6787=CARTESIAN_POINT('',(1.660378643,-11.138657997,-6.218390984));
#6788=CARTESIAN_POINT('',(1.78091936,-11.080630857,-6.357799927));
#6789=B_SPLINE_CURVE_WITH_KNOTS('',3,(#6782,#6783,#6784,#6785,#6786,#6787,#6788),.UNSPECIFIED.,.F.,.F.,(4,3,4),(0.,0.000578972,0.001157944),.UNSPECIFIED.);
#6790=EDGE_CURVE('',#6781,#6769,#6789,.T.);
#6791=ORIENTED_EDGE('',*,*,#6790,.F.);
#6792=CARTESIAN_POINT('',(-0.07880143,-11.532326096,-5.776929895));
#6793=CARTESIAN_POINT('',(0.108776342,-11.515516175,-5.733760062));
#6794=CARTESIAN_POINT('',(0.298791469,-11.511222736,-5.697696891));
#6795=CARTESIAN_POINT('',(0.489386336,-11.51771766,-5.668027179));
#6796=CARTESIAN_POINT('',(0.679981203,-11.524212585,-5.638357467));
#6797=CARTESIAN_POINT('',(0.871236235,-11.541522246,-5.615082923));
#6798=CARTESIAN_POINT('',(1.061513344,-11.57122029,-5.599439639));
#6799=B_SPLINE_CURVE_WITH_KNOTS('',3,(#6792,#6793,#6794,#6795,#6796,#6797,#6798),.UNSPECIFIED.,.F.,.F.,(4,3,4),(0.,0.000578972,0.001157944),.UNSPECIFIED.);
#6800=EDGE_CURVE('',#6724,#6781,#6799,.T.);
#6801=ORIENTED_EDGE('',*,*,#6800,.F.);
#6802=ORIENTED_EDGE('',*,*,#6730,.F.);
#6803=ORIENTED_EDGE('',*,*,#6559,.F.);
#6804=ORIENTED_EDGE('',*,*,#6566,.F.);
#6805=EDGE_LOOP('',(#6731,#6743,#6755,#6767,#6779,#6791,#6801,#6802,#6803,#6804));
#6806=FACE_BOUND('',#6805,.T.);
#6807=ADVANCED_FACE('',(#6806),#6722,.T.);
#6808=CARTESIAN_POINT('',(-6.380059133,9.486734293,-5.858375039));
#6809=CARTESIAN_POINT('',(-7.356537888,8.142504487,-6.971714277));
#6810=CARTESIAN_POINT('',(-5.848358931,8.134830934,-8.285230984));
#6811=CARTESIAN_POINT('',(-4.871880177,9.47906074,-7.171891746));
#6812=CARTESIAN_POINT('',(-3.895401422,10.823290546,-6.058552508));
#6813=CARTESIAN_POINT('',(-5.403580379,10.830964099,-4.745035801));
#6814=CARTESIAN_POINT('',(-6.380059133,9.486734293,-5.858375039));
#6815=CARTESIAN_POINT('',(-6.65276779,9.542463454,-5.68647648));
#6816=CARTESIAN_POINT('',(-7.940506233,7.769750642,-7.15470068));
#6817=CARTESIAN_POINT('',(-5.95158429,7.759631088,-8.886910369));
#6818=CARTESIAN_POINT('',(-4.663845847,9.5323439,-7.41868617));
#6819=CARTESIAN_POINT('',(-3.376107403,11.305056711,-5.95046197));
#6820=CARTESIAN_POINT('',(-5.365029346,11.315176265,-4.218252281));
#6821=CARTESIAN_POINT('',(-6.65276779,9.542463454,-5.68647648));
#6822=CARTESIAN_POINT('',(-6.905257544,9.623922149,-5.563376827));
#6823=CARTESIAN_POINT('',(-8.458168454,7.486170436,-7.333939311));
#6824=CARTESIAN_POINT('',(-6.059685594,7.473967053,-9.422847456));
#6825=CARTESIAN_POINT('',(-4.506774685,9.611718766,-7.652284973));
#6826=CARTESIAN_POINT('',(-2.953863776,11.74947048,-5.881722489));
#6827=CARTESIAN_POINT('',(-5.352346635,11.761673863,-3.792814343));
#6828=CARTESIAN_POINT('',(-6.905257544,9.623922149,-5.563376827));
#6829=CARTESIAN_POINT('',(-7.105938563,9.729241438,-5.514526106));
#6830=CARTESIAN_POINT('',(-8.838344983,7.344394523,-7.48974168));
#6831=CARTESIAN_POINT('',(-6.162629926,7.330780594,-9.820099371));
#6832=CARTESIAN_POINT('',(-4.430223507,9.715627509,-7.844883797));
#6833=CARTESIAN_POINT('',(-2.697817087,12.100474424,-5.869668223));
#6834=CARTESIAN_POINT('',(-5.373532144,12.114088353,-3.539310532));
#6835=CARTESIAN_POINT('',(-7.105938563,9.729241438,-5.514526106));
#6836=(BOUNDED_SURFACE()
B_SPLINE_SURFACE(3,3,((#6808,#6809,#6810,#6811,#6812,#6813,#6814),(#6815,#6816,#6817,#6818,#6819,#6820,#6821),(#6822,#6823,#6824,#6825,#6826,#6827,#6828),(#6829,#6830,#6831,#6832,#6833,#6834,#6835)),.UNSPECIFIED.,.F.,.T.,.U.)
B_SPLINE_SURFACE_WITH_KNOTS((4,4),(4,3,4),(0.211324596,0.377682963),(0.,0.5,1.),.UNSPECIFIED.)
GEOMETRIC_REPRESENTATION_ITEM()
RATIONAL_B_SPLINE_SURFACE(((0.666666978,0.222222326,0.222222326,0.666666978,0.222222326,0.222222326,0.666666978),(0.602635553,0.200878518,0.200878518,0.602635553,0.200878518,0.200878518,0.602635553),(0.557054198,0.185684733,0.185684733,0.557054198,0.185684733,0.185684733,0.557054198),(0.529922915,0.176640972,0.176640972,0.529922915,0.176640972,0.176640972,0.529922915)))
REPRESENTATION_ITEM('')
SURFACE()
);
#6837=CARTESIAN_POINT('',(-6.51412426,9.516666432,-5.776929895));
#6838=VERTEX_POINT('',#6837);
#6839=CARTESIAN_POINT('',(-7.105938563,9.729241438,-5.514526106));
#6840=CARTESIAN_POINT('',(-6.939821754,9.642061772,-5.554963044));
#6841=CARTESIAN_POINT('',(-6.73653357,9.570668214,-5.647061877));
#6842=CARTESIAN_POINT('',(-6.514124259,9.516666431,-5.776929895));
#6843=(BOUNDED_CURVE()
B_SPLINE_CURVE(3,(#6839,#6840,#6841,#6842),.UNSPECIFIED.,.F.,.F.)
B_SPLINE_CURVE_WITH_KNOTS((4,4),(0.622317037,0.758819045),.UNSPECIFIED.)
CURVE()
GEOMETRIC_REPRESENTATION_ITEM()
RATIONAL_B_SPLINE_CURVE((0.529922915,0.552184943,0.586868837,0.633974596))
REPRESENTATION_ITEM(''));
#6844=EDGE_CURVE('',#6533,#6838,#6843,.T.);
#6845=ORIENTED_EDGE('',*,*,#6844,.T.);
#6846=CARTESIAN_POINT('',(-5.590509825,10.186567109,-5.599439639));
#6847=VERTEX_POINT('',#6846);
#6848=CARTESIAN_POINT('',(-5.590509825,10.186567109,-5.599439639));
#6849=CARTESIAN_POINT('',(-5.731648934,10.055545475,-5.615082831));
#6850=CARTESIAN_POINT('',(-5.880537636,9.934238181,-5.638359064));
#6851=CARTESIAN_POINT('',(-6.034916319,9.822274804,-5.6680291));
#6852=CARTESIAN_POINT('',(-6.189295002,9.710311427,-5.697699137));
#6853=CARTESIAN_POINT('',(-6.349214282,9.607623069,-5.733759809));
#6854=CARTESIAN_POINT('',(-6.51412426,9.516666432,-5.776929895));
#6855=B_SPLINE_CURVE_WITH_KNOTS('',3,(#6848,#6849,#6850,#6851,#6852,#6853,#6854),.UNSPECIFIED.,.F.,.F.,(4,3,4),(0.,0.000578972,0.001157944),.UNSPECIFIED.);
#6856=EDGE_CURVE('',#6847,#6838,#6855,.T.);
#6857=ORIENTED_EDGE('',*,*,#6856,.F.);
#6858=CARTESIAN_POINT('',(-4.719761078,10.182136775,-6.357799927));
#6859=VERTEX_POINT('',#6858);
#6860=CARTESIAN_POINT('',(-4.719761078,10.182136775,-6.357799927));
#6861=CARTESIAN_POINT('',(-4.852141421,10.162838025,-6.218391791));
#6862=CARTESIAN_POINT('',(-4.992195036,10.154272856,-6.085213214));
#6863=CARTESIAN_POINT('',(-5.137734442,10.155013625,-5.958459059));
#6864=CARTESIAN_POINT('',(-5.283273848,10.155754394,-5.831704905));
#6865=CARTESIAN_POINT('',(-5.434358679,10.165800235,-5.711321823));
#6866=CARTESIAN_POINT('',(-5.590509825,10.186567109,-5.599439639));
#6867=B_SPLINE_CURVE_WITH_KNOTS('',3,(#6860,#6861,#6862,#6863,#6864,#6865,#6866),.UNSPECIFIED.,.F.,.F.,(4,3,4),(0.,0.000578972,0.001157944),.UNSPECIFIED.);
#6868=EDGE_CURVE('',#6859,#6847,#6867,.T.);
#6869=ORIENTED_EDGE('',*,*,#6868,.F.);
#6870=CARTESIAN_POINT('',(-4.772626766,9.507805763,-7.293650469));
#6871=VERTEX_POINT('',#6870);
#6872=CARTESIAN_POINT('',(-4.772626766,9.507805763,-7.293650469));
#6873=CARTESIAN_POINT('',(-4.751983054,9.599495883,-7.124835818));
#6874=CARTESIAN_POINT('',(-4.737627072,9.702932245,-6.961987551));
#6875=CARTESIAN_POINT('',(-4.728787919,9.815636575,-6.805563506));
#6876=CARTESIAN_POINT('',(-4.719948766,9.928340906,-6.649139461));
#6877=CARTESIAN_POINT('',(-4.716634907,10.050380395,-6.499088808));
#6878=CARTESIAN_POINT('',(-4.719761078,10.182136775,-6.357799927));
#6879=B_SPLINE_CURVE_WITH_KNOTS('',3,(#6872,#6873,#6874,#6875,#6876,#6877,#6878),.UNSPECIFIED.,.F.,.F.,(4,3,4),(0.,0.000578972,0.001157944),.UNSPECIFIED.);
#6880=EDGE_CURVE('',#6871,#6859,#6879,.T.);
#6881=ORIENTED_EDGE('',*,*,#6880,.F.);
#6882=CARTESIAN_POINT('',(-5.696241201,8.837905085,-7.471140725));
#6883=VERTEX_POINT('',#6882);
#6884=CARTESIAN_POINT('',(-5.696241201,8.837905085,-7.471140725));
#6885=CARTESIAN_POINT('',(-5.531332196,8.928861184,-7.427970893));
#6886=CARTESIAN_POINT('',(-5.371395314,9.031546133,-7.391900357));
#6887=CARTESIAN_POINT('',(-5.217023272,9.143520703,-7.362238011));
#6888=CARTESIAN_POINT('',(-5.06265123,9.255495273,-7.332575665));
#6889=CARTESIAN_POINT('',(-4.913766709,9.376783356,-7.309293754));
#6890=CARTESIAN_POINT('',(-4.772626766,9.507805763,-7.293650469));
#6891=B_SPLINE_CURVE_WITH_KNOTS('',3,(#6884,#6885,#6886,#6887,#6888,#6889,#6890),.UNSPECIFIED.,.F.,.F.,(4,3,4),(0.,0.000578972,0.001157944),.UNSPECIFIED.);
#6892=EDGE_CURVE('',#6883,#6871,#6891,.T.);
#6893=ORIENTED_EDGE('',*,*,#6892,.F.);
#6894=CARTESIAN_POINT('',(-6.566989948,8.84233542,-6.712780438));
#6895=VERTEX_POINT('',#6894);
#6896=CARTESIAN_POINT('',(-6.566989948,8.84233542,-6.712780438));
#6897=CARTESIAN_POINT('',(-6.410839711,8.821568638,-6.824661936));
#6898=CARTESIAN_POINT('',(-6.259744237,8.811522114,-6.945053527));
#6899=CARTESIAN_POINT('',(-6.114205153,8.810781887,-7.071808055));
#6900=CARTESIAN_POINT('',(-5.968666068,8.810041661,-7.198562583));
#6901=CARTESIAN_POINT('',(-5.828622349,8.818606252,-7.331731783));
#6902=CARTESIAN_POINT('',(-5.696241201,8.837905085,-7.471140725));
#6903=B_SPLINE_CURVE_WITH_KNOTS('',3,(#6896,#6897,#6898,#6899,#6900,#6901,#6902),.UNSPECIFIED.,.F.,.F.,(4,3,4),(0.,0.000578972,0.001157944),.UNSPECIFIED.);
#6904=EDGE_CURVE('',#6895,#6883,#6903,.T.);
#6905=ORIENTED_EDGE('',*,*,#6904,.F.);
#6906=CARTESIAN_POINT('',(-6.51412426,9.516666432,-5.776929895));
#6907=CARTESIAN_POINT('',(-6.510998078,9.384910778,-5.918217911));
#6908=CARTESIAN_POINT('',(-6.514318605,9.262873516,-6.068286612));
#6909=CARTESIAN_POINT('',(-6.523151673,9.150158927,-6.224703611));
#6910=CARTESIAN_POINT('',(-6.53198474,9.037444339,-6.38112061));
#6911=CARTESIAN_POINT('',(-6.546346113,8.934026072,-6.543964797));
#6912=CARTESIAN_POINT('',(-6.566989948,8.84233542,-6.712780438));
#6913=B_SPLINE_CURVE_WITH_KNOTS('',3,(#6906,#6907,#6908,#6909,#6910,#6911,#6912),.UNSPECIFIED.,.F.,.F.,(4,3,4),(0.,0.000578972,0.001157944),.UNSPECIFIED.);
#6914=EDGE_CURVE('',#6838,#6895,#6913,.T.);
#6915=ORIENTED_EDGE('',*,*,#6914,.F.);
#6916=ORIENTED_EDGE('',*,*,#6844,.F.);
#6917=ORIENTED_EDGE('',*,*,#6539,.F.);
#6918=ORIENTED_EDGE('',*,*,#6546,.F.);
#6919=EDGE_LOOP('',(#6845,#6857,#6869,#6881,#6893,#6905,#6915,#6916,#6917,#6918));
#6920=FACE_BOUND('',#6919,.T.);
#6921=ADVANCED_FACE('',(#6920),#6836,.T.);
#6922=CARTESIAN_POINT('',(10.695913628,3.270068962,6.318854393));
#6923=CARTESIAN_POINT('',(10.111171038,5.182675794,6.318854393));
#6924=CARTESIAN_POINT('',(10.919473612,5.429798691,4.506241359));
#6925=CARTESIAN_POINT('',(11.504216202,3.517191859,4.506241359));
#6926=CARTESIAN_POINT('',(12.088958792,1.604585028,4.506241359));
#6927=CARTESIAN_POINT('',(11.280656218,1.357462131,6.318854393));
#6928=CARTESIAN_POINT('',(10.695913628,3.270068962,6.318854393));
#6929=CARTESIAN_POINT('',(10.630888849,3.250188892,6.638856621));
#6930=CARTESIAN_POINT('',(9.859755315,5.772453031,6.638856621));
#6931=CARTESIAN_POINT('',(10.925710201,6.098348144,4.248460029));
#6932=CARTESIAN_POINT('',(11.696843735,3.576084006,4.248460029));
#6933=CARTESIAN_POINT('',(12.467977268,1.053819868,4.248460029));
#6934=CARTESIAN_POINT('',(11.402022383,0.727924754,6.638856621));
#6935=CARTESIAN_POINT('',(10.630888849,3.250188892,6.638856621));
#6936=CARTESIAN_POINT('',(10.615268238,3.245413192,6.930872561));
#6937=CARTESIAN_POINT('',(9.685342069,6.287064637,6.930872561));
#6938=CARTESIAN_POINT('',(10.970799515,6.680068418,4.048242968));
#6939=CARTESIAN_POINT('',(11.900725684,3.638416973,4.048242968));
#6940=CARTESIAN_POINT('',(12.830651853,0.596765529,4.048242968));
#6941=CARTESIAN_POINT('',(11.545194407,0.203761748,6.930872561));
#6942=CARTESIAN_POINT('',(10.615268238,3.245413192,6.930872561));
#6943=CARTESIAN_POINT('',(10.663431868,3.260138292,7.15717955));
#6944=CARTESIAN_POINT('',(9.626018805,6.653363529,7.15717955));
#6945=CARTESIAN_POINT('',(11.060057756,7.091793234,3.941356941));
#6946=CARTESIAN_POINT('',(12.09747082,3.698567998,3.941356941));
#6947=CARTESIAN_POINT('',(13.134883884,0.305342761,3.941356941));
#6948=CARTESIAN_POINT('',(11.700844932,-0.133086945,7.15717955));
#6949=CARTESIAN_POINT('',(10.663431868,3.260138292,7.15717955));
#6950=(BOUNDED_SURFACE()
B_SPLINE_SURFACE(3,3,((#6922,#6923,#6924,#6925,#6926,#6927,#6928),(#6929,#6930,#6931,#6932,#6933,#6934,#6935),(#6936,#6937,#6938,#6939,#6940,#6941,#6942),(#6943,#6944,#6945,#6946,#6947,#6948,#6949)),.UNSPECIFIED.,.F.,.T.,.U.)
B_SPLINE_SURFACE_WITH_KNOTS((4,4),(4,3,4),(0.211324596,0.377682963),(0.,0.5,1.),.UNSPECIFIED.)
GEOMETRIC_REPRESENTATION_ITEM()
RATIONAL_B_SPLINE_SURFACE(((0.666666978,0.222222326,0.222222326,0.666666978,0.222222326,0.222222326,0.666666978),(0.602635553,0.200878518,0.200878518,0.602635553,0.200878518,0.200878518,0.602635553),(0.557054198,0.185684733,0.185684733,0.557054198,0.185684733,0.185684733,0.557054198),(0.529922915,0.176640972,0.176640972,0.529922915,0.176640972,0.176640972,0.529922915)))
REPRESENTATION_ITEM('')
SURFACE()
);
#6951=CARTESIAN_POINT('',(10.667732392,3.261453094,6.475807531));
#6952=VERTEX_POINT('',#6951);
#6953=CARTESIAN_POINT('',(10.663431868,3.260138292,7.15717955));
#6954=CARTESIAN_POINT('',(10.62356368,3.247949363,6.969850449));
#6955=CARTESIAN_POINT('',(10.627468457,3.249143173,6.735567183));
#6956=CARTESIAN_POINT('',(10.667732392,3.261453094,6.47580753));
#6957=(BOUNDED_CURVE()
B_SPLINE_CURVE(3,(#6953,#6954,#6955,#6956),.UNSPECIFIED.,.F.,.F.)
B_SPLINE_CURVE_WITH_KNOTS((4,4),(0.622317037,0.758819045),.UNSPECIFIED.)
CURVE()
GEOMETRIC_REPRESENTATION_ITEM()
RATIONAL_B_SPLINE_CURVE((0.529922915,0.552184943,0.586868837,0.633974596))
REPRESENTATION_ITEM(''));
#6958=EDGE_CURVE('',#6513,#6952,#6957,.T.);
#6959=ORIENTED_EDGE('',*,*,#6958,.T.);
#6960=CARTESIAN_POINT('',(11.193441279,2.376486673,5.952550486));
#6961=VERTEX_POINT('',#6960);
#6962=CARTESIAN_POINT('',(11.193441279,2.376486673,5.952550486));
#6963=CARTESIAN_POINT('',(11.082892989,2.515938447,6.027809405));
#6964=CARTESIAN_POINT('',(10.984104254,2.660557766,6.109974645));
#6965=CARTESIAN_POINT('',(10.89624243,2.808475399,6.197436408));
#6966=CARTESIAN_POINT('',(10.808380605,2.956393033,6.28489817));
#6967=CARTESIAN_POINT('',(10.731382941,3.10766222,6.37767985));
#6968=CARTESIAN_POINT('',(10.667732392,3.261453094,6.475807531));
#6969=B_SPLINE_CURVE_WITH_KNOTS('',3,(#6962,#6963,#6964,#6965,#6966,#6967,#6968),.UNSPECIFIED.,.F.,.F.,(4,3,4),(0.,0.000578972,0.001157944),.UNSPECIFIED.);
#6970=EDGE_CURVE('',#6961,#6952,#6969,.T.);
#6971=ORIENTED_EDGE('',*,*,#6970,.F.);
#6972=CARTESIAN_POINT('',(11.660115642,2.519163345,4.906036396));
#6973=VERTEX_POINT('',#6972);
#6974=CARTESIAN_POINT('',(11.660115642,2.519163345,4.906036396));
#6975=CARTESIAN_POINT('',(11.55934817,2.488355637,5.067988325));
#6976=CARTESIAN_POINT('',(11.470435246,2.461172228,5.237636385));
#6977=CARTESIAN_POINT('',(11.392434378,2.437324969,5.412553669));
#6978=CARTESIAN_POINT('',(11.31443351,2.413477711,5.587470952));
#6979=CARTESIAN_POINT('',(11.247310993,2.392956298,5.767729297));
#6980=CARTESIAN_POINT('',(11.193441279,2.376486673,5.952550486));
#6981=B_SPLINE_CURVE_WITH_KNOTS('',3,(#6974,#6975,#6976,#6977,#6978,#6979,#6980),.UNSPECIFIED.,.F.,.F.,(4,3,4),(0.,0.000578972,0.001157944),.UNSPECIFIED.);
#6982=EDGE_CURVE('',#6973,#6961,#6981,.T.);
#6983=ORIENTED_EDGE('',*,*,#6982,.F.);
#6984=CARTESIAN_POINT('',(11.601081118,3.546806436,4.382779351));
#6985=VERTEX_POINT('',#6984);
#6986=CARTESIAN_POINT('',(11.601081118,3.546806436,4.382779351));
#6987=CARTESIAN_POINT('',(11.587412878,3.369377855,4.458038274));
#6988=CARTESIAN_POINT('',(11.586395954,3.194244864,4.540209645));
#6989=CARTESIAN_POINT('',(11.596257136,3.022480059,4.627665276));
#6990=CARTESIAN_POINT('',(11.606118319,2.850715254,4.715120908));
#6991=CARTESIAN_POINT('',(11.626885629,2.682254713,4.807908742));
#6992=CARTESIAN_POINT('',(11.660115642,2.519163345,4.906036396));
#6993=B_SPLINE_CURVE_WITH_KNOTS('',3,(#6986,#6987,#6988,#6989,#6990,#6991,#6992),.UNSPECIFIED.,.F.,.F.,(4,3,4),(0.,0.000578972,0.001157944),.UNSPECIFIED.);
#6994=EDGE_CURVE('',#6985,#6973,#6993,.T.);
#6995=ORIENTED_EDGE('',*,*,#6994,.F.);
#6996=CARTESIAN_POINT('',(11.075372232,4.431772856,4.906036396));
#6997=VERTEX_POINT('',#6996);
#6998=CARTESIAN_POINT('',(11.075372232,4.431772856,4.906036396));
#6999=CARTESIAN_POINT('',(11.139022404,4.27798289,4.807909294));
#7000=CARTESIAN_POINT('',(11.216013028,4.12669922,4.715114988));
#7001=CARTESIAN_POINT('',(11.303887955,3.978785591,4.627659615));
#7002=CARTESIAN_POINT('',(11.391762881,3.830871963,4.540204241));
#7003=CARTESIAN_POINT('',(11.490532178,3.686259033,4.458038716));
#7004=CARTESIAN_POINT('',(11.601081118,3.546806436,4.382779351));
#7005=B_SPLINE_CURVE_WITH_KNOTS('',3,(#6998,#6999,#7000,#7001,#7002,#7003,#7004),.UNSPECIFIED.,.F.,.F.,(4,3,4),(0.,0.000578972,0.001157944),.UNSPECIFIED.);
#7006=EDGE_CURVE('',#6997,#6985,#7005,.T.);
#7007=ORIENTED_EDGE('',*,*,#7006,.F.);
#7008=CARTESIAN_POINT('',(10.608697869,4.289096185,5.952550486));
#7009=VERTEX_POINT('',#7008);
#7010=CARTESIAN_POINT('',(10.608697869,4.289096185,5.952550486));
#7011=CARTESIAN_POINT('',(10.662567226,4.305565701,5.767730377));
#7012=CARTESIAN_POINT('',(10.72969451,4.326088571,5.587459331));
#7013=CARTESIAN_POINT('',(10.807696013,4.349936023,5.412542357));
#7014=CARTESIAN_POINT('',(10.885697516,4.373783476,5.237625383));
#7015=CARTESIAN_POINT('',(10.974604199,4.400964977,5.067989305));
#7016=CARTESIAN_POINT('',(11.075372232,4.431772856,4.906036396));
#7017=B_SPLINE_CURVE_WITH_KNOTS('',3,(#7010,#7011,#7012,#7013,#7014,#7015,#7016),.UNSPECIFIED.,.F.,.F.,(4,3,4),(0.,0.000578972,0.001157944),.UNSPECIFIED.);
#7018=EDGE_CURVE('',#7009,#6997,#7017,.T.);
#7019=ORIENTED_EDGE('',*,*,#7018,.F.);
#7020=CARTESIAN_POINT('',(10.667732392,3.261453094,6.475807531));
#7021=CARTESIAN_POINT('',(10.634502518,3.424543485,6.377680426));
#7022=CARTESIAN_POINT('',(10.613746437,3.593019804,6.28489223));
#7023=CARTESIAN_POINT('',(10.603873248,3.764780939,6.197430743));
#7024=CARTESIAN_POINT('',(10.594000059,3.936542074,6.109969256));
#7025=CARTESIAN_POINT('',(10.595029545,4.111666566,6.027809847));
#7026=CARTESIAN_POINT('',(10.608697869,4.289096185,5.952550486));
#7027=B_SPLINE_CURVE_WITH_KNOTS('',3,(#7020,#7021,#7022,#7023,#7024,#7025,#7026),.UNSPECIFIED.,.F.,.F.,(4,3,4),(0.,0.000578972,0.001157944),.UNSPECIFIED.);
#7028=EDGE_CURVE('',#6952,#7009,#7027,.T.);
#7029=ORIENTED_EDGE('',*,*,#7028,.F.);
#7030=ORIENTED_EDGE('',*,*,#6958,.F.);
#7031=ORIENTED_EDGE('',*,*,#6519,.F.);
#7032=ORIENTED_EDGE('',*,*,#6526,.F.);
#7033=EDGE_LOOP('',(#6959,#6971,#6983,#6995,#7007,#7019,#7029,#7030,#7031,#7032));
#7034=FACE_BOUND('',#7033,.T.);
#7035=ADVANCED_FACE('',(#7034),#6950,.T.);
#7036=CARTESIAN_POINT('',(12.913926062,3.948183415,6.2970121));
#7037=DIRECTION('',(0.866706447,0.264978753,0.422618262));
#7038=DIRECTION('',(0.404151854,0.123561622,-0.906307787));
#7039=AXIS2_PLACEMENT_3D('',#7036,#7037,#7038);
#7040=PLANE('',#7039);
#7041=CARTESIAN_POINT('',(13.176780505,3.505700205,6.035383578));
#7042=VERTEX_POINT('',#7041);
#7043=CARTESIAN_POINT('',(13.147263243,4.019521751,5.773755055));
#7044=VERTEX_POINT('',#7043);
#7045=CARTESIAN_POINT('',(13.176780505,3.505700205,6.035383578));
#7046=DIRECTION('',(-0.051125397,0.889965023,-0.453153894));
#7047=VECTOR('',#7046,0.577350269);
#7048=LINE('',#7045,#7047);
#7049=EDGE_CURVE('',#7042,#7044,#7048,.T.);
#7050=ORIENTED_EDGE('',*,*,#7049,.F.);
#7051=CARTESIAN_POINT('',(12.943443324,3.434361869,6.558640622));
#7052=VERTEX_POINT('',#7051);
#7053=CARTESIAN_POINT('',(12.943443324,3.434361869,6.558640622));
#7054=DIRECTION('',(0.404151854,0.123561622,-0.906307787));
#7055=VECTOR('',#7054,0.577350269);
#7056=LINE('',#7053,#7055);
#7057=EDGE_CURVE('',#7052,#7042,#7056,.T.);
#7058=ORIENTED_EDGE('',*,*,#7057,.F.);
#7059=CARTESIAN_POINT('',(12.68058888,3.87684508,6.820269145));
#7060=VERTEX_POINT('',#7059);
#7061=CARTESIAN_POINT('',(12.68058888,3.87684508,6.820269145));
#7062=DIRECTION('',(0.45527725,-0.766403402,-0.453153894));
#7063=VECTOR('',#7062,0.577350269);
#7064=LINE('',#7061,#7063);
#7065=EDGE_CURVE('',#7060,#7052,#7064,.T.);
#7066=ORIENTED_EDGE('',*,*,#7065,.F.);
#7067=CARTESIAN_POINT('',(12.651071619,4.390666625,6.558640622));
#7068=VERTEX_POINT('',#7067);
#7069=CARTESIAN_POINT('',(12.651071619,4.390666625,6.558640622));
#7070=DIRECTION('',(0.051125397,-0.889965023,0.453153894));
#7071=VECTOR('',#7070,0.577350269);
#7072=LINE('',#7069,#7071);
#7073=EDGE_CURVE('',#7068,#7060,#7072,.T.);
#7074=ORIENTED_EDGE('',*,*,#7073,.F.);
#7075=CARTESIAN_POINT('',(12.8844088,4.462004961,6.035383578));
#7076=VERTEX_POINT('',#7075);
#7077=CARTESIAN_POINT('',(12.8844088,4.462004961,6.035383578));
#7078=DIRECTION('',(-0.404151854,-0.123561622,0.906307787));
#7079=VECTOR('',#7078,0.577350269);
#7080=LINE('',#7077,#7079);
#7081=EDGE_CURVE('',#7076,#7068,#7080,.T.);
#7082=ORIENTED_EDGE('',*,*,#7081,.F.);
#7083=CARTESIAN_POINT('',(13.147263243,4.019521751,5.773755055));
#7084=DIRECTION('',(-0.45527725,0.766403402,0.453153894));
#7085=VECTOR('',#7084,0.577350269);
#7086=LINE('',#7083,#7085);
#7087=EDGE_CURVE('',#7044,#7076,#7086,.T.);
#7088=ORIENTED_EDGE('',*,*,#7087,.F.);
#7089=EDGE_LOOP('',(#7050,#7058,#7066,#7074,#7082,#7088));
#7090=FACE_BOUND('',#7089,.T.);
#7091=ADVANCED_FACE('',(#7090),#7040,.F.);
#7092=CARTESIAN_POINT('',(10.308121703,4.197200829,5.805985317));
#7093=DIRECTION('',(-0.292371705,0.956304756,0.));
#7094=DIRECTION('',(-0.866706447,-0.264978753,-0.422618262));
#7095=AXIS2_PLACEMENT_3D('',#7092,#7093,#7094);
#7096=PLANE('',#7095);
#7097=ORIENTED_EDGE('',*,*,#7018,.T.);
#7098=CARTESIAN_POINT('',(12.421538315,4.84333713,5.562445924));
#7099=VERTEX_POINT('',#7098);
#7100=CARTESIAN_POINT('',(11.075372232,4.431772856,4.906036396));
#7101=DIRECTION('',(0.866706447,0.264978753,0.422618262));
#7102=VECTOR('',#7101,1.553197265);
#7103=LINE('',#7100,#7102);
#7104=EDGE_CURVE('',#6997,#7099,#7103,.T.);
#7105=ORIENTED_EDGE('',*,*,#7104,.T.);
#7106=CARTESIAN_POINT('',(11.954863952,4.700660459,6.608960014));
#7107=VERTEX_POINT('',#7106);
#7108=CARTESIAN_POINT('',(11.954863952,4.700660459,6.608960014));
#7109=DIRECTION('',(0.404151854,0.123561622,-0.906307787));
#7110=VECTOR('',#7109,1.154700538);
#7111=LINE('',#7108,#7110);
#7112=EDGE_CURVE('',#7107,#7099,#7111,.T.);
#7113=ORIENTED_EDGE('',*,*,#7112,.F.);
#7114=CARTESIAN_POINT('',(10.608697869,4.289096185,5.952550486));
#7115=DIRECTION('',(0.866706447,0.264978753,0.422618262));
#7116=VECTOR('',#7115,1.553197265);
#7117=LINE('',#7114,#7116);
#7118=EDGE_CURVE('',#7009,#7107,#7117,.T.);
#7119=ORIENTED_EDGE('',*,*,#7118,.F.);
#7120=EDGE_LOOP('',(#7097,#7105,#7113,#7119));
#7121=FACE_BOUND('',#7120,.T.);
#7122=ADVANCED_FACE('',(#7121),#7096,.F.);
#7123=CARTESIAN_POINT('',(10.774796066,4.3398775,4.759471227));
#7124=DIRECTION('',(0.20381992,0.585159881,-0.784885567));
#7125=DIRECTION('',(0.45527725,-0.766403402,-0.453153894));
#7126=AXIS2_PLACEMENT_3D('',#7123,#7124,#7125);
#7127=PLANE('',#7126);
#7128=ORIENTED_EDGE('',*,*,#7006,.T.);
#7129=CARTESIAN_POINT('',(12.947247201,3.95837071,5.039188879));
#7130=VERTEX_POINT('',#7129);
#7131=CARTESIAN_POINT('',(11.601081118,3.546806436,4.382779351));
#7132=DIRECTION('',(0.866706447,0.264978753,0.422618262));
#7133=VECTOR('',#7132,1.553197265);
#7134=LINE('',#7131,#7133);
#7135=EDGE_CURVE('',#6985,#7130,#7134,.T.);
#7136=ORIENTED_EDGE('',*,*,#7135,.T.);
#7137=CARTESIAN_POINT('',(12.421538315,4.84333713,5.562445924));
#7138=DIRECTION('',(0.45527725,-0.766403402,-0.453153894));
#7139=VECTOR('',#7138,1.154700538);
#7140=LINE('',#7137,#7139);
#7141=EDGE_CURVE('',#7099,#7130,#7140,.T.);
#7142=ORIENTED_EDGE('',*,*,#7141,.F.);
#7143=ORIENTED_EDGE('',*,*,#7104,.F.);
#7144=EDGE_LOOP('',(#7128,#7136,#7142,#7143));
#7145=FACE_BOUND('',#7144,.T.);
#7146=ADVANCED_FACE('',(#7145),#7127,.F.);
#7147=CARTESIAN_POINT('',(11.300504952,3.45491108,4.236214182));
#7148=DIRECTION('',(0.496191625,-0.371144875,-0.784885567));
#7149=DIRECTION('',(0.051125397,-0.889965023,0.453153894));
#7150=AXIS2_PLACEMENT_3D('',#7147,#7148,#7149);
#7151=PLANE('',#7150);
#7152=ORIENTED_EDGE('',*,*,#6994,.T.);
#7153=CARTESIAN_POINT('',(13.006281725,2.930727618,5.562445924));
#7154=VERTEX_POINT('',#7153);
#7155=CARTESIAN_POINT('',(11.660115642,2.519163345,4.906036396));
#7156=DIRECTION('',(0.866706447,0.264978753,0.422618262));
#7157=VECTOR('',#7156,1.553197265);
#7158=LINE('',#7155,#7157);
#7159=EDGE_CURVE('',#6973,#7154,#7158,.T.);
#7160=ORIENTED_EDGE('',*,*,#7159,.T.);
#7161=CARTESIAN_POINT('',(12.947247201,3.95837071,5.039188879));
#7162=DIRECTION('',(0.051125397,-0.889965023,0.453153894));
#7163=VECTOR('',#7162,1.154700538);
#7164=LINE('',#7161,#7163);
#7165=EDGE_CURVE('',#7130,#7154,#7164,.T.);
#7166=ORIENTED_EDGE('',*,*,#7165,.F.);
#7167=ORIENTED_EDGE('',*,*,#7135,.F.);
#7168=EDGE_LOOP('',(#7152,#7160,#7166,#7167));
#7169=FACE_BOUND('',#7168,.T.);
#7170=ADVANCED_FACE('',(#7169),#7151,.F.);
#7171=CARTESIAN_POINT('',(11.359539475,2.427267988,4.759471227));
#7172=DIRECTION('',(0.292371705,-0.956304756,0.));
#7173=DIRECTION('',(0.866706447,0.264978753,0.422618262));
#7174=AXIS2_PLACEMENT_3D('',#7171,#7172,#7173);
#7175=PLANE('',#7174);
#7176=ORIENTED_EDGE('',*,*,#6982,.T.);
#7177=CARTESIAN_POINT('',(12.539607362,2.788050947,6.608960014));
#7178=VERTEX_POINT('',#7177);
#7179=CARTESIAN_POINT('',(11.193441279,2.376486673,5.952550486));
#7180=DIRECTION('',(0.866706447,0.264978753,0.422618262));
#7181=VECTOR('',#7180,1.553197265);
#7182=LINE('',#7179,#7181);
#7183=EDGE_CURVE('',#6961,#7178,#7182,.T.);
#7184=ORIENTED_EDGE('',*,*,#7183,.T.);
#7185=CARTESIAN_POINT('',(13.006281725,2.930727618,5.562445924));
#7186=DIRECTION('',(-0.404151854,-0.123561622,0.906307787));
#7187=VECTOR('',#7186,1.154700538);
#7188=LINE('',#7185,#7187);
#7189=EDGE_CURVE('',#7154,#7178,#7188,.T.);
#7190=ORIENTED_EDGE('',*,*,#7189,.F.);
#7191=ORIENTED_EDGE('',*,*,#7159,.F.);
#7192=EDGE_LOOP('',(#7176,#7184,#7190,#7191));
#7193=FACE_BOUND('',#7192,.T.);
#7194=ADVANCED_FACE('',(#7193),#7175,.F.);
#7195=CARTESIAN_POINT('',(10.892865112,2.284591317,5.805985317));
#7196=DIRECTION('',(-0.20381992,-0.585159881,0.784885567));
#7197=DIRECTION('',(-0.45527725,0.766403402,0.453153894));
#7198=AXIS2_PLACEMENT_3D('',#7195,#7196,#7197);
#7199=PLANE('',#7198);
#7200=ORIENTED_EDGE('',*,*,#6970,.T.);
#7201=CARTESIAN_POINT('',(12.013898475,3.673017368,7.132217059));
#7202=VERTEX_POINT('',#7201);
#7203=CARTESIAN_POINT('',(10.667732392,3.261453094,6.475807531));
#7204=DIRECTION('',(0.866706447,0.264978753,0.422618262));
#7205=VECTOR('',#7204,1.553197265);
#7206=LINE('',#7203,#7205);
#7207=EDGE_CURVE('',#6952,#7202,#7206,.T.);
#7208=ORIENTED_EDGE('',*,*,#7207,.T.);
#7209=CARTESIAN_POINT('',(12.539607362,2.788050947,6.608960014));
#7210=DIRECTION('',(-0.45527725,0.766403402,0.453153894));
#7211=VECTOR('',#7210,1.154700538);
#7212=LINE('',#7209,#7211);
#7213=EDGE_CURVE('',#7178,#7202,#7212,.T.);
#7214=ORIENTED_EDGE('',*,*,#7213,.F.);
#7215=ORIENTED_EDGE('',*,*,#7183,.F.);
#7216=EDGE_LOOP('',(#7200,#7208,#7214,#7215));
#7217=FACE_BOUND('',#7216,.T.);
#7218=ADVANCED_FACE('',(#7217),#7199,.F.);
#7219=CARTESIAN_POINT('',(10.367156226,3.169557738,6.329242361));
#7220=DIRECTION('',(-0.496191625,0.371144875,0.784885567));
#7221=DIRECTION('',(-0.051125397,0.889965023,-0.453153894));
#7222=AXIS2_PLACEMENT_3D('',#7219,#7220,#7221);
#7223=PLANE('',#7222);
#7224=ORIENTED_EDGE('',*,*,#7028,.T.);
#7225=ORIENTED_EDGE('',*,*,#7118,.T.);
#7226=CARTESIAN_POINT('',(12.013898475,3.673017368,7.132217059));
#7227=DIRECTION('',(-0.051125397,0.889965023,-0.453153894));
#7228=VECTOR('',#7227,1.154700538);
#7229=LINE('',#7226,#7228);
#7230=EDGE_CURVE('',#7202,#7107,#7229,.T.);
#7231=ORIENTED_EDGE('',*,*,#7230,.F.);
#7232=ORIENTED_EDGE('',*,*,#7207,.F.);
#7233=EDGE_LOOP('',(#7224,#7225,#7231,#7232));
#7234=FACE_BOUND('',#7233,.T.);
#7235=ADVANCED_FACE('',(#7234),#7223,.F.);
#7236=CARTESIAN_POINT('',(12.812016102,3.655603475,6.689454884));
#7237=DIRECTION('',(-0.468731559,0.226402247,-0.853834146));
#7238=DIRECTION('',(0.45527725,-0.766403402,-0.453153894));
#7239=AXIS2_PLACEMENT_3D('',#7236,#7237,#7238);
#7240=PLANE('',#7239);
#7241=CARTESIAN_POINT('',(12.013898475,3.673017368,7.132217059));
#7242=DIRECTION('',(0.872902642,0.26687312,-0.408435694));
#7243=VECTOR('',#7242,0.763762616);
#7244=LINE('',#7241,#7243);
#7245=EDGE_CURVE('',#7202,#7060,#7244,.T.);
#7246=ORIENTED_EDGE('',*,*,#7245,.T.);
#7247=ORIENTED_EDGE('',*,*,#7065,.T.);
#7248=CARTESIAN_POINT('',(12.943443324,3.434361869,6.558640622));
#7249=DIRECTION('',(-0.52874539,-0.846219635,0.065883549));
#7250=VECTOR('',#7249,0.763762616);
#7251=LINE('',#7248,#7250);
#7252=EDGE_CURVE('',#7052,#7178,#7251,.T.);
#7253=ORIENTED_EDGE('',*,*,#7252,.T.);
#7254=ORIENTED_EDGE('',*,*,#7213,.T.);
#7255=EDGE_LOOP('',(#7246,#7247,#7253,#7254));
#7256=FACE_BOUND('',#7255,.T.);
#7257=ADVANCED_FACE('',(#7256),#7240,.T.);
#7258=CARTESIAN_POINT('',(13.060111914,3.470031037,6.2970121));
#7259=DIRECTION('',(-0.819592021,0.488841305,-0.298836239));
#7260=DIRECTION('',(0.404151854,0.123561622,-0.906307787));
#7261=AXIS2_PLACEMENT_3D('',#7258,#7259,#7260);
#7262=PLANE('',#7261);
#7263=ORIENTED_EDGE('',*,*,#7252,.F.);
#7264=ORIENTED_EDGE('',*,*,#7057,.T.);
#7265=CARTESIAN_POINT('',(13.176780505,3.505700205,6.035383578));
#7266=DIRECTION('',(-0.223235305,-0.752815829,-0.619220741));
#7267=VECTOR('',#7266,0.763762616);
#7268=LINE('',#7265,#7267);
#7269=EDGE_CURVE('',#7042,#7154,#7268,.T.);
#7270=ORIENTED_EDGE('',*,*,#7269,.T.);
#7271=ORIENTED_EDGE('',*,*,#7189,.T.);
#7272=EDGE_LOOP('',(#7263,#7264,#7270,#7271));
#7273=FACE_BOUND('',#7272,.T.);
#7274=ADVANCED_FACE('',(#7273),#7262,.T.);
#7275=CARTESIAN_POINT('',(12.66583025,4.133755853,6.689454884));
#7276=DIRECTION('',(-0.261993544,-0.449807331,-0.853834146));
#7277=DIRECTION('',(0.051125397,-0.889965023,0.453153894));
#7278=AXIS2_PLACEMENT_3D('',#7275,#7276,#7277);
#7279=PLANE('',#7278);
#7280=ORIENTED_EDGE('',*,*,#7245,.F.);
#7281=ORIENTED_EDGE('',*,*,#7230,.T.);
#7282=CARTESIAN_POINT('',(11.954863952,4.700660459,6.608960014));
#7283=DIRECTION('',(0.911549809,-0.405877202,-0.065883549));
#7284=VECTOR('',#7283,0.763762616);
#7285=LINE('',#7282,#7284);
#7286=EDGE_CURVE('',#7107,#7068,#7285,.T.);
#7287=ORIENTED_EDGE('',*,*,#7286,.T.);
#7288=ORIENTED_EDGE('',*,*,#7073,.T.);
#7289=EDGE_LOOP('',(#7280,#7281,#7287,#7288));
#7290=FACE_BOUND('',#7289,.T.);
#7291=ADVANCED_FACE('',(#7290),#7279,.T.);
#7292=CARTESIAN_POINT('',(13.162021874,3.762610978,5.904569316));
#7293=DIRECTION('',(-0.963714469,0.075070785,0.256161668));
#7294=DIRECTION('',(-0.051125397,0.889965023,-0.453153894));
#7295=AXIS2_PLACEMENT_3D('',#7292,#7293,#7294);
#7296=PLANE('',#7295);
#7297=ORIENTED_EDGE('',*,*,#7269,.F.);
#7298=ORIENTED_EDGE('',*,*,#7049,.T.);
#7299=CARTESIAN_POINT('',(13.147263243,4.019521751,5.773755055));
#7300=DIRECTION('',(-0.261882472,-0.080065507,-0.961772887));
#7301=VECTOR('',#7300,0.763762616);
#7302=LINE('',#7299,#7301);
#7303=EDGE_CURVE('',#7044,#7130,#7302,.T.);
#7304=ORIENTED_EDGE('',*,*,#7303,.T.);
#7305=ORIENTED_EDGE('',*,*,#7165,.T.);
#7306=EDGE_LOOP('',(#7297,#7298,#7304,#7305));
#7307=FACE_BOUND('',#7306,.T.);
#7308=ADVANCED_FACE('',(#7307),#7296,.T.);
#7309=CARTESIAN_POINT('',(12.76774021,4.426335793,6.2970121));
#7310=DIRECTION('',(-0.406115991,-0.863577851,-0.298836239));
#7311=DIRECTION('',(-0.404151854,-0.123561622,0.906307787));
#7312=AXIS2_PLACEMENT_3D('',#7309,#7310,#7311);
#7313=PLANE('',#7312);
#7314=ORIENTED_EDGE('',*,*,#7286,.F.);
#7315=ORIENTED_EDGE('',*,*,#7112,.T.);
#7316=CARTESIAN_POINT('',(12.421538315,4.84333713,5.562445924));
#7317=DIRECTION('',(0.606039724,-0.499281009,0.619220741));
#7318=VECTOR('',#7317,0.763762616);
#7319=LINE('',#7316,#7318);
#7320=EDGE_CURVE('',#7099,#7076,#7319,.T.);
#7321=ORIENTED_EDGE('',*,*,#7320,.T.);
#7322=ORIENTED_EDGE('',*,*,#7081,.T.);
#7323=EDGE_LOOP('',(#7314,#7315,#7321,#7322));
#7324=FACE_BOUND('',#7323,.T.);
#7325=ADVANCED_FACE('',(#7324),#7313,.T.);
#7326=CARTESIAN_POINT('',(13.015836022,4.240763356,5.904569316));
#7327=DIRECTION('',(-0.756976454,-0.601138793,0.256161668));
#7328=DIRECTION('',(-0.45527725,0.766403402,0.453153894));
#7329=AXIS2_PLACEMENT_3D('',#7326,#7327,#7328);
#7330=PLANE('',#7329);
#7331=ORIENTED_EDGE('',*,*,#7303,.F.);
#7332=ORIENTED_EDGE('',*,*,#7087,.T.);
#7333=ORIENTED_EDGE('',*,*,#7320,.F.);
#7334=ORIENTED_EDGE('',*,*,#7141,.T.);
#7335=EDGE_LOOP('',(#7331,#7332,#7333,#7334));
#7336=FACE_BOUND('',#7335,.T.);
#7337=ADVANCED_FACE('',(#7336),#7330,.T.);
#7338=CARTESIAN_POINT('',(-6.545309123,11.032497406,-7.57977107));
#7339=DIRECTION('',(-0.439282491,0.740436068,-0.508709468));
#7340=DIRECTION('',(0.754090535,-0.003836782,-0.656759274));
#7341=AXIS2_PLACEMENT_3D('',#7338,#7339,#7340);
#7342=PLANE('',#7341);
#7343=CARTESIAN_POINT('',(-6.083501905,11.367447745,-7.491025942));
#7344=VERTEX_POINT('',#7343);
#7345=CARTESIAN_POINT('',(-6.109934749,11.030282239,-7.958951214));
#7346=VERTEX_POINT('',#7345);
#7347=CARTESIAN_POINT('',(-6.083501905,11.367447745,-7.491025942));
#7348=DIRECTION('',(-0.045783029,-0.583987787,-0.810470344));
#7349=VECTOR('',#7348,0.577350269);
#7350=LINE('',#7347,#7349);
#7351=EDGE_CURVE('',#7344,#7346,#7350,.T.);
#7352=ORIENTED_EDGE('',*,*,#7351,.F.);
#7353=CARTESIAN_POINT('',(-6.518876279,11.369662912,-7.111845799));
#7354=VERTEX_POINT('',#7353);
#7355=CARTESIAN_POINT('',(-6.518876279,11.369662912,-7.111845799));
#7356=DIRECTION('',(0.754090535,-0.003836782,-0.656759274));
#7357=VECTOR('',#7356,0.577350269);
#7358=LINE('',#7355,#7357);
#7359=EDGE_CURVE('',#7354,#7344,#7358,.T.);
#7360=ORIENTED_EDGE('',*,*,#7359,.F.);
#7361=CARTESIAN_POINT('',(-6.980683496,11.034712573,-7.200590926));
#7362=VERTEX_POINT('',#7361);
#7363=CARTESIAN_POINT('',(-6.980683496,11.034712573,-7.200590926));
#7364=DIRECTION('',(0.799873564,0.580151005,0.15371107));
#7365=VECTOR('',#7364,0.577350269);
#7366=LINE('',#7363,#7365);
#7367=EDGE_CURVE('',#7362,#7354,#7366,.T.);
#7368=ORIENTED_EDGE('',*,*,#7367,.F.);
#7369=CARTESIAN_POINT('',(-7.00711634,10.697547067,-7.668516198));
#7370=VERTEX_POINT('',#7369);
#7371=CARTESIAN_POINT('',(-7.00711634,10.697547067,-7.668516198));
#7372=DIRECTION('',(0.045783029,0.583987787,0.810470344));
#7373=VECTOR('',#7372,0.577350269);
#7374=LINE('',#7371,#7373);
#7375=EDGE_CURVE('',#7370,#7362,#7374,.T.);
#7376=ORIENTED_EDGE('',*,*,#7375,.F.);
#7377=CARTESIAN_POINT('',(-6.571741967,10.6953319,-8.047696341));
#7378=VERTEX_POINT('',#7377);
#7379=CARTESIAN_POINT('',(-6.571741967,10.6953319,-8.047696341));
#7380=DIRECTION('',(-0.754090535,0.003836782,0.656759274));
#7381=VECTOR('',#7380,0.577350269);
#7382=LINE('',#7379,#7381);
#7383=EDGE_CURVE('',#7378,#7370,#7382,.T.);
#7384=ORIENTED_EDGE('',*,*,#7383,.F.);
#7385=CARTESIAN_POINT('',(-6.109934749,11.030282239,-7.958951214));
#7386=DIRECTION('',(-0.799873564,-0.580151005,-0.15371107));
#7387=VECTOR('',#7386,0.577350269);
#7388=LINE('',#7385,#7387);
#7389=EDGE_CURVE('',#7346,#7378,#7388,.T.);
#7390=ORIENTED_EDGE('',*,*,#7389,.F.);
#7391=EDGE_LOOP('',(#7352,#7360,#7368,#7376,#7384,#7390));
#7392=FACE_BOUND('',#7391,.T.);
#7393=ADVANCED_FACE('',(#7392),#7342,.F.);
#7394=CARTESIAN_POINT('',(-6.414645578,8.585550166,-6.536358603));
#7395=DIRECTION('',(-0.488240061,-0.672115845,-0.556670399));
#7396=DIRECTION('',(0.439282491,-0.740436068,0.508709468));
#7397=AXIS2_PLACEMENT_3D('',#7394,#7395,#7396);
#7398=PLANE('',#7397);
#7399=ORIENTED_EDGE('',*,*,#6904,.T.);
#7400=CARTESIAN_POINT('',(-6.378533565,9.98794836,-8.261266879));
#7401=VERTEX_POINT('',#7400);
#7402=CARTESIAN_POINT('',(-5.696241201,8.837905085,-7.471140725));
#7403=DIRECTION('',(-0.439282491,0.740436068,-0.508709468));
#7404=VECTOR('',#7403,1.553197265);
#7405=LINE('',#7402,#7404);
#7406=EDGE_CURVE('',#6883,#7401,#7405,.T.);
#7407=ORIENTED_EDGE('',*,*,#7406,.T.);
#7408=CARTESIAN_POINT('',(-7.249282312,9.992378694,-7.502906592));
#7409=VERTEX_POINT('',#7408);
#7410=CARTESIAN_POINT('',(-7.249282312,9.992378694,-7.502906592));
#7411=DIRECTION('',(0.754090535,-0.003836782,-0.656759274));
#7412=VECTOR('',#7411,1.154700538);
#7413=LINE('',#7410,#7412);
#7414=EDGE_CURVE('',#7409,#7401,#7413,.T.);
#7415=ORIENTED_EDGE('',*,*,#7414,.F.);
#7416=CARTESIAN_POINT('',(-6.566989948,8.84233542,-6.712780438));
#7417=DIRECTION('',(-0.439282491,0.740436068,-0.508709468));
#7418=VECTOR('',#7417,1.553197265);
#7419=LINE('',#7416,#7418);
#7420=EDGE_CURVE('',#6895,#7409,#7419,.T.);
#7421=ORIENTED_EDGE('',*,*,#7420,.F.);
#7422=EDGE_LOOP('',(#7399,#7407,#7415,#7421));
#7423=FACE_BOUND('',#7422,.T.);
#7424=ADVANCED_FACE('',(#7423),#7398,.F.);
#7425=CARTESIAN_POINT('',(-5.543896831,8.581119832,-7.29471889));
#7426=DIRECTION('',(0.408941529,-0.339380673,-0.847105415));
#7427=DIRECTION('',(0.799873564,0.580151005,0.15371107));
#7428=AXIS2_PLACEMENT_3D('',#7425,#7426,#7427);
#7429=PLANE('',#7428);
#7430=ORIENTED_EDGE('',*,*,#6892,.T.);
#7431=CARTESIAN_POINT('',(-5.45491913,10.657849038,-8.083776623));
#7432=VERTEX_POINT('',#7431);
#7433=CARTESIAN_POINT('',(-4.772626766,9.507805763,-7.293650469));
#7434=DIRECTION('',(-0.439282491,0.740436068,-0.508709468));
#7435=VECTOR('',#7434,1.553197265);
#7436=LINE('',#7433,#7435);
#7437=EDGE_CURVE('',#6871,#7432,#7436,.T.);
#7438=ORIENTED_EDGE('',*,*,#7437,.T.);
#7439=CARTESIAN_POINT('',(-6.378533565,9.98794836,-8.261266879));
#7440=DIRECTION('',(0.799873564,0.580151005,0.15371107));
#7441=VECTOR('',#7440,1.154700538);
#7442=LINE('',#7439,#7441);
#7443=EDGE_CURVE('',#7401,#7432,#7442,.T.);
#7444=ORIENTED_EDGE('',*,*,#7443,.F.);
#7445=ORIENTED_EDGE('',*,*,#7406,.F.);
#7446=EDGE_LOOP('',(#7430,#7438,#7444,#7445));
#7447=FACE_BOUND('',#7446,.T.);
#7448=ADVANCED_FACE('',(#7447),#7429,.F.);
#7449=CARTESIAN_POINT('',(-4.620282397,9.25102051,-7.117228635));
#7450=DIRECTION('',(0.897181591,0.332735172,-0.290435016));
#7451=DIRECTION('',(0.045783029,0.583987787,0.810470344));
#7452=AXIS2_PLACEMENT_3D('',#7449,#7450,#7451);
#7453=PLANE('',#7452);
#7454=ORIENTED_EDGE('',*,*,#6880,.T.);
#7455=CARTESIAN_POINT('',(-5.402053442,11.33218005,-7.14792608));
#7456=VERTEX_POINT('',#7455);
#7457=CARTESIAN_POINT('',(-4.719761078,10.182136775,-6.357799927));
#7458=DIRECTION('',(-0.439282491,0.740436068,-0.508709468));
#7459=VECTOR('',#7458,1.553197265);
#7460=LINE('',#7457,#7459);
#7461=EDGE_CURVE('',#6859,#7456,#7460,.T.);
#7462=ORIENTED_EDGE('',*,*,#7461,.T.);
#7463=CARTESIAN_POINT('',(-5.45491913,10.657849038,-8.083776623));
#7464=DIRECTION('',(0.045783029,0.583987787,0.810470344));
#7465=VECTOR('',#7464,1.154700538);
#7466=LINE('',#7463,#7465);
#7467=EDGE_CURVE('',#7432,#7456,#7466,.T.);
#7468=ORIENTED_EDGE('',*,*,#7467,.F.);
#7469=ORIENTED_EDGE('',*,*,#7437,.F.);
#7470=EDGE_LOOP('',(#7454,#7462,#7468,#7469));
#7471=FACE_BOUND('',#7470,.T.);
#7472=ADVANCED_FACE('',(#7471),#7453,.F.);
#7473=CARTESIAN_POINT('',(-4.567416708,9.925351522,-6.181378092));
#7474=DIRECTION('',(0.488240061,0.672115845,0.556670399));
#7475=DIRECTION('',(-0.439282491,0.740436068,-0.508709468));
#7476=AXIS2_PLACEMENT_3D('',#7473,#7474,#7475);
#7477=PLANE('',#7476);
#7478=ORIENTED_EDGE('',*,*,#6868,.T.);
#7479=CARTESIAN_POINT('',(-6.272802189,11.336610384,-6.389565793));
#7480=VERTEX_POINT('',#7479);
#7481=CARTESIAN_POINT('',(-5.590509825,10.186567109,-5.599439639));
#7482=DIRECTION('',(-0.439282491,0.740436068,-0.508709468));
#7483=VECTOR('',#7482,1.553197265);
#7484=LINE('',#7481,#7483);
#7485=EDGE_CURVE('',#6847,#7480,#7484,.T.);
#7486=ORIENTED_EDGE('',*,*,#7485,.T.);
#7487=CARTESIAN_POINT('',(-5.402053442,11.33218005,-7.14792608));
#7488=DIRECTION('',(-0.754090535,0.003836782,0.656759274));
#7489=VECTOR('',#7488,1.154700538);
#7490=LINE('',#7487,#7489);
#7491=EDGE_CURVE('',#7456,#7480,#7490,.T.);
#7492=ORIENTED_EDGE('',*,*,#7491,.F.);
#7493=ORIENTED_EDGE('',*,*,#7461,.F.);
#7494=EDGE_LOOP('',(#7478,#7486,#7492,#7493));
#7495=FACE_BOUND('',#7494,.T.);
#7496=ADVANCED_FACE('',(#7495),#7477,.F.);
#7497=CARTESIAN_POINT('',(-5.438165455,9.929781856,-5.423017804));
#7498=DIRECTION('',(-0.408941529,0.339380673,0.847105415));
#7499=DIRECTION('',(-0.799873564,-0.580151005,-0.15371107));
#7500=AXIS2_PLACEMENT_3D('',#7497,#7498,#7499);
#7501=PLANE('',#7500);
#7502=ORIENTED_EDGE('',*,*,#6856,.T.);
#7503=CARTESIAN_POINT('',(-7.196416624,10.666709706,-6.567056049));
#7504=VERTEX_POINT('',#7503);
#7505=CARTESIAN_POINT('',(-6.51412426,9.516666432,-5.776929895));
#7506=DIRECTION('',(-0.439282491,0.740436068,-0.508709468));
#7507=VECTOR('',#7506,1.553197265);
#7508=LINE('',#7505,#7507);
#7509=EDGE_CURVE('',#6838,#7504,#7508,.T.);
#7510=ORIENTED_EDGE('',*,*,#7509,.T.);
#7511=CARTESIAN_POINT('',(-6.272802189,11.336610384,-6.389565793));
#7512=DIRECTION('',(-0.799873564,-0.580151005,-0.15371107));
#7513=VECTOR('',#7512,1.154700538);
#7514=LINE('',#7511,#7513);
#7515=EDGE_CURVE('',#7480,#7504,#7514,.T.);
#7516=ORIENTED_EDGE('',*,*,#7515,.F.);
#7517=ORIENTED_EDGE('',*,*,#7485,.F.);
#7518=EDGE_LOOP('',(#7502,#7510,#7516,#7517));
#7519=FACE_BOUND('',#7518,.T.);
#7520=ADVANCED_FACE('',(#7519),#7501,.F.);
#7521=CARTESIAN_POINT('',(-6.36177989,9.259881178,-5.60050806));
#7522=DIRECTION('',(-0.897181591,-0.332735172,0.290435016));
#7523=DIRECTION('',(-0.045783029,-0.583987787,-0.810470344));
#7524=AXIS2_PLACEMENT_3D('',#7521,#7522,#7523);
#7525=PLANE('',#7524);
#7526=ORIENTED_EDGE('',*,*,#6914,.T.);
#7527=ORIENTED_EDGE('',*,*,#7420,.T.);
#7528=CARTESIAN_POINT('',(-7.196416624,10.666709706,-6.567056049));
#7529=DIRECTION('',(-0.045783029,-0.583987787,-0.810470344));
#7530=VECTOR('',#7529,1.154700538);
#7531=LINE('',#7528,#7530);
#7532=EDGE_CURVE('',#7504,#7409,#7531,.T.);
#7533=ORIENTED_EDGE('',*,*,#7532,.F.);
#7534=ORIENTED_EDGE('',*,*,#7509,.F.);
#7535=EDGE_LOOP('',(#7526,#7527,#7533,#7534));
#7536=FACE_BOUND('',#7535,.T.);
#7537=ADVANCED_FACE('',(#7536),#7525,.F.);
#7538=CARTESIAN_POINT('',(-6.749779888,11.202187743,-7.156218362));
#7539=DIRECTION('',(0.599784957,-0.76354574,-0.239282069));
#7540=DIRECTION('',(0.799873564,0.580151005,0.15371107));
#7541=AXIS2_PLACEMENT_3D('',#7538,#7539,#7540);
#7542=PLANE('',#7541);
#7543=CARTESIAN_POINT('',(-7.196416624,10.666709706,-6.567056049));
#7544=DIRECTION('',(0.282460968,0.481828855,-0.829491866));
#7545=VECTOR('',#7544,0.763762616);
#7546=LINE('',#7543,#7545);
#7547=EDGE_CURVE('',#7504,#7362,#7546,.T.);
#7548=ORIENTED_EDGE('',*,*,#7547,.T.);
#7549=ORIENTED_EDGE('',*,*,#7367,.T.);
#7550=CARTESIAN_POINT('',(-6.518876279,11.369662912,-7.111845799));
#7551=DIRECTION('',(0.322186612,-0.043275917,0.945686514));
#7552=VECTOR('',#7551,0.763762616);
#7553=LINE('',#7550,#7552);
#7554=EDGE_CURVE('',#7354,#7480,#7553,.T.);
#7555=ORIENTED_EDGE('',*,*,#7554,.T.);
#7556=ORIENTED_EDGE('',*,*,#7515,.T.);
#7557=EDGE_LOOP('',(#7548,#7549,#7555,#7556));
#7558=FACE_BOUND('',#7557,.T.);
#7559=ADVANCED_FACE('',(#7558),#7542,.T.);
#7560=CARTESIAN_POINT('',(-6.301189092,11.368555328,-7.30143587));
#7561=DIRECTION('',(-0.03461823,-0.998825036,-0.0339135));
#7562=DIRECTION('',(0.754090535,-0.003836782,-0.656759274));
#7563=AXIS2_PLACEMENT_3D('',#7560,#7561,#7562);
#7564=PLANE('',#7563);
#7565=ORIENTED_EDGE('',*,*,#7554,.F.);
#7566=ORIENTED_EDGE('',*,*,#7359,.T.);
#7567=CARTESIAN_POINT('',(-6.083501905,11.367447745,-7.491025942));
#7568=DIRECTION('',(0.892225476,-0.046176252,0.449223168));
#7569=VECTOR('',#7568,0.763762616);
#7570=LINE('',#7567,#7569);
#7571=EDGE_CURVE('',#7344,#7456,#7570,.T.);
#7572=ORIENTED_EDGE('',*,*,#7571,.T.);
#7573=ORIENTED_EDGE('',*,*,#7491,.T.);
#7574=EDGE_LOOP('',(#7565,#7566,#7572,#7573));
#7575=FACE_BOUND('',#7574,.T.);
#7576=ADVANCED_FACE('',(#7575),#7564,.T.);
#7577=CARTESIAN_POINT('',(-6.993899918,10.86612982,-7.434553562));
#7578=DIRECTION('',(0.945022815,-0.288288068,0.154343345));
#7579=DIRECTION('',(0.045783029,0.583987787,0.810470344));
#7580=AXIS2_PLACEMENT_3D('',#7577,#7578,#7579);
#7581=PLANE('',#7580);
#7582=ORIENTED_EDGE('',*,*,#7547,.F.);
#7583=ORIENTED_EDGE('',*,*,#7532,.T.);
#7584=CARTESIAN_POINT('',(-7.249282312,9.992378694,-7.502906592));
#7585=DIRECTION('',(0.317069685,0.923282127,-0.216833873));
#7586=VECTOR('',#7585,0.763762616);
#7587=LINE('',#7584,#7586);
#7588=EDGE_CURVE('',#7409,#7370,#7587,.T.);
#7589=ORIENTED_EDGE('',*,*,#7588,.T.);
#7590=ORIENTED_EDGE('',*,*,#7375,.T.);
#7591=EDGE_LOOP('',(#7582,#7583,#7589,#7590));
#7592=FACE_BOUND('',#7591,.T.);
#7593=ADVANCED_FACE('',(#7592),#7581,.T.);
#7594=CARTESIAN_POINT('',(-6.096718327,11.198864992,-7.724988578));
#7595=DIRECTION('',(-0.323783558,-0.758846661,0.565080484));
#7596=DIRECTION('',(-0.045783029,-0.583987787,-0.810470344));
#7597=AXIS2_PLACEMENT_3D('',#7594,#7595,#7596);
#7598=PLANE('',#7597);
#7599=ORIENTED_EDGE('',*,*,#7571,.F.);
#7600=ORIENTED_EDGE('',*,*,#7351,.T.);
#7601=CARTESIAN_POINT('',(-6.109934749,11.030282239,-7.958951214));
#7602=DIRECTION('',(0.857616759,-0.487629524,-0.163434825));
#7603=VECTOR('',#7602,0.763762616);
#7604=LINE('',#7601,#7603);
#7605=EDGE_CURVE('',#7346,#7432,#7604,.T.);
#7606=ORIENTED_EDGE('',*,*,#7605,.T.);
#7607=ORIENTED_EDGE('',*,*,#7467,.T.);
#7608=EDGE_LOOP('',(#7599,#7600,#7606,#7607));
#7609=FACE_BOUND('',#7608,.T.);
#7610=ADVANCED_FACE('',(#7609),#7598,.T.);
#7611=CARTESIAN_POINT('',(-6.789429154,10.696439484,-7.85810627));
#7612=DIRECTION('',(0.655857487,-0.048309693,0.753337329));
#7613=DIRECTION('',(-0.754090535,0.003836782,0.656759274));
#7614=AXIS2_PLACEMENT_3D('',#7611,#7612,#7613);
#7615=PLANE('',#7614);
#7616=ORIENTED_EDGE('',*,*,#7588,.F.);
#7617=ORIENTED_EDGE('',*,*,#7414,.T.);
#7618=CARTESIAN_POINT('',(-6.378533565,9.98794836,-8.261266879));
#7619=DIRECTION('',(-0.252969179,0.926182462,0.279629473));
#7620=VECTOR('',#7619,0.763762616);
#7621=LINE('',#7618,#7620);
#7622=EDGE_CURVE('',#7401,#7378,#7621,.T.);
#7623=ORIENTED_EDGE('',*,*,#7622,.T.);
#7624=ORIENTED_EDGE('',*,*,#7383,.T.);
#7625=EDGE_LOOP('',(#7616,#7617,#7623,#7624));
#7626=FACE_BOUND('',#7625,.T.);
#7627=ADVANCED_FACE('',(#7626),#7615,.T.);
#7628=CARTESIAN_POINT('',(-6.340838358,10.862807069,-8.003323777));
#7629=DIRECTION('',(0.0214543,-0.283588989,0.958705898));
#7630=DIRECTION('',(-0.799873564,-0.580151005,-0.15371107));
#7631=AXIS2_PLACEMENT_3D('',#7628,#7629,#7630);
#7632=PLANE('',#7631);
#7633=ORIENTED_EDGE('',*,*,#7605,.F.);
#7634=ORIENTED_EDGE('',*,*,#7389,.T.);
#7635=ORIENTED_EDGE('',*,*,#7622,.F.);
#7636=ORIENTED_EDGE('',*,*,#7443,.T.);
#7637=EDGE_LOOP('',(#7633,#7634,#7635,#7636));
#7638=FACE_BOUND('',#7637,.T.);
#7639=ADVANCED_FACE('',(#7638),#7632,.T.);
#7640=CARTESIAN_POINT('',(0.74298707,-12.806445281,-7.57977107));
#7641=DIRECTION('',(0.049864904,-0.859492972,-0.508709468));
#7642=DIRECTION('',(0.623023885,0.424862912,-0.656759274));
#7643=AXIS2_PLACEMENT_3D('',#7640,#7641,#7642);
#7644=PLANE('',#7643);
#7645=CARTESIAN_POINT('',(0.172829683,-12.786998184,-7.668516198));
#7646=VERTEX_POINT('',#7645);
#7647=CARTESIAN_POINT('',(0.532532691,-12.541703467,-8.047696341));
#7648=VERTEX_POINT('',#7647);
#7649=CARTESIAN_POINT('',(0.172829683,-12.786998184,-7.668516198));
#7650=DIRECTION('',(0.623023885,0.424862912,-0.656759274));
#7651=VECTOR('',#7650,0.577350269);
#7652=LINE('',#7649,#7651);
#7653=EDGE_CURVE('',#7646,#7648,#7652,.T.);
#7654=ORIENTED_EDGE('',*,*,#7653,.F.);
#7655=CARTESIAN_POINT('',(0.383284062,-13.051739998,-7.200590926));
#7656=VERTEX_POINT('',#7655);
#7657=CARTESIAN_POINT('',(0.383284062,-13.051739998,-7.200590926));
#7658=DIRECTION('',(-0.364517677,0.458546272,-0.810470344));
#7659=VECTOR('',#7658,0.577350269);
#7660=LINE('',#7657,#7659);
#7661=EDGE_CURVE('',#7656,#7646,#7660,.T.);
#7662=ORIENTED_EDGE('',*,*,#7661,.F.);
#7663=CARTESIAN_POINT('',(0.953441449,-13.071187095,-7.111845799));
#7664=VERTEX_POINT('',#7663);
#7665=CARTESIAN_POINT('',(0.953441449,-13.071187095,-7.111845799));
#7666=DIRECTION('',(-0.987541563,0.03368336,-0.15371107));
#7667=VECTOR('',#7666,0.577350269);
#7668=LINE('',#7665,#7667);
#7669=EDGE_CURVE('',#7664,#7656,#7668,.T.);
#7670=ORIENTED_EDGE('',*,*,#7669,.F.);
#7671=CARTESIAN_POINT('',(1.313144457,-12.825892378,-7.491025942));
#7672=VERTEX_POINT('',#7671);
#7673=CARTESIAN_POINT('',(1.313144457,-12.825892378,-7.491025942));
#7674=DIRECTION('',(-0.623023885,-0.424862912,0.656759274));
#7675=VECTOR('',#7674,0.577350269);
#7676=LINE('',#7673,#7675);
#7677=EDGE_CURVE('',#7672,#7664,#7676,.T.);
#7678=ORIENTED_EDGE('',*,*,#7677,.F.);
#7679=CARTESIAN_POINT('',(1.102690078,-12.561150565,-7.958951214));
#7680=VERTEX_POINT('',#7679);
#7681=CARTESIAN_POINT('',(1.102690078,-12.561150565,-7.958951214));
#7682=DIRECTION('',(0.364517677,-0.458546272,0.810470344));
#7683=VECTOR('',#7682,0.577350269);
#7684=LINE('',#7681,#7683);
#7685=EDGE_CURVE('',#7680,#7672,#7684,.T.);
#7686=ORIENTED_EDGE('',*,*,#7685,.F.);
#7687=CARTESIAN_POINT('',(0.532532691,-12.541703467,-8.047696341));
#7688=DIRECTION('',(0.987541563,-0.03368336,0.15371107));
#7689=VECTOR('',#7688,0.577350269);
#7690=LINE('',#7687,#7689);
#7691=EDGE_CURVE('',#7648,#7680,#7690,.T.);
#7692=ORIENTED_EDGE('',*,*,#7691,.F.);
#7693=EDGE_LOOP('',(#7654,#7662,#7670,#7678,#7686,#7692));
#7694=FACE_BOUND('',#7693,.T.);
#7695=ADVANCED_FACE('',(#7694),#7644,.F.);
#7696=CARTESIAN_POINT('',(1.044220059,-11.273145776,-5.423017804));
#7697=DIRECTION('',(0.780611766,-0.284188911,0.556670399));
#7698=DIRECTION('',(-0.049864904,0.859492972,0.508709468));
#7699=AXIS2_PLACEMENT_3D('',#7696,#7697,#7698);
#7700=PLANE('',#7699);
#7701=ORIENTED_EDGE('',*,*,#6790,.T.);
#7702=CARTESIAN_POINT('',(1.858369392,-12.41559299,-7.14792608));
#7703=VERTEX_POINT('',#7702);
#7704=CARTESIAN_POINT('',(1.78091936,-11.080630857,-6.357799927));
#7705=DIRECTION('',(0.049864904,-0.859492972,-0.508709468));
#7706=VECTOR('',#7705,1.553197265);
#7707=LINE('',#7704,#7706);
#7708=EDGE_CURVE('',#6769,#7703,#7707,.T.);
#7709=ORIENTED_EDGE('',*,*,#7708,.T.);
#7710=CARTESIAN_POINT('',(1.138963376,-12.906182423,-6.389565793));
#7711=VERTEX_POINT('',#7710);
#7712=CARTESIAN_POINT('',(1.138963376,-12.906182423,-6.389565793));
#7713=DIRECTION('',(0.623023885,0.424862912,-0.656759274));
#7714=VECTOR('',#7713,1.154700538);
#7715=LINE('',#7712,#7714);
#7716=EDGE_CURVE('',#7711,#7703,#7715,.T.);
#7717=ORIENTED_EDGE('',*,*,#7716,.F.);
#7718=CARTESIAN_POINT('',(1.061513344,-11.57122029,-5.599439639));
#7719=DIRECTION('',(0.049864904,-0.859492972,-0.508709468));
#7720=VECTOR('',#7719,1.553197265);
#7721=LINE('',#7718,#7720);
#7722=EDGE_CURVE('',#6781,#7711,#7721,.T.);
#7723=ORIENTED_EDGE('',*,*,#7722,.F.);
#7724=EDGE_LOOP('',(#7701,#7709,#7717,#7723));
#7725=FACE_BOUND('',#7724,.T.);
#7726=ADVANCED_FACE('',(#7725),#7700,.F.);
#7727=CARTESIAN_POINT('',(1.763626075,-10.782556343,-6.181378092));
#7728=DIRECTION('',(0.929860395,0.22584762,-0.290435016));
#7729=DIRECTION('',(-0.364517677,0.458546272,-0.810470344));
#7730=AXIS2_PLACEMENT_3D('',#7727,#7728,#7729);
#7731=PLANE('',#7730);
#7732=ORIENTED_EDGE('',*,*,#6778,.T.);
#7733=CARTESIAN_POINT('',(1.437460634,-11.886109362,-8.083776623));
#7734=VERTEX_POINT('',#7733);
#7735=CARTESIAN_POINT('',(1.360010602,-10.551147229,-7.293650469));
#7736=DIRECTION('',(0.049864904,-0.859492972,-0.508709468));
#7737=VECTOR('',#7736,1.553197265);
#7738=LINE('',#7735,#7737);
#7739=EDGE_CURVE('',#6757,#7734,#7738,.T.);
#7740=ORIENTED_EDGE('',*,*,#7739,.T.);
#7741=CARTESIAN_POINT('',(1.858369392,-12.41559299,-7.14792608));
#7742=DIRECTION('',(-0.364517677,0.458546272,-0.810470344));
#7743=VECTOR('',#7742,1.154700538);
#7744=LINE('',#7741,#7743);
#7745=EDGE_CURVE('',#7703,#7734,#7744,.T.);
#7746=ORIENTED_EDGE('',*,*,#7745,.F.);
#7747=ORIENTED_EDGE('',*,*,#7708,.F.);
#7748=EDGE_LOOP('',(#7732,#7740,#7746,#7747));
#7749=FACE_BOUND('',#7748,.T.);
#7750=ADVANCED_FACE('',(#7749),#7731,.F.);
#7751=CARTESIAN_POINT('',(1.342717316,-10.253072715,-7.117228635));
#7752=DIRECTION('',(0.149248629,0.510036531,-0.847105415));
#7753=DIRECTION('',(-0.987541563,0.03368336,-0.15371107));
#7754=AXIS2_PLACEMENT_3D('',#7751,#7752,#7753);
#7755=PLANE('',#7754);
#7756=ORIENTED_EDGE('',*,*,#6766,.T.);
#7757=CARTESIAN_POINT('',(0.29714586,-11.847215168,-8.261266879));
#7758=VERTEX_POINT('',#7757);
#7759=CARTESIAN_POINT('',(0.219695827,-10.512253035,-7.471140725));
#7760=DIRECTION('',(0.049864904,-0.859492972,-0.508709468));
#7761=VECTOR('',#7760,1.553197265);
#7762=LINE('',#7759,#7761);
#7763=EDGE_CURVE('',#6745,#7758,#7762,.T.);
#7764=ORIENTED_EDGE('',*,*,#7763,.T.);
#7765=CARTESIAN_POINT('',(1.437460634,-11.886109362,-8.083776623));
#7766=DIRECTION('',(-0.987541563,0.03368336,-0.15371107));
#7767=VECTOR('',#7766,1.154700538);
#7768=LINE('',#7765,#7767);
#7769=EDGE_CURVE('',#7734,#7758,#7768,.T.);
#7770=ORIENTED_EDGE('',*,*,#7769,.F.);
#7771=ORIENTED_EDGE('',*,*,#7739,.F.);
#7772=EDGE_LOOP('',(#7756,#7764,#7770,#7771));
#7773=FACE_BOUND('',#7772,.T.);
#7774=ADVANCED_FACE('',(#7773),#7755,.F.);
#7775=CARTESIAN_POINT('',(0.202402542,-10.214178521,-7.29471889));
#7776=DIRECTION('',(-0.780611766,0.284188911,-0.556670399));
#7777=DIRECTION('',(0.049864904,-0.859492972,-0.508709468));
#7778=AXIS2_PLACEMENT_3D('',#7775,#7776,#7777);
#7779=PLANE('',#7778);
#7780=ORIENTED_EDGE('',*,*,#6754,.T.);
#7781=CARTESIAN_POINT('',(-0.422260156,-12.337804601,-7.502906592));
#7782=VERTEX_POINT('',#7781);
#7783=CARTESIAN_POINT('',(-0.499710189,-11.002842468,-6.712780438));
#7784=DIRECTION('',(0.049864904,-0.859492972,-0.508709468));
#7785=VECTOR('',#7784,1.553197265);
#7786=LINE('',#7783,#7785);
#7787=EDGE_CURVE('',#6733,#7782,#7786,.T.);
#7788=ORIENTED_EDGE('',*,*,#7787,.T.);
#7789=CARTESIAN_POINT('',(0.29714586,-11.847215168,-8.261266879));
#7790=DIRECTION('',(-0.623023885,-0.424862912,0.656759274));
#7791=VECTOR('',#7790,1.154700538);
#7792=LINE('',#7789,#7791);
#7793=EDGE_CURVE('',#7758,#7782,#7792,.T.);
#7794=ORIENTED_EDGE('',*,*,#7793,.F.);
#7795=ORIENTED_EDGE('',*,*,#7763,.F.);
#7796=EDGE_LOOP('',(#7780,#7788,#7794,#7795));
#7797=FACE_BOUND('',#7796,.T.);
#7798=ADVANCED_FACE('',(#7797),#7779,.F.);
#7799=CARTESIAN_POINT('',(-0.517003474,-10.704767954,-6.536358603));
#7800=DIRECTION('',(-0.929860395,-0.22584762,0.290435016));
#7801=DIRECTION('',(0.364517677,-0.458546272,0.810470344));
#7802=AXIS2_PLACEMENT_3D('',#7799,#7800,#7801);
#7803=PLANE('',#7802);
#7804=ORIENTED_EDGE('',*,*,#6742,.T.);
#7805=CARTESIAN_POINT('',(-0.001351398,-12.867288229,-6.567056049));
#7806=VERTEX_POINT('',#7805);
#7807=CARTESIAN_POINT('',(-0.07880143,-11.532326096,-5.776929895));
#7808=DIRECTION('',(0.049864904,-0.859492972,-0.508709468));
#7809=VECTOR('',#7808,1.553197265);
#7810=LINE('',#7807,#7809);
#7811=EDGE_CURVE('',#6724,#7806,#7810,.T.);
#7812=ORIENTED_EDGE('',*,*,#7811,.T.);
#7813=CARTESIAN_POINT('',(-0.422260156,-12.337804601,-7.502906592));
#7814=DIRECTION('',(0.364517677,-0.458546272,0.810470344));
#7815=VECTOR('',#7814,1.154700538);
#7816=LINE('',#7813,#7815);
#7817=EDGE_CURVE('',#7782,#7806,#7816,.T.);
#7818=ORIENTED_EDGE('',*,*,#7817,.F.);
#7819=ORIENTED_EDGE('',*,*,#7787,.F.);
#7820=EDGE_LOOP('',(#7804,#7812,#7818,#7819));
#7821=FACE_BOUND('',#7820,.T.);
#7822=ADVANCED_FACE('',(#7821),#7803,.F.);
#7823=CARTESIAN_POINT('',(-0.096094716,-11.234251582,-5.60050806));
#7824=DIRECTION('',(-0.149248629,-0.510036531,0.847105415));
#7825=DIRECTION('',(0.987541563,-0.03368336,0.15371107));
#7826=AXIS2_PLACEMENT_3D('',#7823,#7824,#7825);
#7827=PLANE('',#7826);
#7828=ORIENTED_EDGE('',*,*,#6800,.T.);
#7829=ORIENTED_EDGE('',*,*,#7722,.T.);
#7830=CARTESIAN_POINT('',(-0.001351398,-12.867288229,-6.567056049));
#7831=DIRECTION('',(0.987541563,-0.03368336,0.15371107));
#7832=VECTOR('',#7831,1.154700538);
#7833=LINE('',#7830,#7832);
#7834=EDGE_CURVE('',#7806,#7711,#7833,.T.);
#7835=ORIENTED_EDGE('',*,*,#7834,.F.);
#7836=ORIENTED_EDGE('',*,*,#7811,.F.);
#7837=EDGE_LOOP('',(#7828,#7829,#7835,#7836));
#7838=FACE_BOUND('',#7837,.T.);
#7839=ADVANCED_FACE('',(#7838),#7827,.F.);
#7840=CARTESIAN_POINT('',(0.668362756,-13.061463546,-7.156218362));
#7841=DIRECTION('',(0.070274906,0.968403598,-0.239282069));
#7842=DIRECTION('',(-0.987541563,0.03368336,-0.15371107));
#7843=AXIS2_PLACEMENT_3D('',#7840,#7841,#7842);
#7844=PLANE('',#7843);
#7845=CARTESIAN_POINT('',(1.138963376,-12.906182423,-6.389565793));
#7846=DIRECTION('',(-0.242905221,-0.216041829,-0.945686514));
#7847=VECTOR('',#7846,0.763762616);
#7848=LINE('',#7845,#7847);
#7849=EDGE_CURVE('',#7711,#7664,#7848,.T.);
#7850=ORIENTED_EDGE('',*,*,#7849,.T.);
#7851=ORIENTED_EDGE('',*,*,#7669,.T.);
#7852=CARTESIAN_POINT('',(0.383284062,-13.051739998,-7.200590926));
#7853=DIRECTION('',(-0.503606032,0.241504056,0.829491866));
#7854=VECTOR('',#7853,0.763762616);
#7855=LINE('',#7852,#7854);
#7856=EDGE_CURVE('',#7656,#7806,#7855,.T.);
#7857=ORIENTED_EDGE('',*,*,#7856,.T.);
#7858=ORIENTED_EDGE('',*,*,#7834,.T.);
#7859=EDGE_LOOP('',(#7850,#7851,#7857,#7858));
#7860=FACE_BOUND('',#7859,.T.);
#7861=ADVANCED_FACE('',(#7860),#7844,.T.);
#7862=CARTESIAN_POINT('',(0.278056873,-12.919369091,-7.434553562));
#7863=DIRECTION('',(0.622250779,0.767451692,0.154343345));
#7864=DIRECTION('',(-0.364517677,0.458546272,-0.810470344));
#7865=AXIS2_PLACEMENT_3D('',#7862,#7863,#7864);
#7866=PLANE('',#7865);
#7867=ORIENTED_EDGE('',*,*,#7856,.F.);
#7868=ORIENTED_EDGE('',*,*,#7661,.T.);
#7869=CARTESIAN_POINT('',(0.172829683,-12.786998184,-7.668516198));
#7870=DIRECTION('',(-0.779155495,0.588132456,0.216833873));
#7871=VECTOR('',#7870,0.763762616);
#7872=LINE('',#7869,#7871);
#7873=EDGE_CURVE('',#7646,#7782,#7872,.T.);
#7874=ORIENTED_EDGE('',*,*,#7873,.T.);
#7875=ORIENTED_EDGE('',*,*,#7817,.T.);
#7876=EDGE_LOOP('',(#7867,#7868,#7874,#7875));
#7877=FACE_BOUND('',#7876,.T.);
#7878=ADVANCED_FACE('',(#7877),#7866,.T.);
#7879=CARTESIAN_POINT('',(1.133292953,-12.948539737,-7.30143587));
#7880=DIRECTION('',(-0.587235685,0.808705215,-0.0339135));
#7881=DIRECTION('',(-0.623023885,-0.424862912,0.656759274));
#7882=AXIS2_PLACEMENT_3D('',#7879,#7880,#7881);
#7883=PLANE('',#7882);
#7884=ORIENTED_EDGE('',*,*,#7849,.F.);
#7885=ORIENTED_EDGE('',*,*,#7716,.T.);
#7886=CARTESIAN_POINT('',(1.858369392,-12.41559299,-7.14792608));
#7887=DIRECTION('',(-0.71386701,-0.537208002,-0.449223168));
#7888=VECTOR('',#7887,0.763762616);
#7889=LINE('',#7886,#7888);
#7890=EDGE_CURVE('',#7703,#7672,#7889,.T.);
#7891=ORIENTED_EDGE('',*,*,#7890,.T.);
#7892=ORIENTED_EDGE('',*,*,#7677,.T.);
#7893=EDGE_LOOP('',(#7884,#7885,#7891,#7892));
#7894=FACE_BOUND('',#7893,.T.);
#7895=ADVANCED_FACE('',(#7894),#7883,.T.);
#7896=CARTESIAN_POINT('',(0.352681187,-12.664350826,-7.85810627));
#7897=DIRECTION('',(0.516716062,0.406801403,0.753337329));
#7898=DIRECTION('',(0.623023885,0.424862912,-0.656759274));
#7899=AXIS2_PLACEMENT_3D('',#7896,#7897,#7898);
#7900=PLANE('',#7899);
#7901=ORIENTED_EDGE('',*,*,#7873,.F.);
#7902=ORIENTED_EDGE('',*,*,#7653,.T.);
#7903=CARTESIAN_POINT('',(0.532532691,-12.541703467,-8.047696341));
#7904=DIRECTION('',(-0.308193706,0.909298629,-0.279629473));
#7905=VECTOR('',#7904,0.763762616);
#7906=LINE('',#7903,#7905);
#7907=EDGE_CURVE('',#7648,#7758,#7906,.T.);
#7908=ORIENTED_EDGE('',*,*,#7907,.T.);
#7909=ORIENTED_EDGE('',*,*,#7793,.T.);
#7910=EDGE_LOOP('',(#7901,#7902,#7908,#7909));
#7911=FACE_BOUND('',#7910,.T.);
#7912=ADVANCED_FACE('',(#7911),#7900,.T.);
#7913=CARTESIAN_POINT('',(1.207917268,-12.693521471,-7.724988578));
#7914=DIRECTION('',(-0.692770403,0.448054926,0.565080484));
#7915=DIRECTION('',(0.364517677,-0.458546272,0.810470344));
#7916=AXIS2_PLACEMENT_3D('',#7913,#7914,#7915);
#7917=PLANE('',#7916);
#7918=ORIENTED_EDGE('',*,*,#7890,.F.);
#7919=ORIENTED_EDGE('',*,*,#7745,.T.);
#7920=CARTESIAN_POINT('',(1.437460634,-11.886109362,-8.083776623));
#7921=DIRECTION('',(-0.438317547,-0.883836402,0.163434825));
#7922=VECTOR('',#7921,0.763762616);
#7923=LINE('',#7920,#7922);
#7924=EDGE_CURVE('',#7734,#7680,#7923,.T.);
#7925=ORIENTED_EDGE('',*,*,#7924,.T.);
#7926=ORIENTED_EDGE('',*,*,#7685,.T.);
#7927=EDGE_LOOP('',(#7918,#7919,#7925,#7926));
#7928=FACE_BOUND('',#7927,.T.);
#7929=ADVANCED_FACE('',(#7928),#7917,.T.);
#7930=CARTESIAN_POINT('',(0.817611385,-12.551427016,-8.003323777));
#7931=DIRECTION('',(-0.140794529,0.247103019,0.958705898));
#7932=DIRECTION('',(0.987541563,-0.03368336,0.15371107));
#7933=AXIS2_PLACEMENT_3D('',#7930,#7931,#7932);
#7934=PLANE('',#7933);
#7935=ORIENTED_EDGE('',*,*,#7907,.F.);
#7936=ORIENTED_EDGE('',*,*,#7691,.T.);
#7937=ORIENTED_EDGE('',*,*,#7924,.F.);
#7938=ORIENTED_EDGE('',*,*,#7769,.T.);
#7939=EDGE_LOOP('',(#7935,#7936,#7937,#7938));
#7940=FACE_BOUND('',#7939,.T.);
#7941=ADVANCED_FACE('',(#7940),#7934,.T.);
#7942=CARTESIAN_POINT('',(-0.078849078,-0.061504658,-18.2));
#7943=DIRECTION('',(-0.788490776,-0.61504658,0.));
#7944=DIRECTION('',(0.61504658,-0.788490776,0.));
#7945=AXIS2_PLACEMENT_3D('',#7942,#7943,#7944);
#7946=PLANE('',#7945);
#7947=CARTESIAN_POINT('',(1.7652653,-2.42566247,-17.8));
#7948=DIRECTION('',(0.61504658,-0.788490776,0.));
#7949=VECTOR('',#7948,6.328542052);
#7950=LINE('',#7947,#7949);
#7951=EDGE_CURVE('',#6594,#6668,#7950,.T.);
#7952=ORIENTED_EDGE('',*,*,#7951,.T.);
#7953=ORIENTED_EDGE('',*,*,#6673,.F.);
#7954=ORIENTED_EDGE('',*,*,#4500,.F.);
#7955=ORIENTED_EDGE('',*,*,#6606,.F.);
#7956=EDGE_LOOP('',(#7952,#7953,#7954,#7955));
#7957=FACE_BOUND('',#7956,.T.);
#7958=ADVANCED_FACE('',(#7957),#7946,.F.);
#7959=CARTESIAN_POINT('',(0.078849078,0.061504658,-18.2));
#7960=DIRECTION('',(-0.788490776,-0.61504658,0.));
#7961=DIRECTION('',(0.61504658,-0.788490776,0.));
#7962=AXIS2_PLACEMENT_3D('',#7959,#7960,#7961);
#7963=PLANE('',#7962);
#7964=ORIENTED_EDGE('',*,*,#6591,.T.);
#7965=ORIENTED_EDGE('',*,*,#4526,.T.);
#7966=ORIENTED_EDGE('',*,*,#6688,.T.);
#7967=CARTESIAN_POINT('',(1.922963455,-2.302653154,-17.8));
#7968=DIRECTION('',(0.61504658,-0.788490776,0.));
#7969=VECTOR('',#7968,6.328542052);
#7970=LINE('',#7967,#7969);
#7971=EDGE_CURVE('',#6586,#6676,#7970,.T.);
#7972=ORIENTED_EDGE('',*,*,#7971,.F.);
#7973=EDGE_LOOP('',(#7964,#7965,#7966,#7972));
#7974=FACE_BOUND('',#7973,.T.);
#7975=ADVANCED_FACE('',(#7974),#7963,.T.);
#7976=CARTESIAN_POINT('',(0.,-0.,-17.8));
#7977=DIRECTION('',(0.,-0.,-1.));
#7978=DIRECTION('',(0.61504658,-0.788490776,0.));
#7979=AXIS2_PLACEMENT_3D('',#7976,#7977,#7978);
#7980=PLANE('',#7979);
#7981=ORIENTED_EDGE('',*,*,#7971,.T.);
#7982=ORIENTED_EDGE('',*,*,#6682,.F.);
#7983=ORIENTED_EDGE('',*,*,#7951,.F.);
#7984=ORIENTED_EDGE('',*,*,#6600,.F.);
#7985=EDGE_LOOP('',(#7981,#7982,#7983,#7984));
#7986=FACE_BOUND('',#7985,.T.);
#7987=ADVANCED_FACE('',(#7986),#7980,.T.);
#7988=CARTESIAN_POINT('',(0.078967182,-0.061352948,-18.2));
#7989=DIRECTION('',(0.789671816,-0.613529481,0.));
#7990=DIRECTION('',(0.613529481,0.789671816,-0.));
#7991=AXIS2_PLACEMENT_3D('',#7988,#7989,#7990);
#7992=PLANE('',#7991);
#7993=ORIENTED_EDGE('',*,*,#4552,.F.);
#7994=ORIENTED_EDGE('',*,*,#6630,.F.);
#7995=CARTESIAN_POINT('',(1.91853279,2.306346013,-17.8));
#7996=DIRECTION('',(0.613529481,0.789671816,0.));
#7997=VECTOR('',#7996,6.313405605);
#7998=LINE('',#7995,#7997);
#7999=EDGE_CURVE('',#6618,#4909,#7998,.T.);
#8000=ORIENTED_EDGE('',*,*,#7999,.T.);
#8001=ORIENTED_EDGE('',*,*,#4914,.F.);
#8002=EDGE_LOOP('',(#7993,#7994,#8000,#8001));
#8003=FACE_BOUND('',#8002,.T.);
#8004=ADVANCED_FACE('',(#8003),#7992,.F.);
#8005=CARTESIAN_POINT('',(-0.078967182,0.061352948,-18.2));
#8006=DIRECTION('',(0.789671816,-0.613529481,0.));
#8007=DIRECTION('',(0.613529481,0.789671816,-0.));
#8008=AXIS2_PLACEMENT_3D('',#8005,#8006,#8007);
#8009=PLANE('',#8008);
#8010=ORIENTED_EDGE('',*,*,#4929,.T.);
#8011=CARTESIAN_POINT('',(1.760598427,2.429051909,-17.8));
#8012=DIRECTION('',(0.613529481,0.789671816,0.));
#8013=VECTOR('',#8012,6.313405605);
#8014=LINE('',#8011,#8013);
#8015=EDGE_CURVE('',#6610,#4917,#8014,.T.);
#8016=ORIENTED_EDGE('',*,*,#8015,.F.);
#8017=ORIENTED_EDGE('',*,*,#6615,.T.);
#8018=ORIENTED_EDGE('',*,*,#4576,.T.);
#8019=EDGE_LOOP('',(#8010,#8016,#8017,#8018));
#8020=FACE_BOUND('',#8019,.T.);
#8021=ADVANCED_FACE('',(#8020),#8009,.T.);
#8022=CARTESIAN_POINT('',(0.,-0.,-17.8));
#8023=DIRECTION('',(0.,-0.,-1.));
#8024=DIRECTION('',(0.61504658,-0.788490776,0.));
#8025=AXIS2_PLACEMENT_3D('',#8022,#8023,#8024);
#8026=PLANE('',#8025);
#8027=ORIENTED_EDGE('',*,*,#7999,.F.);
#8028=ORIENTED_EDGE('',*,*,#6624,.F.);
#8029=ORIENTED_EDGE('',*,*,#8015,.T.);
#8030=ORIENTED_EDGE('',*,*,#4923,.F.);
#8031=EDGE_LOOP('',(#8027,#8028,#8029,#8030));
#8032=FACE_BOUND('',#8031,.T.);
#8033=ADVANCED_FACE('',(#8032),#8026,.T.);
#8034=CARTESIAN_POINT('',(9.451685393,1.797752809,3.595505618));
#8035=DIRECTION('',(-0.317999364,0.423999152,0.847998304));
#8036=DIRECTION('',(0.,-0.894427191,0.447213595));
#8037=AXIS2_PLACEMENT_3D('',#8034,#8035,#8036);
#8038=PLANE('',#8037);
#8039=CARTESIAN_POINT('',(12.066044494,-0.,5.474766685));
#8040=DIRECTION('',(0.936329178,0.,0.351123442));
#8041=VECTOR('',#8040,3.026665807);
#8042=LINE('',#8039,#8041);
#8043=EDGE_CURVE('',#6386,#6051,#8042,.T.);
#8044=ORIENTED_EDGE('',*,*,#8043,.F.);
#8045=ORIENTED_EDGE('',*,*,#6392,.F.);
#8046=CARTESIAN_POINT('',(12.2818008,2.3704502,4.3704502));
#8047=CARTESIAN_POINT('',(14.9,3.025,5.025));
#8048=B_SPLINE_CURVE_WITH_KNOTS('',1,(#8046,#8047),.UNSPECIFIED.,.F.,.F.,(2,2),(-0.025,0.6295498),.UNSPECIFIED.);
#8049=EDGE_CURVE('',#6296,#6053,#8048,.T.);
#8050=ORIENTED_EDGE('',*,*,#8049,.T.);
#8051=ORIENTED_EDGE('',*,*,#6058,.F.);
#8052=EDGE_LOOP('',(#8044,#8045,#8050,#8051));
#8053=FACE_BOUND('',#8052,.T.);
#8054=ADVANCED_FACE('',(#8053),#8038,.F.);
#8055=CARTESIAN_POINT('',(9.451685393,-1.797752809,3.595505618));
#8056=DIRECTION('',(-0.317999364,-0.423999152,0.847998304));
#8057=DIRECTION('',(0.,-0.894427191,-0.447213595));
#8058=AXIS2_PLACEMENT_3D('',#8055,#8056,#8057);
#8059=PLANE('',#8058);
#8060=CARTESIAN_POINT('',(12.2818008,-2.3704502,4.3704502));
#8061=CARTESIAN_POINT('',(14.9,-3.025,5.025));
#8062=B_SPLINE_CURVE_WITH_KNOTS('',1,(#8060,#8061),.UNSPECIFIED.,.F.,.F.,(2,2),(0.3704502,1.025),.UNSPECIFIED.);
#8063=EDGE_CURVE('',#6404,#6112,#8062,.T.);
#8064=ORIENTED_EDGE('',*,*,#8063,.F.);
#8065=ORIENTED_EDGE('',*,*,#6410,.F.);
#8066=ORIENTED_EDGE('',*,*,#8043,.T.);
#8067=ORIENTED_EDGE('',*,*,#6142,.F.);
#8068=EDGE_LOOP('',(#8064,#8065,#8066,#8067));
#8069=FACE_BOUND('',#8068,.T.);
#8070=ADVANCED_FACE('',(#8069),#8059,.F.);
#8071=CARTESIAN_POINT('',(12.2818008,-2.3704502,4.3704502));
#8072=CARTESIAN_POINT('',(14.8,-3.,5.));
#8073=CARTESIAN_POINT('',(14.900000001,-3.025,5.025));
#8074=CARTESIAN_POINT('',(12.2818008,-2.3704502,2.913633467));
#8075=CARTESIAN_POINT('',(14.8,-3.,3.333333333));
#8076=CARTESIAN_POINT('',(14.900000001,-3.025,3.35));
#8077=CARTESIAN_POINT('',(12.2818008,-2.3704502,1.447983244));
#8078=CARTESIAN_POINT('',(14.8,-3.,1.74412027));
#8079=CARTESIAN_POINT('',(14.900000001,-3.025,1.755880143));
#8080=CARTESIAN_POINT('',(12.2818008,-2.3704502,-0.623087887));
#8081=CARTESIAN_POINT('',(14.8,-3.,-0.750519882));
#8082=CARTESIAN_POINT('',(14.900000001,-3.025,-0.755580323));
#8083=CARTESIAN_POINT('',(12.2818008,-2.113061536,-1.23993379));
#8084=CARTESIAN_POINT('',(14.8,-2.699975178,-1.527694883));
#8085=CARTESIAN_POINT('',(14.900000001,-2.723282057,-1.53912214));
#8086=CARTESIAN_POINT('',(12.2818008,-1.234971721,-2.11607146));
#8087=CARTESIAN_POINT('',(14.8,-1.597792045,-2.659093492));
#8088=CARTESIAN_POINT('',(14.900000001,-1.612199973,-2.680657395));
#8089=CARTESIAN_POINT('',(12.2818008,-0.619329673,-2.3704502));
#8090=CARTESIAN_POINT('',(14.8,-0.802837304,-3.));
#8091=CARTESIAN_POINT('',(14.900000001,-0.810124561,-3.025));
#8092=CARTESIAN_POINT('',(12.2818008,0.619329673,-2.3704502));
#8093=CARTESIAN_POINT('',(14.8,0.802837304,-3.));
#8094=CARTESIAN_POINT('',(14.900000001,0.810124561,-3.025));
#8095=CARTESIAN_POINT('',(12.2818008,1.234971721,-2.11607146));
#8096=CARTESIAN_POINT('',(14.8,1.597792045,-2.659093492));
#8097=CARTESIAN_POINT('',(14.900000001,1.612199973,-2.680657395));
#8098=CARTESIAN_POINT('',(12.2818008,2.113061536,-1.23993379));
#8099=CARTESIAN_POINT('',(14.8,2.699975178,-1.527694883));
#8100=CARTESIAN_POINT('',(14.900000001,2.723282057,-1.53912214));
#8101=CARTESIAN_POINT('',(12.2818008,2.3704502,-0.623087887));
#8102=CARTESIAN_POINT('',(14.8,3.,-0.750519882));
#8103=CARTESIAN_POINT('',(14.900000001,3.025,-0.755580323));
#8104=CARTESIAN_POINT('',(12.2818008,2.3704502,1.447983244));
#8105=CARTESIAN_POINT('',(14.8,3.,1.74412027));
#8106=CARTESIAN_POINT('',(14.900000001,3.025,1.755880143));
#8107=CARTESIAN_POINT('',(12.2818008,2.3704502,2.913633467));
#8108=CARTESIAN_POINT('',(14.8,3.,3.333333333));
#8109=CARTESIAN_POINT('',(14.900000001,3.025,3.35));
#8110=CARTESIAN_POINT('',(12.2818008,2.3704502,4.3704502));
#8111=CARTESIAN_POINT('',(14.8,3.,5.));
#8112=CARTESIAN_POINT('',(14.900000001,3.025,5.025));
#8113=B_SPLINE_SURFACE_WITH_KNOTS('',3,1,((#8071,#8072,#8073),(#8074,#8075,#8076),(#8077,#8078,#8079),(#8080,#8081,#8082),(#8083,#8084,#8085),(#8086,#8087,#8088),(#8089,#8090,#8091),(#8092,#8093,#8094),(#8095,#8096,#8097),(#8098,#8099,#8100),(#8101,#8102,#8103),(#8104,#8105,#8106),(#8107,#8108,#8109),(#8110,#8111,#8112)),.UNSPECIFIED.,.F.,.F.,.U.,(4,2,2,2,2,2,4),(2,1,2),(0.,0.268726388,0.384363194,0.5,0.615636806,0.731273612,1.),(0.3704502,1.,1.025),.UNSPECIFIED.);
#8114=ORIENTED_EDGE('',*,*,#8049,.F.);
#8115=ORIENTED_EDGE('',*,*,#6383,.F.);
#8116=ORIENTED_EDGE('',*,*,#6498,.F.);
#8117=ORIENTED_EDGE('',*,*,#8063,.T.);
#8118=ORIENTED_EDGE('',*,*,#6136,.F.);
#8119=ORIENTED_EDGE('',*,*,#6173,.T.);
#8120=ORIENTED_EDGE('',*,*,#6258,.F.);
#8121=ORIENTED_EDGE('',*,*,#6199,.F.);
#8122=ORIENTED_EDGE('',*,*,#6088,.F.);
#8123=EDGE_LOOP('',(#8114,#8115,#8116,#8117,#8118,#8119,#8120,#8121,#8122));
#8124=FACE_BOUND('',#8123,.T.);
#8125=ADVANCED_FACE('',(#8124),#8113,.F.);
#8126=CARTESIAN_POINT('',(6.224640612,-7.98,-18.));
#8127=DIRECTION('',(-0.,0.,1.));
#8128=DIRECTION('',(0.5,-0.866025404,0.));
#8129=AXIS2_PLACEMENT_3D('',#8126,#8127,#8128);
#8130=CYLINDRICAL_SURFACE('',#8129,3.);
#8131=ORIENTED_EDGE('',*,*,#3729,.F.);
#8132=ORIENTED_EDGE('',*,*,#631,.T.);
#8133=ORIENTED_EDGE('',*,*,#3690,.F.);
#8134=ORIENTED_EDGE('',*,*,#4452,.T.);
#8135=EDGE_LOOP('',(#8131,#8132,#8133,#8134));
#8136=FACE_BOUND('',#8135,.T.);
#8137=ADVANCED_FACE('',(#8136),#8130,.T.);
#8138=CARTESIAN_POINT('',(6.224640612,7.98,-18.));
#8139=DIRECTION('',(-0.,0.,1.));
#8140=DIRECTION('',(0.5,0.866025404,-0.));
#8141=AXIS2_PLACEMENT_3D('',#8138,#8139,#8140);
#8142=CYLINDRICAL_SURFACE('',#8141,3.);
#8143=ORIENTED_EDGE('',*,*,#4623,.F.);
#8144=ORIENTED_EDGE('',*,*,#446,.T.);
#8145=ORIENTED_EDGE('',*,*,#137,.T.);
#8146=ORIENTED_EDGE('',*,*,#4609,.T.);
#8147=ORIENTED_EDGE('',*,*,#4479,.F.);
#8148=EDGE_LOOP('',(#8143,#8144,#8145,#8146,#8147));
#8149=FACE_BOUND('',#8148,.T.);
#8150=ADVANCED_FACE('',(#8149),#8142,.T.);
#8151=CLOSED_SHELL('',(#229,#324,#1390,#3452,#3670,#3694,#3717,#3743,#3787,#3836,#3870,#3909,#3943,#3982,#4026,#4048,#4080,#4114,#4136,#4270,#4282,#4316,#4350,#4375,#4399,#4417,
#4430,#4580,#4597,#4613,#4630,#4644,#4656,#4696,#4719,#4736,#4753,#4766,#4806,#4829,#4847,#4864,#4876,#4893,#4934,#4966,#4998,#5038,#5093,#5132,#5156,
#5188,#5212,#5244,#5275,#5323,#5354,#5393,#5424,#5463,#5490,#5514,#5547,#5580,#5629,#5660,#5691,#5724,#5748,#5774,#5804,#5830,#5854,#5880,#5928,#5945,
#5962,#5981,#6000,#6022,#6044,#6146,#6160,#6185,#6210,#6264,#6278,#6570,#6635,#6652,#6693,#6807,#6921,#7035,#7091,#7122,#7146,#7170,#7194,#7218,#7235,
#7257,#7274,#7291,#7308,#7325,#7337,#7393,#7424,#7448,#7472,#7496,#7520,#7537,#7559,#7576,#7593,#7610,#7627,#7639,#7695,#7726,#7750,#7774,#7798,#7822,
#7839,#7861,#7878,#7895,#7912,#7929,#7941,#7958,#7975,#7987,#8004,#8021,#8033,#8054,#8070,#8125,#8137,#8150));
#8152=MANIFOLD_SOLID_BREP('right',#8151);
#26=STYLED_ITEM('',(),#8152);
#16=SHAPE_REPRESENTATION('right',(#15),#10);
#17=ADVANCED_BREP_SHAPE_REPRESENTATION('right',(#8152),#10);
#8160=SHAPE_REPRESENTATION_RELATIONSHIP('','',#16,#17);
#8161=APPLICATION_CONTEXT('configuration controlled 3D design of mechanical parts and assemblies');
#8162=APPLICATION_PROTOCOL_DEFINITION('international standard','configuration_control_3d_design_ed2_mim',2004,#8161);
#8163=PRODUCT_CONTEXT('',#8161,'mechanical');
#8164=PRODUCT_DEFINITION_CONTEXT('part definition',#8161,'design');
#24=PRODUCT('right','right','',(#8163));
#8165=PRODUCT_RELATED_PRODUCT_CATEGORY('part','',(#24));
#8166=PRODUCT_DEFINITION_FORMATION_WITH_SPECIFIED_SOURCE('','',#24,.NOT_KNOWN.);
#25=PRODUCT_DEFINITION('design','',#8166,#8164);
#23=PRODUCT_DEFINITION_SHAPE('','',#25);
#8167=SHAPE_DEFINITION_REPRESENTATION(#23,#16);
#11=DRAUGHTING_MODEL('',(),#10);
#1=MECHANICAL_DESIGN_GEOMETRIC_PRESENTATION_REPRESENTATION('',(#26),#10);
ENDSEC;
END-ISO-10303-21;
